2026-05-07 22:20:13,716 - GT23.BorderPanel - DEBUG - === _on_ratio_changed_aesthetic called ===
2026-05-07 22:20:13,716 - GT23.BorderPanel - DEBUG - Before: left=180, right=180, top=180, bottom=585
2026-05-07 22:20:13,716 - GT23.BorderPanel - DEBUG - v_offset=0, h_offset=0
2026-05-07 22:20:13,717 - GT23.BorderPanel - DEBUG - After preset: left=180, right=180, top=180, bottom=585
2026-05-07 22:20:13,717 - GT23.BorderPanel - DEBUG - _ratio_just_changed = True
2026-05-07 22:20:13,849 - GT23.BorderPanel - DEBUG - on_params_changed: is_offset=False, is_ratio_change=True
2026-05-07 22:20:13,849 - GT23.BorderPanel - DEBUG - v_offset: 0 -> 0, h_offset: 0 -> 0
2026-05-07 22:20:13,849 - GT23.BorderPanel - DEBUG - Processing ratio change (is_offset=False)
2026-05-07 22:20:13,849 - GT23.BorderPanel - DEBUG - _handle_ratio_locked_sync: ratio=原图, is_offset=False
2026-05-07 22:20:13,849 - GT23.BorderPanel - DEBUG - Input margins: l=180, r=180, t=180, b=585
2026-05-07 22:20:13,849 - GT23.BorderPanel - DEBUG - Final margins: left=180, right=180, top=180, bottom=585
2026-05-07 22:20:13,849 - GT23.BorderPanel - DEBUG - After ratio: left=180, right=180, top=180, bottom=585
2026-05-07 22:20:14,104 - GT23.BorderPanel - DEBUG - on_params_changed: is_offset=False, is_ratio_change=False
2026-05-07 22:20:14,104 - GT23.BorderPanel - DEBUG - v_offset: 0 -> 0, h_offset: 0 -> 0
2026-05-07 22:20:14,128 - GT23.BorderPanel - DEBUG - on_params_changed: is_offset=False, is_ratio_change=False
2026-05-07 22:20:14,128 - GT23.BorderPanel - DEBUG - v_offset: 0 -> 0, h_offset: 0 -> 0
2026-05-07 22:20:14,128 - GT23.BorderPanel - DEBUG - === _on_ratio_changed_aesthetic called ===
2026-05-07 22:20:14,128 - GT23.BorderPanel - DEBUG - Before: left=180, right=180, top=180, bottom=585
2026-05-07 22:20:14,128 - GT23.BorderPanel - DEBUG - v_offset=0, h_offset=0
2026-05-07 22:20:14,128 - GT23.BorderPanel - DEBUG - After preset: left=180, right=180, top=180, bottom=585
2026-05-07 22:20:14,128 - GT23.BorderPanel - DEBUG - _ratio_just_changed = True
2026-05-07 22:20:14,128 - GT23.BorderPanel - DEBUG - on_params_changed: is_offset=False, is_ratio_change=True
2026-05-07 22:20:14,128 - GT23.BorderPanel - DEBUG - v_offset: 0 -> 0, h_offset: 0 -> 0
2026-05-07 22:20:14,128 - GT23.BorderPanel - DEBUG - Processing ratio change (is_offset=False)
2026-05-07 22:20:14,128 - GT23.BorderPanel - DEBUG - _handle_ratio_locked_sync: ratio=原图, is_offset=False
2026-05-07 22:20:14,128 - GT23.BorderPanel - DEBUG - Input margins: l=180, r=180, t=180, b=585
2026-05-07 22:20:14,128 - GT23.BorderPanel - DEBUG - Final margins: left=180, right=180, top=180, bottom=585
2026-05-07 22:20:14,128 - GT23.BorderPanel - DEBUG - After ratio: left=180, right=180, top=180, bottom=585
2026-05-07 22:20:23,698 - GT23.BorderPanel - DEBUG - === _on_ratio_changed_aesthetic called ===
2026-05-07 22:20:23,698 - GT23.BorderPanel - DEBUG - Before: left=180, right=180, top=180, bottom=585
2026-05-07 22:20:23,698 - GT23.BorderPanel - DEBUG - v_offset=0, h_offset=0
2026-05-07 22:20:23,698 - GT23.BorderPanel - DEBUG - After preset: left=500, right=500, top=500, bottom=1200
2026-05-07 22:20:23,699 - GT23.BorderPanel - DEBUG - _ratio_just_changed = True
2026-05-07 22:20:23,699 - GT23.BorderPanel - DEBUG - on_params_changed: is_offset=False, is_ratio_change=True
2026-05-07 22:20:23,699 - GT23.BorderPanel - DEBUG - v_offset: 0 -> 0, h_offset: 0 -> 0
2026-05-07 22:20:23,699 - GT23.BorderPanel - DEBUG - Processing ratio change (is_offset=False)
2026-05-07 22:20:23,699 - GT23.BorderPanel - DEBUG - _handle_ratio_locked_sync: ratio=1:1, is_offset=False
2026-05-07 22:20:23,699 - GT23.BorderPanel - DEBUG - Input margins: l=500, r=500, t=500, b=1200
2026-05-07 22:20:23,699 - GT23.BorderPanel - DEBUG - Final margins: left=500, right=500, top=500, bottom=500
2026-05-07 22:20:23,699 - GT23.BorderPanel - DEBUG - After ratio: left=500, right=500, top=500, bottom=500
2026-05-07 22:20:23,700 - GT23.BorderPanel - DEBUG - on_params_changed: is_offset=False, is_ratio_change=False
2026-05-07 22:20:23,700 - GT23.BorderPanel - DEBUG - v_offset: 0 -> 0, h_offset: 0 -> 0
2026-05-07 22:20:26,301 - GT23.BorderPanel - DEBUG - === _on_ratio_changed_aesthetic called ===
2026-05-07 22:20:26,301 - GT23.BorderPanel - DEBUG - Before: left=500, right=500, top=500, bottom=500
2026-05-07 22:20:26,301 - GT23.BorderPanel - DEBUG - v_offset=0, h_offset=0
2026-05-07 22:20:26,302 - GT23.BorderPanel - DEBUG - After preset: left=400, right=400, top=400, bottom=1300
2026-05-07 22:20:26,302 - GT23.BorderPanel - DEBUG - _ratio_just_changed = True
2026-05-07 22:20:26,302 - GT23.BorderPanel - DEBUG - on_params_changed: is_offset=False, is_ratio_change=True
2026-05-07 22:20:26,302 - GT23.BorderPanel - DEBUG - v_offset: 0 -> 0, h_offset: 0 -> 0
2026-05-07 22:20:26,302 - GT23.BorderPanel - DEBUG - Processing ratio change (is_offset=False)
2026-05-07 22:20:26,302 - GT23.BorderPanel - DEBUG - _handle_ratio_locked_sync: ratio=3:4, is_offset=False
2026-05-07 22:20:26,302 - GT23.BorderPanel - DEBUG - Input margins: l=400, r=400, t=400, b=1300
2026-05-07 22:20:26,302 - GT23.BorderPanel - DEBUG - Final margins: left=400, right=400, top=400, bottom=2000
2026-05-07 22:20:26,302 - GT23.BorderPanel - DEBUG - After ratio: left=400, right=400, top=400, bottom=2000
2026-05-07 22:20:26,304 - GT23.BorderPanel - DEBUG - on_params_changed: is_offset=False, is_ratio_change=False
2026-05-07 22:20:26,304 - GT23.BorderPanel - DEBUG - v_offset: 0 -> 0, h_offset: 0 -> 0
2026-05-07 22:20:29,040 - GT23.BorderPanel - DEBUG - === _on_ratio_changed_aesthetic called ===
2026-05-07 22:20:29,040 - GT23.BorderPanel - DEBUG - Before: left=400, right=400, top=400, bottom=2000
2026-05-07 22:20:29,040 - GT23.BorderPanel - DEBUG - v_offset=0, h_offset=0
2026-05-07 22:20:29,040 - GT23.BorderPanel - DEBUG - After preset: left=350, right=350, top=350, bottom=1100
2026-05-07 22:20:29,040 - GT23.BorderPanel - DEBUG - _ratio_just_changed = True
2026-05-07 22:20:29,040 - GT23.BorderPanel - DEBUG - on_params_changed: is_offset=False, is_ratio_change=True
2026-05-07 22:20:29,040 - GT23.BorderPanel - DEBUG - v_offset: 0 -> 0, h_offset: 0 -> 0
2026-05-07 22:20:29,040 - GT23.BorderPanel - DEBUG - Processing ratio change (is_offset=False)
2026-05-07 22:20:29,040 - GT23.BorderPanel - DEBUG - _handle_ratio_locked_sync: ratio=5:7, is_offset=False
2026-05-07 22:20:29,040 - GT23.BorderPanel - DEBUG - Input margins: l=350, r=350, t=350, b=1100
2026-05-07 22:20:29,040 - GT23.BorderPanel - DEBUG - Final margins: left=350, right=350, top=350, bottom=2230
2026-05-07 22:20:29,040 - GT23.BorderPanel - DEBUG - After ratio: left=350, right=350, top=350, bottom=2230
2026-05-07 22:20:29,042 - GT23.BorderPanel - DEBUG - on_params_changed: is_offset=False, is_ratio_change=False
2026-05-07 22:20:29,042 - GT23.BorderPanel - DEBUG - v_offset: 0 -> 0, h_offset: 0 -> 0
2026-05-07 22:20:32,069 - GT23.BorderPanel - DEBUG - on_params_changed: is_offset=False, is_ratio_change=False
2026-05-07 22:20:32,069 - GT23.BorderPanel - DEBUG - v_offset: 0 -> 0, h_offset: 0 -> 0
2026-05-07 22:20:35,120 - GT23.BorderPanel - DEBUG - on_params_changed: is_offset=False, is_ratio_change=False
2026-05-07 22:20:35,120 - GT23.BorderPanel - DEBUG - v_offset: 0 -> 0, h_offset: 0 -> 0
2026-05-07 22:20:36,078 - GT23.BorderPanel - DEBUG - === _on_ratio_changed_aesthetic called ===
2026-05-07 22:20:36,078 - GT23.BorderPanel - DEBUG - Before: left=700, right=700, top=350, bottom=2230
2026-05-07 22:20:36,078 - GT23.BorderPanel - DEBUG - v_offset=0, h_offset=0
2026-05-07 22:20:36,078 - GT23.BorderPanel - DEBUG - After preset: left=500, right=500, top=500, bottom=1200
2026-05-07 22:20:36,078 - GT23.BorderPanel - DEBUG - _ratio_just_changed = True
2026-05-07 22:20:36,078 - GT23.BorderPanel - DEBUG - on_params_changed: is_offset=False, is_ratio_change=True
2026-05-07 22:20:36,078 - GT23.BorderPanel - DEBUG - v_offset: 0 -> 0, h_offset: 0 -> 0
2026-05-07 22:20:36,078 - GT23.BorderPanel - DEBUG - Processing ratio change (is_offset=False)
2026-05-07 22:20:36,079 - GT23.BorderPanel - DEBUG - _handle_ratio_locked_sync: ratio=1:1, is_offset=False
2026-05-07 22:20:36,079 - GT23.BorderPanel - DEBUG - Input margins: l=500, r=500, t=500, b=1200
2026-05-07 22:20:36,079 - GT23.BorderPanel - DEBUG - Final margins: left=500, right=500, top=500, bottom=500
2026-05-07 22:20:36,079 - GT23.BorderPanel - DEBUG - After ratio: left=500, right=500, top=500, bottom=500
2026-05-07 22:20:36,080 - GT23.BorderPanel - DEBUG - on_params_changed: is_offset=False, is_ratio_change=False
2026-05-07 22:20:36,080 - GT23.BorderPanel - DEBUG - v_offset: 0 -> 0, h_offset: 0 -> 0
2026-05-07 22:20:39,473 - GT23.BorderPanel - DEBUG - === _on_ratio_changed_aesthetic called ===
2026-05-07 22:20:39,473 - GT23.BorderPanel - DEBUG - Before: left=500, right=500, top=500, bottom=500
2026-05-07 22:20:39,473 - GT23.BorderPanel - DEBUG - v_offset=0, h_offset=0
2026-05-07 22:20:39,474 - GT23.BorderPanel - DEBUG - After preset: left=450, right=450, top=400, bottom=900
2026-05-07 22:20:39,474 - GT23.BorderPanel - DEBUG - _ratio_just_changed = True
2026-05-07 22:20:39,474 - GT23.BorderPanel - DEBUG - on_params_changed: is_offset=False, is_ratio_change=True
2026-05-07 22:20:39,474 - GT23.BorderPanel - DEBUG - v_offset: 0 -> 0, h_offset: 0 -> 0
2026-05-07 22:20:39,474 - GT23.BorderPanel - DEBUG - Processing ratio change (is_offset=False)
2026-05-07 22:20:39,474 - GT23.BorderPanel - DEBUG - _handle_ratio_locked_sync: ratio=4:3, is_offset=False
2026-05-07 22:20:39,474 - GT23.BorderPanel - DEBUG - Input margins: l=450, r=450, t=400, b=900
2026-05-07 22:20:39,474 - GT23.BorderPanel - DEBUG - Final margins: left=450, right=450, top=400, bottom=10
2026-05-07 22:20:39,474 - GT23.BorderPanel - DEBUG - After ratio: left=450, right=450, top=400, bottom=10
2026-05-07 22:20:39,475 - GT23.BorderPanel - DEBUG - on_params_changed: is_offset=False, is_ratio_change=False
2026-05-07 22:20:39,476 - GT23.BorderPanel - DEBUG - v_offset: 0 -> 0, h_offset: 0 -> 0
2026-05-07 22:20:41,452 - GT23.BorderPanel - DEBUG - === _on_ratio_changed_aesthetic called ===
2026-05-07 22:20:41,453 - GT23.BorderPanel - DEBUG - Before: left=450, right=450, top=400, bottom=10
2026-05-07 22:20:41,453 - GT23.BorderPanel - DEBUG - v_offset=0, h_offset=0
2026-05-07 22:20:41,453 - GT23.BorderPanel - DEBUG - After preset: left=350, right=350, top=350, bottom=1100
2026-05-07 22:20:41,453 - GT23.BorderPanel - DEBUG - _ratio_just_changed = True
2026-05-07 22:20:41,453 - GT23.BorderPanel - DEBUG - on_params_changed: is_offset=False, is_ratio_change=True
2026-05-07 22:20:41,453 - GT23.BorderPanel - DEBUG - v_offset: 0 -> 0, h_offset: 0 -> 0
2026-05-07 22:20:41,453 - GT23.BorderPanel - DEBUG - Processing ratio change (is_offset=False)
2026-05-07 22:20:41,453 - GT23.BorderPanel - DEBUG - _handle_ratio_locked_sync: ratio=5:7, is_offset=False
2026-05-07 22:20:41,453 - GT23.BorderPanel - DEBUG - Input margins: l=350, r=350, t=350, b=1100
2026-05-07 22:20:41,453 - GT23.BorderPanel - DEBUG - Final margins: left=350, right=350, top=350, bottom=2230
2026-05-07 22:20:41,453 - GT23.BorderPanel - DEBUG - After ratio: left=350, right=350, top=350, bottom=2230
2026-05-07 22:20:41,455 - GT23.BorderPanel - DEBUG - on_params_changed: is_offset=False, is_ratio_change=False
2026-05-07 22:20:41,455 - GT23.BorderPanel - DEBUG - v_offset: 0 -> 0, h_offset: 0 -> 0
2026-05-07 22:20:43,620 - GT23.BorderPanel - DEBUG - on_params_changed: is_offset=False, is_ratio_change=False
2026-05-07 22:20:43,620 - GT23.BorderPanel - DEBUG - v_offset: 0 -> 0, h_offset: 0 -> 0
2026-05-07 22:20:45,854 - GT23.BorderPanel - DEBUG - on_params_changed: is_offset=False, is_ratio_change=False
2026-05-07 22:20:45,854 - GT23.BorderPanel - DEBUG - v_offset: 0 -> 0, h_offset: 0 -> 0
2026-05-07 22:20:46,712 - GT23.BorderPanel - DEBUG - === _on_ratio_changed_aesthetic called ===
2026-05-07 22:20:46,712 - GT23.BorderPanel - DEBUG - Before: left=350, right=350, top=900, bottom=2230
2026-05-07 22:20:46,712 - GT23.BorderPanel - DEBUG - v_offset=0, h_offset=0
2026-05-07 22:20:46,713 - GT23.BorderPanel - DEBUG - After preset: left=300, right=300, top=600, bottom=2000
2026-05-07 22:20:46,713 - GT23.BorderPanel - DEBUG - _ratio_just_changed = True
2026-05-07 22:20:46,713 - GT23.BorderPanel - DEBUG - on_params_changed: is_offset=False, is_ratio_change=True
2026-05-07 22:20:46,713 - GT23.BorderPanel - DEBUG - v_offset: 0 -> 0, h_offset: 0 -> 0
2026-05-07 22:20:46,713 - GT23.BorderPanel - DEBUG - Processing ratio change (is_offset=False)
2026-05-07 22:20:46,713 - GT23.BorderPanel - DEBUG - _handle_ratio_locked_sync: ratio=9:16, is_offset=False
2026-05-07 22:20:46,713 - GT23.BorderPanel - DEBUG - Input margins: l=300, r=300, t=600, b=2000
2026-05-07 22:20:46,713 - GT23.BorderPanel - DEBUG - Final margins: left=300, right=300, top=600, bottom=3577
2026-05-07 22:20:46,713 - GT23.BorderPanel - DEBUG - After ratio: left=300, right=300, top=600, bottom=3577
2026-05-07 22:20:46,714 - GT23.BorderPanel - DEBUG - on_params_changed: is_offset=False, is_ratio_change=False
2026-05-07 22:20:46,715 - GT23.BorderPanel - DEBUG - v_offset: 0 -> 0, h_offset: 0 -> 0
2026-05-07 22:21:50,113 - GT23.BorderPanel - DEBUG - on_params_changed: is_offset=False, is_ratio_change=False
2026-05-07 22:21:50,113 - GT23.BorderPanel - DEBUG - v_offset: 0 -> 0, h_offset: 0 -> 0
2026-05-07 22:21:52,159 - GT23.BorderPanel - DEBUG - on_params_changed: is_offset=False, is_ratio_change=False
2026-05-07 22:21:52,159 - GT23.BorderPanel - DEBUG - v_offset: 0 -> 0, h_offset: 0 -> 0
2026-05-07 22:21:54,149 - GT23.BorderPanel - DEBUG - on_params_changed: is_offset=False, is_ratio_change=False
2026-05-07 22:21:54,149 - GT23.BorderPanel - DEBUG - v_offset: 0 -> 0, h_offset: 0 -> 0
2026-05-07 22:21:54,883 - GT23.BorderPanel - DEBUG - === _on_ratio_changed_aesthetic called ===
2026-05-07 22:21:54,883 - GT23.BorderPanel - DEBUG - Before: left=900, right=300, top=600, bottom=3577
2026-05-07 22:21:54,883 - GT23.BorderPanel - DEBUG - v_offset=0, h_offset=0
2026-05-07 22:21:54,883 - GT23.BorderPanel - DEBUG - After preset: left=400, right=400, top=400, bottom=1300
2026-05-07 22:21:54,883 - GT23.BorderPanel - DEBUG - _ratio_just_changed = True
2026-05-07 22:21:54,884 - GT23.BorderPanel - DEBUG - on_params_changed: is_offset=False, is_ratio_change=True
2026-05-07 22:21:54,884 - GT23.BorderPanel - DEBUG - v_offset: 0 -> 0, h_offset: 0 -> 0
2026-05-07 22:21:54,884 - GT23.BorderPanel - DEBUG - Processing ratio change (is_offset=False)
2026-05-07 22:21:54,884 - GT23.BorderPanel - DEBUG - _handle_ratio_locked_sync: ratio=3:4, is_offset=False
2026-05-07 22:21:54,884 - GT23.BorderPanel - DEBUG - Input margins: l=400, r=400, t=400, b=1300
2026-05-07 22:21:54,884 - GT23.BorderPanel - DEBUG - Final margins: left=400, right=400, top=400, bottom=2000
2026-05-07 22:21:54,884 - GT23.BorderPanel - DEBUG - After ratio: left=400, right=400, top=400, bottom=2000
2026-05-07 22:21:54,885 - GT23.BorderPanel - DEBUG - on_params_changed: is_offset=False, is_ratio_change=False
2026-05-07 22:21:54,885 - GT23.BorderPanel - DEBUG - v_offset: 0 -> 0, h_offset: 0 -> 0
2026-05-07 22:21:58,965 - GT23.BorderPanel - DEBUG - === _on_ratio_changed_aesthetic called ===
2026-05-07 22:21:58,965 - GT23.BorderPanel - DEBUG - Before: left=400, right=400, top=400, bottom=2000
2026-05-07 22:21:58,965 - GT23.BorderPanel - DEBUG - v_offset=0, h_offset=0
2026-05-07 22:21:58,966 - GT23.BorderPanel - DEBUG - After preset: left=300, right=300, top=500, bottom=950
2026-05-07 22:21:58,966 - GT23.BorderPanel - DEBUG - _ratio_just_changed = True
2026-05-07 22:21:58,967 - GT23.BorderPanel - DEBUG - on_params_changed: is_offset=False, is_ratio_change=True
2026-05-07 22:21:58,967 - GT23.BorderPanel - DEBUG - v_offset: 0 -> 0, h_offset: 0 -> 0
2026-05-07 22:21:58,967 - GT23.BorderPanel - DEBUG - Processing ratio change (is_offset=False)
2026-05-07 22:21:58,967 - GT23.BorderPanel - DEBUG - _handle_ratio_locked_sync: ratio=16:9, is_offset=False
2026-05-07 22:21:58,967 - GT23.BorderPanel - DEBUG - Input margins: l=300, r=300, t=500, b=950
2026-05-07 22:21:58,967 - GT23.BorderPanel - DEBUG - Final margins: left=300, right=300, top=500, bottom=10
2026-05-07 22:21:58,967 - GT23.BorderPanel - DEBUG - After ratio: left=300, right=300, top=500, bottom=10
2026-05-07 22:21:58,968 - GT23.BorderPanel - DEBUG - on_params_changed: is_offset=False, is_ratio_change=False
2026-05-07 22:21:58,968 - GT23.BorderPanel - DEBUG - v_offset: 0 -> 0, h_offset: 0 -> 0
2026-05-07 22:23:46,767 - GT23.BorderPanel - DEBUG - === _on_ratio_changed_aesthetic called ===
2026-05-07 22:23:46,768 - GT23.BorderPanel - DEBUG - Before: left=180, right=180, top=180, bottom=585
2026-05-07 22:23:46,768 - GT23.BorderPanel - DEBUG - v_offset=0, h_offset=0
2026-05-07 22:23:46,768 - GT23.BorderPanel - DEBUG - After preset: left=180, right=180, top=180, bottom=585
2026-05-07 22:23:46,768 - GT23.BorderPanel - DEBUG - _ratio_just_changed = True
2026-05-07 22:23:46,865 - GT23.BorderPanel - DEBUG - on_params_changed: is_offset=False, is_ratio_change=True
2026-05-07 22:23:46,865 - GT23.BorderPanel - DEBUG - v_offset: 0 -> 0, h_offset: 0 -> 0
2026-05-07 22:23:46,865 - GT23.BorderPanel - DEBUG - Processing ratio change (is_offset=False)
2026-05-07 22:23:46,865 - GT23.BorderPanel - DEBUG - _handle_ratio_locked_sync: ratio=原图, is_offset=False
2026-05-07 22:23:46,865 - GT23.BorderPanel - DEBUG - Input margins: l=180, r=180, t=180, b=585
2026-05-07 22:23:46,865 - GT23.BorderPanel - DEBUG - Final margins: left=180, right=180, top=180, bottom=585
2026-05-07 22:23:46,865 - GT23.BorderPanel - DEBUG - After ratio: left=180, right=180, top=180, bottom=585
2026-05-07 22:23:47,115 - GT23.BorderPanel - DEBUG - on_params_changed: is_offset=False, is_ratio_change=False
2026-05-07 22:23:47,115 - GT23.BorderPanel - DEBUG - v_offset: 0 -> 0, h_offset: 0 -> 0
2026-05-07 22:23:47,138 - GT23.BorderPanel - DEBUG - on_params_changed: is_offset=False, is_ratio_change=False
2026-05-07 22:23:47,138 - GT23.BorderPanel - DEBUG - v_offset: 0 -> 0, h_offset: 0 -> 0
2026-05-07 22:23:47,138 - GT23.BorderPanel - DEBUG - === _on_ratio_changed_aesthetic called ===
2026-05-07 22:23:47,138 - GT23.BorderPanel - DEBUG - Before: left=180, right=180, top=180, bottom=585
2026-05-07 22:23:47,138 - GT23.BorderPanel - DEBUG - v_offset=0, h_offset=0
2026-05-07 22:23:47,138 - GT23.BorderPanel - DEBUG - After preset: left=180, right=180, top=180, bottom=585
2026-05-07 22:23:47,139 - GT23.BorderPanel - DEBUG - _ratio_just_changed = True
2026-05-07 22:23:47,139 - GT23.BorderPanel - DEBUG - on_params_changed: is_offset=False, is_ratio_change=True
2026-05-07 22:23:47,139 - GT23.BorderPanel - DEBUG - v_offset: 0 -> 0, h_offset: 0 -> 0
2026-05-07 22:23:47,139 - GT23.BorderPanel - DEBUG - Processing ratio change (is_offset=False)
2026-05-07 22:23:47,139 - GT23.BorderPanel - DEBUG - _handle_ratio_locked_sync: ratio=原图, is_offset=False
2026-05-07 22:23:47,139 - GT23.BorderPanel - DEBUG - Input margins: l=180, r=180, t=180, b=585
2026-05-07 22:23:47,139 - GT23.BorderPanel - DEBUG - Final margins: left=180, right=180, top=180, bottom=585
2026-05-07 22:23:47,139 - GT23.BorderPanel - DEBUG - After ratio: left=180, right=180, top=180, bottom=585
2026-05-07 22:23:51,339 - GT23.BorderPanel - DEBUG - === _on_ratio_changed_aesthetic called ===
2026-05-07 22:23:51,340 - GT23.BorderPanel - DEBUG - Before: left=180, right=180, top=180, bottom=585
2026-05-07 22:23:51,340 - GT23.BorderPanel - DEBUG - v_offset=0, h_offset=0
2026-05-07 22:23:51,340 - GT23.BorderPanel - DEBUG - After preset: left=300, right=300, top=600, bottom=2000
2026-05-07 22:23:51,340 - GT23.BorderPanel - DEBUG - _ratio_just_changed = True
2026-05-07 22:23:51,340 - GT23.BorderPanel - DEBUG - on_params_changed: is_offset=False, is_ratio_change=True
2026-05-07 22:23:51,340 - GT23.BorderPanel - DEBUG - v_offset: 0 -> 0, h_offset: 0 -> 0
2026-05-07 22:23:51,340 - GT23.BorderPanel - DEBUG - Processing ratio change (is_offset=False)
2026-05-07 22:23:51,340 - GT23.BorderPanel - DEBUG - _handle_ratio_locked_sync: ratio=9:16, is_offset=False
2026-05-07 22:23:51,340 - GT23.BorderPanel - DEBUG - Input margins: l=300, r=300, t=600, b=2000
2026-05-07 22:23:51,340 - GT23.BorderPanel - DEBUG - Final margins (Offset-based): left=300, right=300, top=1088, bottom=3089
2026-05-07 22:23:51,340 - GT23.BorderPanel - DEBUG - After ratio: left=300, right=300, top=1088, bottom=3089
2026-05-07 22:23:51,342 - GT23.BorderPanel - DEBUG - on_params_changed: is_offset=False, is_ratio_change=False
2026-05-07 22:23:51,342 - GT23.BorderPanel - DEBUG - v_offset: 0 -> 0, h_offset: 0 -> 0
2026-05-07 22:23:53,917 - GT23.BorderPanel - DEBUG - === _on_ratio_changed_aesthetic called ===
2026-05-07 22:23:53,917 - GT23.BorderPanel - DEBUG - Before: left=300, right=300, top=1088, bottom=3089
2026-05-07 22:23:53,917 - GT23.BorderPanel - DEBUG - v_offset=0, h_offset=0
2026-05-07 22:23:53,917 - GT23.BorderPanel - DEBUG - After preset: left=300, right=300, top=500, bottom=950
2026-05-07 22:23:53,917 - GT23.BorderPanel - DEBUG - _ratio_just_changed = True
2026-05-07 22:23:53,917 - GT23.BorderPanel - DEBUG - on_params_changed: is_offset=False, is_ratio_change=True
2026-05-07 22:23:53,917 - GT23.BorderPanel - DEBUG - v_offset: 0 -> 0, h_offset: 0 -> 0
2026-05-07 22:23:53,917 - GT23.BorderPanel - DEBUG - Processing ratio change (is_offset=False)
2026-05-07 22:23:53,917 - GT23.BorderPanel - DEBUG - _handle_ratio_locked_sync: ratio=16:9, is_offset=False
2026-05-07 22:23:53,917 - GT23.BorderPanel - DEBUG - Input margins: l=300, r=300, t=500, b=950
2026-05-07 22:23:53,918 - GT23.BorderPanel - DEBUG - Final margins (Offset-based): left=2844, right=2844, top=270, bottom=1180
2026-05-07 22:23:53,918 - GT23.BorderPanel - DEBUG - After ratio: left=2844, right=2844, top=270, bottom=1180
2026-05-07 22:23:53,919 - GT23.BorderPanel - DEBUG - on_params_changed: is_offset=False, is_ratio_change=False
2026-05-07 22:23:53,919 - GT23.BorderPanel - DEBUG - v_offset: 0 -> 0, h_offset: 0 -> 0
2026-05-07 22:23:55,870 - GT23.BorderPanel - DEBUG - on_params_changed: is_offset=True, is_ratio_change=False
2026-05-07 22:23:55,870 - GT23.BorderPanel - DEBUG - v_offset: 0 -> 0, h_offset: 0 -> -2
2026-05-07 22:23:55,871 - GT23.BorderPanel - DEBUG - Processing offset change (is_offset=True)
2026-05-07 22:23:55,871 - GT23.BorderPanel - DEBUG - _handle_ratio_locked_sync: ratio=16:9, is_offset=True
2026-05-07 22:23:55,871 - GT23.BorderPanel - DEBUG - Input margins: l=2844, r=2844, t=270, b=1180
2026-05-07 22:23:55,871 - GT23.BorderPanel - DEBUG - Final margins (Offset-based): left=2901, right=2901, top=270, bottom=1180
2026-05-07 22:23:55,871 - GT23.BorderPanel - DEBUG - After offset: left=2901, right=2901, top=270, bottom=1180
2026-05-07 22:23:55,871 - GT23.BorderPanel - DEBUG - sync_lr disabled due to horizontal offset
2026-05-07 22:23:55,958 - GT23.BorderPanel - DEBUG - on_params_changed: is_offset=True, is_ratio_change=False
2026-05-07 22:23:55,959 - GT23.BorderPanel - DEBUG - v_offset: 0 -> 0, h_offset: -2 -> -4
2026-05-07 22:23:55,959 - GT23.BorderPanel - DEBUG - Processing offset change (is_offset=True)
2026-05-07 22:23:55,959 - GT23.BorderPanel - DEBUG - _handle_ratio_locked_sync: ratio=16:9, is_offset=True
2026-05-07 22:23:55,959 - GT23.BorderPanel - DEBUG - Input margins: l=2901, r=2901, t=270, b=1180
2026-05-07 22:23:55,960 - GT23.BorderPanel - DEBUG - Final margins (Offset-based): left=2784, right=3018, top=289, bottom=1224
2026-05-07 22:23:55,960 - GT23.BorderPanel - DEBUG - After offset: left=2784, right=3018, top=289, bottom=1224
2026-05-07 22:23:55,969 - GT23.BorderPanel - DEBUG - on_params_changed: is_offset=True, is_ratio_change=False
2026-05-07 22:23:55,969 - GT23.BorderPanel - DEBUG - v_offset: 0 -> 0, h_offset: -4 -> -8
2026-05-07 22:23:55,969 - GT23.BorderPanel - DEBUG - Processing offset change (is_offset=True)
2026-05-07 22:23:55,969 - GT23.BorderPanel - DEBUG - _handle_ratio_locked_sync: ratio=16:9, is_offset=True
2026-05-07 22:23:55,969 - GT23.BorderPanel - DEBUG - Input margins: l=2784, r=3018, t=289, b=1224
2026-05-07 22:23:55,969 - GT23.BorderPanel - DEBUG - Final margins (Offset-based): left=2668, right=3134, top=288, bottom=1225
2026-05-07 22:23:55,969 - GT23.BorderPanel - DEBUG - After offset: left=2668, right=3134, top=288, bottom=1225
2026-05-07 22:23:55,974 - GT23.BorderPanel - DEBUG - on_params_changed: is_offset=True, is_ratio_change=False
2026-05-07 22:23:55,974 - GT23.BorderPanel - DEBUG - v_offset: 0 -> 0, h_offset: -8 -> -13
2026-05-07 22:23:55,974 - GT23.BorderPanel - DEBUG - Processing offset change (is_offset=True)
2026-05-07 22:23:55,974 - GT23.BorderPanel - DEBUG - _handle_ratio_locked_sync: ratio=16:9, is_offset=True
2026-05-07 22:23:55,974 - GT23.BorderPanel - DEBUG - Input margins: l=2668, r=3134, t=288, b=1225
2026-05-07 22:23:55,974 - GT23.BorderPanel - DEBUG - Final margins (Offset-based): left=2523, right=3279, top=288, bottom=1225
2026-05-07 22:23:55,974 - GT23.BorderPanel - DEBUG - After offset: left=2523, right=3279, top=288, bottom=1225
2026-05-07 22:23:55,980 - GT23.BorderPanel - DEBUG - on_params_changed: is_offset=True, is_ratio_change=False
2026-05-07 22:23:55,980 - GT23.BorderPanel - DEBUG - v_offset: 0 -> 0, h_offset: -13 -> -17
2026-05-07 22:23:55,980 - GT23.BorderPanel - DEBUG - Processing offset change (is_offset=True)
2026-05-07 22:23:55,980 - GT23.BorderPanel - DEBUG - _handle_ratio_locked_sync: ratio=16:9, is_offset=True
2026-05-07 22:23:55,980 - GT23.BorderPanel - DEBUG - Input margins: l=2523, r=3279, t=288, b=1225
2026-05-07 22:23:55,981 - GT23.BorderPanel - DEBUG - Final margins (Offset-based): left=2407, right=3395, top=288, bottom=1225
2026-05-07 22:23:55,981 - GT23.BorderPanel - DEBUG - After offset: left=2407, right=3395, top=288, bottom=1225
2026-05-07 22:23:55,988 - GT23.BorderPanel - DEBUG - on_params_changed: is_offset=True, is_ratio_change=False
2026-05-07 22:23:55,988 - GT23.BorderPanel - DEBUG - v_offset: 0 -> 0, h_offset: -17 -> -24
2026-05-07 22:23:55,988 - GT23.BorderPanel - DEBUG - Processing offset change (is_offset=True)
2026-05-07 22:23:55,988 - GT23.BorderPanel - DEBUG - _handle_ratio_locked_sync: ratio=16:9, is_offset=True
2026-05-07 22:23:55,988 - GT23.BorderPanel - DEBUG - Input margins: l=2407, r=3395, t=288, b=1225
2026-05-07 22:23:55,989 - GT23.BorderPanel - DEBUG - Final margins (Offset-based): left=2204, right=3598, top=288, bottom=1225
2026-05-07 22:23:55,989 - GT23.BorderPanel - DEBUG - After offset: left=2204, right=3598, top=288, bottom=1225
2026-05-07 22:23:55,996 - GT23.BorderPanel - DEBUG - on_params_changed: is_offset=True, is_ratio_change=False
2026-05-07 22:23:55,996 - GT23.BorderPanel - DEBUG - v_offset: 0 -> 0, h_offset: -24 -> -27
2026-05-07 22:23:55,996 - GT23.BorderPanel - DEBUG - Processing offset change (is_offset=True)
2026-05-07 22:23:55,996 - GT23.BorderPanel - DEBUG - _handle_ratio_locked_sync: ratio=16:9, is_offset=True
2026-05-07 22:23:55,996 - GT23.BorderPanel - DEBUG - Input margins: l=2204, r=3598, t=288, b=1225
2026-05-07 22:23:55,996 - GT23.BorderPanel - DEBUG - Final margins (Offset-based): left=2117, right=3685, top=288, bottom=1225
2026-05-07 22:23:55,996 - GT23.BorderPanel - DEBUG - After offset: left=2117, right=3685, top=288, bottom=1225
2026-05-07 22:23:56,004 - GT23.BorderPanel - DEBUG - on_params_changed: is_offset=True, is_ratio_change=False
2026-05-07 22:23:56,004 - GT23.BorderPanel - DEBUG - v_offset: 0 -> 0, h_offset: -27 -> -33
2026-05-07 22:23:56,004 - GT23.BorderPanel - DEBUG - Processing offset change (is_offset=True)
2026-05-07 22:23:56,004 - GT23.BorderPanel - DEBUG - _handle_ratio_locked_sync: ratio=16:9, is_offset=True
2026-05-07 22:23:56,004 - GT23.BorderPanel - DEBUG - Input margins: l=2117, r=3685, t=288, b=1225
2026-05-07 22:23:56,005 - GT23.BorderPanel - DEBUG - Final margins (Offset-based): left=1943, right=3859, top=288, bottom=1225
2026-05-07 22:23:56,005 - GT23.BorderPanel - DEBUG - After offset: left=1943, right=3859, top=288, bottom=1225
2026-05-07 22:23:56,012 - GT23.BorderPanel - DEBUG - on_params_changed: is_offset=True, is_ratio_change=False
2026-05-07 22:23:56,012 - GT23.BorderPanel - DEBUG - v_offset: 0 -> 0, h_offset: -33 -> -38
2026-05-07 22:23:56,012 - GT23.BorderPanel - DEBUG - Processing offset change (is_offset=True)
2026-05-07 22:23:56,012 - GT23.BorderPanel - DEBUG - _handle_ratio_locked_sync: ratio=16:9, is_offset=True
2026-05-07 22:23:56,012 - GT23.BorderPanel - DEBUG - Input margins: l=1943, r=3859, t=288, b=1225
2026-05-07 22:23:56,013 - GT23.BorderPanel - DEBUG - Final margins (Offset-based): left=1798, right=4004, top=288, bottom=1225
2026-05-07 22:23:56,013 - GT23.BorderPanel - DEBUG - After offset: left=1798, right=4004, top=288, bottom=1225
2026-05-07 22:23:56,020 - GT23.BorderPanel - DEBUG - on_params_changed: is_offset=True, is_ratio_change=False
2026-05-07 22:23:56,020 - GT23.BorderPanel - DEBUG - v_offset: 0 -> 0, h_offset: -38 -> -44
2026-05-07 22:23:56,020 - GT23.BorderPanel - DEBUG - Processing offset change (is_offset=True)
2026-05-07 22:23:56,020 - GT23.BorderPanel - DEBUG - _handle_ratio_locked_sync: ratio=16:9, is_offset=True
2026-05-07 22:23:56,020 - GT23.BorderPanel - DEBUG - Input margins: l=1798, r=4004, t=288, b=1225
2026-05-07 22:23:56,021 - GT23.BorderPanel - DEBUG - Final margins (Offset-based): left=1624, right=4178, top=288, bottom=1225
2026-05-07 22:23:56,021 - GT23.BorderPanel - DEBUG - After offset: left=1624, right=4178, top=288, bottom=1225
2026-05-07 22:23:56,028 - GT23.BorderPanel - DEBUG - on_params_changed: is_offset=True, is_ratio_change=False
2026-05-07 22:23:56,028 - GT23.BorderPanel - DEBUG - v_offset: 0 -> 0, h_offset: -44 -> -49
2026-05-07 22:23:56,028 - GT23.BorderPanel - DEBUG - Processing offset change (is_offset=True)
2026-05-07 22:23:56,028 - GT23.BorderPanel - DEBUG - _handle_ratio_locked_sync: ratio=16:9, is_offset=True
2026-05-07 22:23:56,028 - GT23.BorderPanel - DEBUG - Input margins: l=1624, r=4178, t=288, b=1225
2026-05-07 22:23:56,028 - GT23.BorderPanel - DEBUG - Final margins (Offset-based): left=1479, right=4323, top=288, bottom=1225
2026-05-07 22:23:56,028 - GT23.BorderPanel - DEBUG - After offset: left=1479, right=4323, top=288, bottom=1225
2026-05-07 22:23:56,036 - GT23.BorderPanel - DEBUG - on_params_changed: is_offset=True, is_ratio_change=False
2026-05-07 22:23:56,036 - GT23.BorderPanel - DEBUG - v_offset: 0 -> 0, h_offset: -49 -> -53
2026-05-07 22:23:56,036 - GT23.BorderPanel - DEBUG - Processing offset change (is_offset=True)
2026-05-07 22:23:56,036 - GT23.BorderPanel - DEBUG - _handle_ratio_locked_sync: ratio=16:9, is_offset=True
2026-05-07 22:23:56,036 - GT23.BorderPanel - DEBUG - Input margins: l=1479, r=4323, t=288, b=1225
2026-05-07 22:23:56,037 - GT23.BorderPanel - DEBUG - Final margins (Offset-based): left=1363, right=4439, top=288, bottom=1225
2026-05-07 22:23:56,037 - GT23.BorderPanel - DEBUG - After offset: left=1363, right=4439, top=288, bottom=1225
2026-05-07 22:23:56,044 - GT23.BorderPanel - DEBUG - on_params_changed: is_offset=False, is_ratio_change=False
2026-05-07 22:23:56,044 - GT23.BorderPanel - DEBUG - v_offset: 0 -> 0, h_offset: -53 -> -53
2026-05-07 22:23:56,052 - GT23.BorderPanel - DEBUG - on_params_changed: is_offset=True, is_ratio_change=False
2026-05-07 22:23:56,052 - GT23.BorderPanel - DEBUG - v_offset: 0 -> 0, h_offset: -53 -> -56
2026-05-07 22:23:56,052 - GT23.BorderPanel - DEBUG - Processing offset change (is_offset=True)
2026-05-07 22:23:56,052 - GT23.BorderPanel - DEBUG - _handle_ratio_locked_sync: ratio=16:9, is_offset=True
2026-05-07 22:23:56,052 - GT23.BorderPanel - DEBUG - Input margins: l=1363, r=4439, t=288, b=1225
2026-05-07 22:23:56,053 - GT23.BorderPanel - DEBUG - Final margins (Offset-based): left=1276, right=4526, top=288, bottom=1225
2026-05-07 22:23:56,053 - GT23.BorderPanel - DEBUG - After offset: left=1276, right=4526, top=288, bottom=1225
2026-05-07 22:23:56,061 - GT23.BorderPanel - DEBUG - on_params_changed: is_offset=True, is_ratio_change=False
2026-05-07 22:23:56,061 - GT23.BorderPanel - DEBUG - v_offset: 0 -> 0, h_offset: -56 -> -57
2026-05-07 22:23:56,061 - GT23.BorderPanel - DEBUG - Processing offset change (is_offset=True)
2026-05-07 22:23:56,061 - GT23.BorderPanel - DEBUG - _handle_ratio_locked_sync: ratio=16:9, is_offset=True
2026-05-07 22:23:56,061 - GT23.BorderPanel - DEBUG - Input margins: l=1276, r=4526, t=288, b=1225
2026-05-07 22:23:56,061 - GT23.BorderPanel - DEBUG - Final margins (Offset-based): left=1247, right=4555, top=288, bottom=1225
2026-05-07 22:23:56,061 - GT23.BorderPanel - DEBUG - After offset: left=1247, right=4555, top=288, bottom=1225
2026-05-07 22:23:56,068 - GT23.BorderPanel - DEBUG - on_params_changed: is_offset=True, is_ratio_change=False
2026-05-07 22:23:56,068 - GT23.BorderPanel - DEBUG - v_offset: 0 -> 0, h_offset: -57 -> -58
2026-05-07 22:23:56,069 - GT23.BorderPanel - DEBUG - Processing offset change (is_offset=True)
2026-05-07 22:23:56,069 - GT23.BorderPanel - DEBUG - _handle_ratio_locked_sync: ratio=16:9, is_offset=True
2026-05-07 22:23:56,069 - GT23.BorderPanel - DEBUG - Input margins: l=1247, r=4555, t=288, b=1225
2026-05-07 22:23:56,069 - GT23.BorderPanel - DEBUG - Final margins (Offset-based): left=1218, right=4584, top=288, bottom=1225
2026-05-07 22:23:56,069 - GT23.BorderPanel - DEBUG - After offset: left=1218, right=4584, top=288, bottom=1225
2026-05-07 22:23:56,076 - GT23.BorderPanel - DEBUG - on_params_changed: is_offset=True, is_ratio_change=False
2026-05-07 22:23:56,076 - GT23.BorderPanel - DEBUG - v_offset: 0 -> 0, h_offset: -58 -> -60
2026-05-07 22:23:56,076 - GT23.BorderPanel - DEBUG - Processing offset change (is_offset=True)
2026-05-07 22:23:56,076 - GT23.BorderPanel - DEBUG - _handle_ratio_locked_sync: ratio=16:9, is_offset=True
2026-05-07 22:23:56,077 - GT23.BorderPanel - DEBUG - Input margins: l=1218, r=4584, t=288, b=1225
2026-05-07 22:23:56,077 - GT23.BorderPanel - DEBUG - Final margins (Offset-based): left=1160, right=4642, top=288, bottom=1225
2026-05-07 22:23:56,077 - GT23.BorderPanel - DEBUG - After offset: left=1160, right=4642, top=288, bottom=1225
2026-05-07 22:23:56,084 - GT23.BorderPanel - DEBUG - on_params_changed: is_offset=True, is_ratio_change=False
2026-05-07 22:23:56,084 - GT23.BorderPanel - DEBUG - v_offset: 0 -> 0, h_offset: -60 -> -62
2026-05-07 22:23:56,084 - GT23.BorderPanel - DEBUG - Processing offset change (is_offset=True)
2026-05-07 22:23:56,084 - GT23.BorderPanel - DEBUG - _handle_ratio_locked_sync: ratio=16:9, is_offset=True
2026-05-07 22:23:56,084 - GT23.BorderPanel - DEBUG - Input margins: l=1160, r=4642, t=288, b=1225
2026-05-07 22:23:56,085 - GT23.BorderPanel - DEBUG - Final margins (Offset-based): left=1102, right=4700, top=288, bottom=1225
2026-05-07 22:23:56,085 - GT23.BorderPanel - DEBUG - After offset: left=1102, right=4700, top=288, bottom=1225
2026-05-07 22:23:56,092 - GT23.BorderPanel - DEBUG - on_params_changed: is_offset=True, is_ratio_change=False
2026-05-07 22:23:56,092 - GT23.BorderPanel - DEBUG - v_offset: 0 -> 0, h_offset: -62 -> -65
2026-05-07 22:23:56,092 - GT23.BorderPanel - DEBUG - Processing offset change (is_offset=True)
2026-05-07 22:23:56,092 - GT23.BorderPanel - DEBUG - _handle_ratio_locked_sync: ratio=16:9, is_offset=True
2026-05-07 22:23:56,092 - GT23.BorderPanel - DEBUG - Input margins: l=1102, r=4700, t=288, b=1225
2026-05-07 22:23:56,093 - GT23.BorderPanel - DEBUG - Final margins (Offset-based): left=1015, right=4787, top=288, bottom=1225
2026-05-07 22:23:56,093 - GT23.BorderPanel - DEBUG - After offset: left=1015, right=4787, top=288, bottom=1225
2026-05-07 22:23:56,100 - GT23.BorderPanel - DEBUG - on_params_changed: is_offset=True, is_ratio_change=False
2026-05-07 22:23:56,100 - GT23.BorderPanel - DEBUG - v_offset: 0 -> 0, h_offset: -65 -> -66
2026-05-07 22:23:56,100 - GT23.BorderPanel - DEBUG - Processing offset change (is_offset=True)
2026-05-07 22:23:56,100 - GT23.BorderPanel - DEBUG - _handle_ratio_locked_sync: ratio=16:9, is_offset=True
2026-05-07 22:23:56,100 - GT23.BorderPanel - DEBUG - Input margins: l=1015, r=4787, t=288, b=1225
2026-05-07 22:23:56,100 - GT23.BorderPanel - DEBUG - Final margins (Offset-based): left=986, right=4816, top=288, bottom=1225
2026-05-07 22:23:56,100 - GT23.BorderPanel - DEBUG - After offset: left=986, right=4816, top=288, bottom=1225
2026-05-07 22:23:56,108 - GT23.BorderPanel - DEBUG - on_params_changed: is_offset=True, is_ratio_change=False
2026-05-07 22:23:56,108 - GT23.BorderPanel - DEBUG - v_offset: 0 -> 0, h_offset: -66 -> -69
2026-05-07 22:23:56,108 - GT23.BorderPanel - DEBUG - Processing offset change (is_offset=True)
2026-05-07 22:23:56,108 - GT23.BorderPanel - DEBUG - _handle_ratio_locked_sync: ratio=16:9, is_offset=True
2026-05-07 22:23:56,108 - GT23.BorderPanel - DEBUG - Input margins: l=986, r=4816, t=288, b=1225
2026-05-07 22:23:56,109 - GT23.BorderPanel - DEBUG - Final margins (Offset-based): left=899, right=4903, top=288, bottom=1225
2026-05-07 22:23:56,109 - GT23.BorderPanel - DEBUG - After offset: left=899, right=4903, top=288, bottom=1225
2026-05-07 22:23:56,116 - GT23.BorderPanel - DEBUG - on_params_changed: is_offset=True, is_ratio_change=False
2026-05-07 22:23:56,116 - GT23.BorderPanel - DEBUG - v_offset: 0 -> 0, h_offset: -69 -> -71
2026-05-07 22:23:56,116 - GT23.BorderPanel - DEBUG - Processing offset change (is_offset=True)
2026-05-07 22:23:56,116 - GT23.BorderPanel - DEBUG - _handle_ratio_locked_sync: ratio=16:9, is_offset=True
2026-05-07 22:23:56,116 - GT23.BorderPanel - DEBUG - Input margins: l=899, r=4903, t=288, b=1225
2026-05-07 22:23:56,117 - GT23.BorderPanel - DEBUG - Final margins (Offset-based): left=841, right=4961, top=288, bottom=1225
2026-05-07 22:23:56,117 - GT23.BorderPanel - DEBUG - After offset: left=841, right=4961, top=288, bottom=1225
2026-05-07 22:23:56,124 - GT23.BorderPanel - DEBUG - on_params_changed: is_offset=True, is_ratio_change=False
2026-05-07 22:23:56,124 - GT23.BorderPanel - DEBUG - v_offset: 0 -> 0, h_offset: -71 -> -73
2026-05-07 22:23:56,124 - GT23.BorderPanel - DEBUG - Processing offset change (is_offset=True)
2026-05-07 22:23:56,124 - GT23.BorderPanel - DEBUG - _handle_ratio_locked_sync: ratio=16:9, is_offset=True
2026-05-07 22:23:56,125 - GT23.BorderPanel - DEBUG - Input margins: l=841, r=4961, t=288, b=1225
2026-05-07 22:23:56,125 - GT23.BorderPanel - DEBUG - Final margins (Offset-based): left=783, right=5019, top=288, bottom=1225
2026-05-07 22:23:56,125 - GT23.BorderPanel - DEBUG - After offset: left=783, right=5019, top=288, bottom=1225
2026-05-07 22:23:56,132 - GT23.BorderPanel - DEBUG - on_params_changed: is_offset=True, is_ratio_change=False
2026-05-07 22:23:56,132 - GT23.BorderPanel - DEBUG - v_offset: 0 -> 0, h_offset: -73 -> -74
2026-05-07 22:23:56,133 - GT23.BorderPanel - DEBUG - Processing offset change (is_offset=True)
2026-05-07 22:23:56,133 - GT23.BorderPanel - DEBUG - _handle_ratio_locked_sync: ratio=16:9, is_offset=True
2026-05-07 22:23:56,133 - GT23.BorderPanel - DEBUG - Input margins: l=783, r=5019, t=288, b=1225
2026-05-07 22:23:56,133 - GT23.BorderPanel - DEBUG - Final margins (Offset-based): left=754, right=5048, top=288, bottom=1225
2026-05-07 22:23:56,133 - GT23.BorderPanel - DEBUG - After offset: left=754, right=5048, top=288, bottom=1225
2026-05-07 22:23:56,140 - GT23.BorderPanel - DEBUG - on_params_changed: is_offset=False, is_ratio_change=False
2026-05-07 22:23:56,140 - GT23.BorderPanel - DEBUG - v_offset: 0 -> 0, h_offset: -74 -> -74
2026-05-07 22:23:56,148 - GT23.BorderPanel - DEBUG - on_params_changed: is_offset=True, is_ratio_change=False
2026-05-07 22:23:56,148 - GT23.BorderPanel - DEBUG - v_offset: 0 -> 0, h_offset: -74 -> -77
2026-05-07 22:23:56,149 - GT23.BorderPanel - DEBUG - Processing offset change (is_offset=True)
2026-05-07 22:23:56,149 - GT23.BorderPanel - DEBUG - _handle_ratio_locked_sync: ratio=16:9, is_offset=True
2026-05-07 22:23:56,149 - GT23.BorderPanel - DEBUG - Input margins: l=754, r=5048, t=288, b=1225
2026-05-07 22:23:56,149 - GT23.BorderPanel - DEBUG - Final margins (Offset-based): left=667, right=5135, top=288, bottom=1225
2026-05-07 22:23:56,149 - GT23.BorderPanel - DEBUG - After offset: left=667, right=5135, top=288, bottom=1225
2026-05-07 22:23:58,799 - GT23.BorderPanel - DEBUG - on_params_changed: is_offset=True, is_ratio_change=False
2026-05-07 22:23:58,800 - GT23.BorderPanel - DEBUG - v_offset: 0 -> 0, h_offset: -77 -> -74
2026-05-07 22:23:58,800 - GT23.BorderPanel - DEBUG - Processing offset change (is_offset=True)
2026-05-07 22:23:58,800 - GT23.BorderPanel - DEBUG - _handle_ratio_locked_sync: ratio=16:9, is_offset=True
2026-05-07 22:23:58,800 - GT23.BorderPanel - DEBUG - Input margins: l=667, r=5135, t=288, b=1225
2026-05-07 22:23:58,801 - GT23.BorderPanel - DEBUG - Final margins (Offset-based): left=754, right=5048, top=288, bottom=1225
2026-05-07 22:23:58,801 - GT23.BorderPanel - DEBUG - After offset: left=754, right=5048, top=288, bottom=1225
2026-05-07 22:23:58,811 - GT23.BorderPanel - DEBUG - on_params_changed: is_offset=True, is_ratio_change=False
2026-05-07 22:23:58,811 - GT23.BorderPanel - DEBUG - v_offset: 0 -> 0, h_offset: -74 -> -70
2026-05-07 22:23:58,811 - GT23.BorderPanel - DEBUG - Processing offset change (is_offset=True)
2026-05-07 22:23:58,811 - GT23.BorderPanel - DEBUG - _handle_ratio_locked_sync: ratio=16:9, is_offset=True
2026-05-07 22:23:58,811 - GT23.BorderPanel - DEBUG - Input margins: l=754, r=5048, t=288, b=1225
2026-05-07 22:23:58,811 - GT23.BorderPanel - DEBUG - Final margins (Offset-based): left=870, right=4932, top=288, bottom=1225
2026-05-07 22:23:58,811 - GT23.BorderPanel - DEBUG - After offset: left=870, right=4932, top=288, bottom=1225
2026-05-07 22:23:58,813 - GT23.BorderPanel - DEBUG - on_params_changed: is_offset=True, is_ratio_change=False
2026-05-07 22:23:58,813 - GT23.BorderPanel - DEBUG - v_offset: 0 -> 0, h_offset: -70 -> -64
2026-05-07 22:23:58,813 - GT23.BorderPanel - DEBUG - Processing offset change (is_offset=True)
2026-05-07 22:23:58,813 - GT23.BorderPanel - DEBUG - _handle_ratio_locked_sync: ratio=16:9, is_offset=True
2026-05-07 22:23:58,813 - GT23.BorderPanel - DEBUG - Input margins: l=870, r=4932, t=288, b=1225
2026-05-07 22:23:58,813 - GT23.BorderPanel - DEBUG - Final margins (Offset-based): left=1044, right=4758, top=288, bottom=1225
2026-05-07 22:23:58,814 - GT23.BorderPanel - DEBUG - After offset: left=1044, right=4758, top=288, bottom=1225
2026-05-07 22:23:58,821 - GT23.BorderPanel - DEBUG - on_params_changed: is_offset=True, is_ratio_change=False
2026-05-07 22:23:58,821 - GT23.BorderPanel - DEBUG - v_offset: 0 -> 0, h_offset: -64 -> -60
2026-05-07 22:23:58,821 - GT23.BorderPanel - DEBUG - Processing offset change (is_offset=True)
2026-05-07 22:23:58,821 - GT23.BorderPanel - DEBUG - _handle_ratio_locked_sync: ratio=16:9, is_offset=True
2026-05-07 22:23:58,821 - GT23.BorderPanel - DEBUG - Input margins: l=1044, r=4758, t=288, b=1225
2026-05-07 22:23:58,821 - GT23.BorderPanel - DEBUG - Final margins (Offset-based): left=1160, right=4642, top=288, bottom=1225
2026-05-07 22:23:58,821 - GT23.BorderPanel - DEBUG - After offset: left=1160, right=4642, top=288, bottom=1225
2026-05-07 22:23:58,829 - GT23.BorderPanel - DEBUG - on_params_changed: is_offset=True, is_ratio_change=False
2026-05-07 22:23:58,829 - GT23.BorderPanel - DEBUG - v_offset: 0 -> 0, h_offset: -60 -> -54
2026-05-07 22:23:58,829 - GT23.BorderPanel - DEBUG - Processing offset change (is_offset=True)
2026-05-07 22:23:58,829 - GT23.BorderPanel - DEBUG - _handle_ratio_locked_sync: ratio=16:9, is_offset=True
2026-05-07 22:23:58,829 - GT23.BorderPanel - DEBUG - Input margins: l=1160, r=4642, t=288, b=1225
2026-05-07 22:23:58,829 - GT23.BorderPanel - DEBUG - Final margins (Offset-based): left=1334, right=4468, top=288, bottom=1225
2026-05-07 22:23:58,830 - GT23.BorderPanel - DEBUG - After offset: left=1334, right=4468, top=288, bottom=1225
2026-05-07 22:23:58,837 - GT23.BorderPanel - DEBUG - on_params_changed: is_offset=True, is_ratio_change=False
2026-05-07 22:23:58,837 - GT23.BorderPanel - DEBUG - v_offset: 0 -> 0, h_offset: -54 -> -47
2026-05-07 22:23:58,837 - GT23.BorderPanel - DEBUG - Processing offset change (is_offset=True)
2026-05-07 22:23:58,837 - GT23.BorderPanel - DEBUG - _handle_ratio_locked_sync: ratio=16:9, is_offset=True
2026-05-07 22:23:58,837 - GT23.BorderPanel - DEBUG - Input margins: l=1334, r=4468, t=288, b=1225
2026-05-07 22:23:58,838 - GT23.BorderPanel - DEBUG - Final margins (Offset-based): left=1537, right=4265, top=288, bottom=1225
2026-05-07 22:23:58,838 - GT23.BorderPanel - DEBUG - After offset: left=1537, right=4265, top=288, bottom=1225
2026-05-07 22:23:58,845 - GT23.BorderPanel - DEBUG - on_params_changed: is_offset=True, is_ratio_change=False
2026-05-07 22:23:58,845 - GT23.BorderPanel - DEBUG - v_offset: 0 -> 0, h_offset: -47 -> -42
2026-05-07 22:23:58,845 - GT23.BorderPanel - DEBUG - Processing offset change (is_offset=True)
2026-05-07 22:23:58,845 - GT23.BorderPanel - DEBUG - _handle_ratio_locked_sync: ratio=16:9, is_offset=True
2026-05-07 22:23:58,845 - GT23.BorderPanel - DEBUG - Input margins: l=1537, r=4265, t=288, b=1225
2026-05-07 22:23:58,846 - GT23.BorderPanel - DEBUG - Final margins (Offset-based): left=1682, right=4120, top=288, bottom=1225
2026-05-07 22:23:58,846 - GT23.BorderPanel - DEBUG - After offset: left=1682, right=4120, top=288, bottom=1225
2026-05-07 22:23:58,853 - GT23.BorderPanel - DEBUG - on_params_changed: is_offset=True, is_ratio_change=False
2026-05-07 22:23:58,853 - GT23.BorderPanel - DEBUG - v_offset: 0 -> 0, h_offset: -42 -> -35
2026-05-07 22:23:58,853 - GT23.BorderPanel - DEBUG - Processing offset change (is_offset=True)
2026-05-07 22:23:58,853 - GT23.BorderPanel - DEBUG - _handle_ratio_locked_sync: ratio=16:9, is_offset=True
2026-05-07 22:23:58,853 - GT23.BorderPanel - DEBUG - Input margins: l=1682, r=4120, t=288, b=1225
2026-05-07 22:23:58,854 - GT23.BorderPanel - DEBUG - Final margins (Offset-based): left=1885, right=3917, top=288, bottom=1225
2026-05-07 22:23:58,854 - GT23.BorderPanel - DEBUG - After offset: left=1885, right=3917, top=288, bottom=1225
2026-05-07 22:23:58,861 - GT23.BorderPanel - DEBUG - on_params_changed: is_offset=True, is_ratio_change=False
2026-05-07 22:23:58,861 - GT23.BorderPanel - DEBUG - v_offset: 0 -> 0, h_offset: -35 -> -28
2026-05-07 22:23:58,861 - GT23.BorderPanel - DEBUG - Processing offset change (is_offset=True)
2026-05-07 22:23:58,861 - GT23.BorderPanel - DEBUG - _handle_ratio_locked_sync: ratio=16:9, is_offset=True
2026-05-07 22:23:58,861 - GT23.BorderPanel - DEBUG - Input margins: l=1885, r=3917, t=288, b=1225
2026-05-07 22:23:58,862 - GT23.BorderPanel - DEBUG - Final margins (Offset-based): left=2088, right=3714, top=288, bottom=1225
2026-05-07 22:23:58,862 - GT23.BorderPanel - DEBUG - After offset: left=2088, right=3714, top=288, bottom=1225
2026-05-07 22:23:58,869 - GT23.BorderPanel - DEBUG - on_params_changed: is_offset=True, is_ratio_change=False
2026-05-07 22:23:58,869 - GT23.BorderPanel - DEBUG - v_offset: 0 -> 0, h_offset: -28 -> -25
2026-05-07 22:23:58,869 - GT23.BorderPanel - DEBUG - Processing offset change (is_offset=True)
2026-05-07 22:23:58,869 - GT23.BorderPanel - DEBUG - _handle_ratio_locked_sync: ratio=16:9, is_offset=True
2026-05-07 22:23:58,869 - GT23.BorderPanel - DEBUG - Input margins: l=2088, r=3714, t=288, b=1225
2026-05-07 22:23:58,869 - GT23.BorderPanel - DEBUG - Final margins (Offset-based): left=2175, right=3627, top=288, bottom=1225
2026-05-07 22:23:58,869 - GT23.BorderPanel - DEBUG - After offset: left=2175, right=3627, top=288, bottom=1225
2026-05-07 22:23:58,877 - GT23.BorderPanel - DEBUG - on_params_changed: is_offset=True, is_ratio_change=False
2026-05-07 22:23:58,877 - GT23.BorderPanel - DEBUG - v_offset: 0 -> 0, h_offset: -25 -> -21
2026-05-07 22:23:58,877 - GT23.BorderPanel - DEBUG - Processing offset change (is_offset=True)
2026-05-07 22:23:58,877 - GT23.BorderPanel - DEBUG - _handle_ratio_locked_sync: ratio=16:9, is_offset=True
2026-05-07 22:23:58,877 - GT23.BorderPanel - DEBUG - Input margins: l=2175, r=3627, t=288, b=1225
2026-05-07 22:23:58,878 - GT23.BorderPanel - DEBUG - Final margins (Offset-based): left=2291, right=3511, top=288, bottom=1225
2026-05-07 22:23:58,878 - GT23.BorderPanel - DEBUG - After offset: left=2291, right=3511, top=288, bottom=1225
2026-05-07 22:23:58,885 - GT23.BorderPanel - DEBUG - on_params_changed: is_offset=True, is_ratio_change=False
2026-05-07 22:23:58,885 - GT23.BorderPanel - DEBUG - v_offset: 0 -> 0, h_offset: -21 -> -16
2026-05-07 22:23:58,885 - GT23.BorderPanel - DEBUG - Processing offset change (is_offset=True)
2026-05-07 22:23:58,885 - GT23.BorderPanel - DEBUG - _handle_ratio_locked_sync: ratio=16:9, is_offset=True
2026-05-07 22:23:58,885 - GT23.BorderPanel - DEBUG - Input margins: l=2291, r=3511, t=288, b=1225
2026-05-07 22:23:58,886 - GT23.BorderPanel - DEBUG - Final margins (Offset-based): left=2436, right=3366, top=288, bottom=1225
2026-05-07 22:23:58,886 - GT23.BorderPanel - DEBUG - After offset: left=2436, right=3366, top=288, bottom=1225
2026-05-07 22:23:58,893 - GT23.BorderPanel - DEBUG - on_params_changed: is_offset=True, is_ratio_change=False
2026-05-07 22:23:58,893 - GT23.BorderPanel - DEBUG - v_offset: 0 -> 0, h_offset: -16 -> -9
2026-05-07 22:23:58,893 - GT23.BorderPanel - DEBUG - Processing offset change (is_offset=True)
2026-05-07 22:23:58,893 - GT23.BorderPanel - DEBUG - _handle_ratio_locked_sync: ratio=16:9, is_offset=True
2026-05-07 22:23:58,893 - GT23.BorderPanel - DEBUG - Input margins: l=2436, r=3366, t=288, b=1225
2026-05-07 22:23:58,894 - GT23.BorderPanel - DEBUG - Final margins (Offset-based): left=2639, right=3163, top=288, bottom=1225
2026-05-07 22:23:58,894 - GT23.BorderPanel - DEBUG - After offset: left=2639, right=3163, top=288, bottom=1225
2026-05-07 22:23:58,901 - GT23.BorderPanel - DEBUG - on_params_changed: is_offset=True, is_ratio_change=False
2026-05-07 22:23:58,901 - GT23.BorderPanel - DEBUG - v_offset: 0 -> 0, h_offset: -9 -> -2
2026-05-07 22:23:58,901 - GT23.BorderPanel - DEBUG - Processing offset change (is_offset=True)
2026-05-07 22:23:58,901 - GT23.BorderPanel - DEBUG - _handle_ratio_locked_sync: ratio=16:9, is_offset=True
2026-05-07 22:23:58,901 - GT23.BorderPanel - DEBUG - Input margins: l=2639, r=3163, t=288, b=1225
2026-05-07 22:23:58,902 - GT23.BorderPanel - DEBUG - Final margins (Offset-based): left=2842, right=2960, top=288, bottom=1225
2026-05-07 22:23:58,902 - GT23.BorderPanel - DEBUG - After offset: left=2842, right=2960, top=288, bottom=1225
2026-05-07 22:23:58,910 - GT23.BorderPanel - DEBUG - on_params_changed: is_offset=True, is_ratio_change=False
2026-05-07 22:23:58,910 - GT23.BorderPanel - DEBUG - v_offset: 0 -> 0, h_offset: -2 -> 3
2026-05-07 22:23:58,910 - GT23.BorderPanel - DEBUG - Processing offset change (is_offset=True)
2026-05-07 22:23:58,910 - GT23.BorderPanel - DEBUG - _handle_ratio_locked_sync: ratio=16:9, is_offset=True
2026-05-07 22:23:58,910 - GT23.BorderPanel - DEBUG - Input margins: l=2842, r=2960, t=288, b=1225
2026-05-07 22:23:58,910 - GT23.BorderPanel - DEBUG - Final margins (Offset-based): left=2988, right=2814, top=288, bottom=1225
2026-05-07 22:23:58,910 - GT23.BorderPanel - DEBUG - After offset: left=2988, right=2814, top=288, bottom=1225
2026-05-07 22:23:58,917 - GT23.BorderPanel - DEBUG - on_params_changed: is_offset=True, is_ratio_change=False
2026-05-07 22:23:58,917 - GT23.BorderPanel - DEBUG - v_offset: 0 -> 0, h_offset: 3 -> 10
2026-05-07 22:23:58,917 - GT23.BorderPanel - DEBUG - Processing offset change (is_offset=True)
2026-05-07 22:23:58,917 - GT23.BorderPanel - DEBUG - _handle_ratio_locked_sync: ratio=16:9, is_offset=True
2026-05-07 22:23:58,918 - GT23.BorderPanel - DEBUG - Input margins: l=2988, r=2814, t=288, b=1225
2026-05-07 22:23:58,918 - GT23.BorderPanel - DEBUG - Final margins (Offset-based): left=3191, right=2611, top=288, bottom=1225
2026-05-07 22:23:58,918 - GT23.BorderPanel - DEBUG - After offset: left=3191, right=2611, top=288, bottom=1225
2026-05-07 22:23:58,925 - GT23.BorderPanel - DEBUG - on_params_changed: is_offset=True, is_ratio_change=False
2026-05-07 22:23:58,926 - GT23.BorderPanel - DEBUG - v_offset: 0 -> 0, h_offset: 10 -> 17
2026-05-07 22:23:58,926 - GT23.BorderPanel - DEBUG - Processing offset change (is_offset=True)
2026-05-07 22:23:58,926 - GT23.BorderPanel - DEBUG - _handle_ratio_locked_sync: ratio=16:9, is_offset=True
2026-05-07 22:23:58,926 - GT23.BorderPanel - DEBUG - Input margins: l=3191, r=2611, t=288, b=1225
2026-05-07 22:23:58,926 - GT23.BorderPanel - DEBUG - Final margins (Offset-based): left=3394, right=2408, top=288, bottom=1225
2026-05-07 22:23:58,926 - GT23.BorderPanel - DEBUG - After offset: left=3394, right=2408, top=288, bottom=1225
2026-05-07 22:23:58,933 - GT23.BorderPanel - DEBUG - on_params_changed: is_offset=True, is_ratio_change=False
2026-05-07 22:23:58,933 - GT23.BorderPanel - DEBUG - v_offset: 0 -> 0, h_offset: 17 -> 24
2026-05-07 22:23:58,934 - GT23.BorderPanel - DEBUG - Processing offset change (is_offset=True)
2026-05-07 22:23:58,934 - GT23.BorderPanel - DEBUG - _handle_ratio_locked_sync: ratio=16:9, is_offset=True
2026-05-07 22:23:58,934 - GT23.BorderPanel - DEBUG - Input margins: l=3394, r=2408, t=288, b=1225
2026-05-07 22:23:58,934 - GT23.BorderPanel - DEBUG - Final margins (Offset-based): left=3597, right=2205, top=288, bottom=1225
2026-05-07 22:23:58,934 - GT23.BorderPanel - DEBUG - After offset: left=3597, right=2205, top=288, bottom=1225
2026-05-07 22:23:58,941 - GT23.BorderPanel - DEBUG - on_params_changed: is_offset=True, is_ratio_change=False
2026-05-07 22:23:58,941 - GT23.BorderPanel - DEBUG - v_offset: 0 -> 0, h_offset: 24 -> 31
2026-05-07 22:23:58,941 - GT23.BorderPanel - DEBUG - Processing offset change (is_offset=True)
2026-05-07 22:23:58,941 - GT23.BorderPanel - DEBUG - _handle_ratio_locked_sync: ratio=16:9, is_offset=True
2026-05-07 22:23:58,941 - GT23.BorderPanel - DEBUG - Input margins: l=3597, r=2205, t=288, b=1225
2026-05-07 22:23:58,942 - GT23.BorderPanel - DEBUG - Final margins (Offset-based): left=3800, right=2002, top=288, bottom=1225
2026-05-07 22:23:58,942 - GT23.BorderPanel - DEBUG - After offset: left=3800, right=2002, top=288, bottom=1225
2026-05-07 22:23:58,950 - GT23.BorderPanel - DEBUG - on_params_changed: is_offset=True, is_ratio_change=False
2026-05-07 22:23:58,950 - GT23.BorderPanel - DEBUG - v_offset: 0 -> 0, h_offset: 31 -> 39
2026-05-07 22:23:58,950 - GT23.BorderPanel - DEBUG - Processing offset change (is_offset=True)
2026-05-07 22:23:58,950 - GT23.BorderPanel - DEBUG - _handle_ratio_locked_sync: ratio=16:9, is_offset=True
2026-05-07 22:23:58,950 - GT23.BorderPanel - DEBUG - Input margins: l=3800, r=2002, t=288, b=1225
2026-05-07 22:23:58,950 - GT23.BorderPanel - DEBUG - Final margins (Offset-based): left=4032, right=1770, top=288, bottom=1225
2026-05-07 22:23:58,950 - GT23.BorderPanel - DEBUG - After offset: left=4032, right=1770, top=288, bottom=1225
2026-05-07 22:23:58,957 - GT23.BorderPanel - DEBUG - on_params_changed: is_offset=True, is_ratio_change=False
2026-05-07 22:23:58,957 - GT23.BorderPanel - DEBUG - v_offset: 0 -> 0, h_offset: 39 -> 45
2026-05-07 22:23:58,957 - GT23.BorderPanel - DEBUG - Processing offset change (is_offset=True)
2026-05-07 22:23:58,957 - GT23.BorderPanel - DEBUG - _handle_ratio_locked_sync: ratio=16:9, is_offset=True
2026-05-07 22:23:58,957 - GT23.BorderPanel - DEBUG - Input margins: l=4032, r=1770, t=288, b=1225
2026-05-07 22:23:58,957 - GT23.BorderPanel - DEBUG - Final margins (Offset-based): left=4206, right=1596, top=288, bottom=1225
2026-05-07 22:23:58,958 - GT23.BorderPanel - DEBUG - After offset: left=4206, right=1596, top=288, bottom=1225
2026-05-07 22:23:58,965 - GT23.BorderPanel - DEBUG - on_params_changed: is_offset=True, is_ratio_change=False
2026-05-07 22:23:58,965 - GT23.BorderPanel - DEBUG - v_offset: 0 -> 0, h_offset: 45 -> 50
2026-05-07 22:23:58,965 - GT23.BorderPanel - DEBUG - Processing offset change (is_offset=True)
2026-05-07 22:23:58,965 - GT23.BorderPanel - DEBUG - _handle_ratio_locked_sync: ratio=16:9, is_offset=True
2026-05-07 22:23:58,965 - GT23.BorderPanel - DEBUG - Input margins: l=4206, r=1596, t=288, b=1225
2026-05-07 22:23:58,965 - GT23.BorderPanel - DEBUG - Final margins (Offset-based): left=4351, right=1451, top=288, bottom=1225
2026-05-07 22:23:58,965 - GT23.BorderPanel - DEBUG - After offset: left=4351, right=1451, top=288, bottom=1225
2026-05-07 22:23:58,973 - GT23.BorderPanel - DEBUG - on_params_changed: is_offset=True, is_ratio_change=False
2026-05-07 22:23:58,973 - GT23.BorderPanel - DEBUG - v_offset: 0 -> 0, h_offset: 50 -> 56
2026-05-07 22:23:58,973 - GT23.BorderPanel - DEBUG - Processing offset change (is_offset=True)
2026-05-07 22:23:58,973 - GT23.BorderPanel - DEBUG - _handle_ratio_locked_sync: ratio=16:9, is_offset=True
2026-05-07 22:23:58,973 - GT23.BorderPanel - DEBUG - Input margins: l=4351, r=1451, t=288, b=1225
2026-05-07 22:23:58,973 - GT23.BorderPanel - DEBUG - Final margins (Offset-based): left=4525, right=1277, top=288, bottom=1225
2026-05-07 22:23:58,973 - GT23.BorderPanel - DEBUG - After offset: left=4525, right=1277, top=288, bottom=1225
2026-05-07 22:23:58,981 - GT23.BorderPanel - DEBUG - on_params_changed: is_offset=True, is_ratio_change=False
2026-05-07 22:23:58,981 - GT23.BorderPanel - DEBUG - v_offset: 0 -> 0, h_offset: 56 -> 59
2026-05-07 22:23:58,981 - GT23.BorderPanel - DEBUG - Processing offset change (is_offset=True)
2026-05-07 22:23:58,981 - GT23.BorderPanel - DEBUG - _handle_ratio_locked_sync: ratio=16:9, is_offset=True
2026-05-07 22:23:58,981 - GT23.BorderPanel - DEBUG - Input margins: l=4525, r=1277, t=288, b=1225
2026-05-07 22:23:58,981 - GT23.BorderPanel - DEBUG - Final margins (Offset-based): left=4612, right=1190, top=288, bottom=1225
2026-05-07 22:23:58,982 - GT23.BorderPanel - DEBUG - After offset: left=4612, right=1190, top=288, bottom=1225
2026-05-07 22:23:58,989 - GT23.BorderPanel - DEBUG - on_params_changed: is_offset=True, is_ratio_change=False
2026-05-07 22:23:58,989 - GT23.BorderPanel - DEBUG - v_offset: 0 -> 0, h_offset: 59 -> 61
2026-05-07 22:23:58,989 - GT23.BorderPanel - DEBUG - Processing offset change (is_offset=True)
2026-05-07 22:23:58,989 - GT23.BorderPanel - DEBUG - _handle_ratio_locked_sync: ratio=16:9, is_offset=True
2026-05-07 22:23:58,989 - GT23.BorderPanel - DEBUG - Input margins: l=4612, r=1190, t=288, b=1225
2026-05-07 22:23:58,989 - GT23.BorderPanel - DEBUG - Final margins (Offset-based): left=4670, right=1132, top=288, bottom=1225
2026-05-07 22:23:58,989 - GT23.BorderPanel - DEBUG - After offset: left=4670, right=1132, top=288, bottom=1225
2026-05-07 22:23:58,997 - GT23.BorderPanel - DEBUG - on_params_changed: is_offset=True, is_ratio_change=False
2026-05-07 22:23:58,997 - GT23.BorderPanel - DEBUG - v_offset: 0 -> 0, h_offset: 61 -> 64
2026-05-07 22:23:58,997 - GT23.BorderPanel - DEBUG - Processing offset change (is_offset=True)
2026-05-07 22:23:58,997 - GT23.BorderPanel - DEBUG - _handle_ratio_locked_sync: ratio=16:9, is_offset=True
2026-05-07 22:23:58,997 - GT23.BorderPanel - DEBUG - Input margins: l=4670, r=1132, t=288, b=1225
2026-05-07 22:23:58,998 - GT23.BorderPanel - DEBUG - Final margins (Offset-based): left=4757, right=1045, top=288, bottom=1225
2026-05-07 22:23:58,998 - GT23.BorderPanel - DEBUG - After offset: left=4757, right=1045, top=288, bottom=1225
2026-05-07 22:23:59,005 - GT23.BorderPanel - DEBUG - on_params_changed: is_offset=True, is_ratio_change=False
2026-05-07 22:23:59,005 - GT23.BorderPanel - DEBUG - v_offset: 0 -> 0, h_offset: 64 -> 67
2026-05-07 22:23:59,005 - GT23.BorderPanel - DEBUG - Processing offset change (is_offset=True)
2026-05-07 22:23:59,005 - GT23.BorderPanel - DEBUG - _handle_ratio_locked_sync: ratio=16:9, is_offset=True
2026-05-07 22:23:59,006 - GT23.BorderPanel - DEBUG - Input margins: l=4757, r=1045, t=288, b=1225
2026-05-07 22:23:59,006 - GT23.BorderPanel - DEBUG - Final margins (Offset-based): left=4844, right=958, top=288, bottom=1225
2026-05-07 22:23:59,006 - GT23.BorderPanel - DEBUG - After offset: left=4844, right=958, top=288, bottom=1225
2026-05-07 22:23:59,013 - GT23.BorderPanel - DEBUG - on_params_changed: is_offset=True, is_ratio_change=False
2026-05-07 22:23:59,014 - GT23.BorderPanel - DEBUG - v_offset: 0 -> 0, h_offset: 67 -> 68
2026-05-07 22:23:59,014 - GT23.BorderPanel - DEBUG - Processing offset change (is_offset=True)
2026-05-07 22:23:59,014 - GT23.BorderPanel - DEBUG - _handle_ratio_locked_sync: ratio=16:9, is_offset=True
2026-05-07 22:23:59,014 - GT23.BorderPanel - DEBUG - Input margins: l=4844, r=958, t=288, b=1225
2026-05-07 22:23:59,014 - GT23.BorderPanel - DEBUG - Final margins (Offset-based): left=4873, right=929, top=288, bottom=1225
2026-05-07 22:23:59,014 - GT23.BorderPanel - DEBUG - After offset: left=4873, right=929, top=288, bottom=1225
2026-05-07 22:23:59,021 - GT23.BorderPanel - DEBUG - on_params_changed: is_offset=True, is_ratio_change=False
2026-05-07 22:23:59,021 - GT23.BorderPanel - DEBUG - v_offset: 0 -> 0, h_offset: 68 -> 69
2026-05-07 22:23:59,021 - GT23.BorderPanel - DEBUG - Processing offset change (is_offset=True)
2026-05-07 22:23:59,022 - GT23.BorderPanel - DEBUG - _handle_ratio_locked_sync: ratio=16:9, is_offset=True
2026-05-07 22:23:59,022 - GT23.BorderPanel - DEBUG - Input margins: l=4873, r=929, t=288, b=1225
2026-05-07 22:23:59,022 - GT23.BorderPanel - DEBUG - Final margins (Offset-based): left=4902, right=900, top=288, bottom=1225
2026-05-07 22:23:59,022 - GT23.BorderPanel - DEBUG - After offset: left=4902, right=900, top=288, bottom=1225
2026-05-07 22:23:59,090 - GT23.BorderPanel - DEBUG - on_params_changed: is_offset=True, is_ratio_change=False
2026-05-07 22:23:59,090 - GT23.BorderPanel - DEBUG - v_offset: 0 -> 0, h_offset: 69 -> 70
2026-05-07 22:23:59,091 - GT23.BorderPanel - DEBUG - Processing offset change (is_offset=True)
2026-05-07 22:23:59,091 - GT23.BorderPanel - DEBUG - _handle_ratio_locked_sync: ratio=16:9, is_offset=True
2026-05-07 22:23:59,091 - GT23.BorderPanel - DEBUG - Input margins: l=4902, r=900, t=288, b=1225
2026-05-07 22:23:59,091 - GT23.BorderPanel - DEBUG - Final margins (Offset-based): left=4931, right=871, top=288, bottom=1225
2026-05-07 22:23:59,091 - GT23.BorderPanel - DEBUG - After offset: left=4931, right=871, top=288, bottom=1225
2026-05-07 22:23:59,166 - GT23.BorderPanel - DEBUG - on_params_changed: is_offset=False, is_ratio_change=False
2026-05-07 22:23:59,167 - GT23.BorderPanel - DEBUG - v_offset: 0 -> 0, h_offset: 70 -> 70
2026-05-07 22:24:00,315 - GT23.BorderPanel - DEBUG - on_params_changed: is_offset=True, is_ratio_change=False
2026-05-07 22:24:00,316 - GT23.BorderPanel - DEBUG - v_offset: 0 -> 0, h_offset: 70 -> 74
2026-05-07 22:24:00,316 - GT23.BorderPanel - DEBUG - Processing offset change (is_offset=True)
2026-05-07 22:24:00,316 - GT23.BorderPanel - DEBUG - _handle_ratio_locked_sync: ratio=16:9, is_offset=True
2026-05-07 22:24:00,316 - GT23.BorderPanel - DEBUG - Input margins: l=4931, r=871, t=288, b=1225
2026-05-07 22:24:00,317 - GT23.BorderPanel - DEBUG - Final margins (Offset-based): left=5047, right=755, top=288, bottom=1225
2026-05-07 22:24:00,317 - GT23.BorderPanel - DEBUG - After offset: left=5047, right=755, top=288, bottom=1225
2026-05-07 22:24:00,325 - GT23.BorderPanel - DEBUG - on_params_changed: is_offset=True, is_ratio_change=False
2026-05-07 22:24:00,325 - GT23.BorderPanel - DEBUG - v_offset: 0 -> 0, h_offset: 74 -> 81
2026-05-07 22:24:00,325 - GT23.BorderPanel - DEBUG - Processing offset change (is_offset=True)
2026-05-07 22:24:00,325 - GT23.BorderPanel - DEBUG - _handle_ratio_locked_sync: ratio=16:9, is_offset=True
2026-05-07 22:24:00,325 - GT23.BorderPanel - DEBUG - Input margins: l=5047, r=755, t=288, b=1225
2026-05-07 22:24:00,325 - GT23.BorderPanel - DEBUG - Final margins (Offset-based): left=5250, right=552, top=288, bottom=1225
2026-05-07 22:24:00,325 - GT23.BorderPanel - DEBUG - After offset: left=5250, right=552, top=288, bottom=1225
2026-05-07 22:24:00,328 - GT23.BorderPanel - DEBUG - on_params_changed: is_offset=True, is_ratio_change=False
2026-05-07 22:24:00,328 - GT23.BorderPanel - DEBUG - v_offset: 0 -> 0, h_offset: 81 -> 87
2026-05-07 22:24:00,328 - GT23.BorderPanel - DEBUG - Processing offset change (is_offset=True)
2026-05-07 22:24:00,328 - GT23.BorderPanel - DEBUG - _handle_ratio_locked_sync: ratio=16:9, is_offset=True
2026-05-07 22:24:00,328 - GT23.BorderPanel - DEBUG - Input margins: l=5250, r=552, t=288, b=1225
2026-05-07 22:24:00,328 - GT23.BorderPanel - DEBUG - Final margins (Offset-based): left=5424, right=378, top=288, bottom=1225
2026-05-07 22:24:00,328 - GT23.BorderPanel - DEBUG - After offset: left=5424, right=378, top=288, bottom=1225
2026-05-07 22:24:00,334 - GT23.BorderPanel - DEBUG - on_params_changed: is_offset=True, is_ratio_change=False
2026-05-07 22:24:00,334 - GT23.BorderPanel - DEBUG - v_offset: 0 -> 0, h_offset: 87 -> 91
2026-05-07 22:24:00,334 - GT23.BorderPanel - DEBUG - Processing offset change (is_offset=True)
2026-05-07 22:24:00,335 - GT23.BorderPanel - DEBUG - _handle_ratio_locked_sync: ratio=16:9, is_offset=True
2026-05-07 22:24:00,335 - GT23.BorderPanel - DEBUG - Input margins: l=5424, r=378, t=288, b=1225
2026-05-07 22:24:00,335 - GT23.BorderPanel - DEBUG - Final margins (Offset-based): left=5540, right=262, top=288, bottom=1225
2026-05-07 22:24:00,335 - GT23.BorderPanel - DEBUG - After offset: left=5540, right=262, top=288, bottom=1225
2026-05-07 22:24:00,342 - GT23.BorderPanel - DEBUG - on_params_changed: is_offset=True, is_ratio_change=False
2026-05-07 22:24:00,342 - GT23.BorderPanel - DEBUG - v_offset: 0 -> 0, h_offset: 91 -> 97
2026-05-07 22:24:00,342 - GT23.BorderPanel - DEBUG - Processing offset change (is_offset=True)
2026-05-07 22:24:00,342 - GT23.BorderPanel - DEBUG - _handle_ratio_locked_sync: ratio=16:9, is_offset=True
2026-05-07 22:24:00,342 - GT23.BorderPanel - DEBUG - Input margins: l=5540, r=262, t=288, b=1225
2026-05-07 22:24:00,343 - GT23.BorderPanel - DEBUG - Final margins (Offset-based): left=5714, right=88, top=288, bottom=1225
2026-05-07 22:24:00,343 - GT23.BorderPanel - DEBUG - After offset: left=5714, right=88, top=288, bottom=1225
2026-05-07 22:24:00,351 - GT23.BorderPanel - DEBUG - on_params_changed: is_offset=True, is_ratio_change=False
2026-05-07 22:24:00,351 - GT23.BorderPanel - DEBUG - v_offset: 0 -> 0, h_offset: 97 -> 100
2026-05-07 22:24:00,351 - GT23.BorderPanel - DEBUG - Processing offset change (is_offset=True)
2026-05-07 22:24:00,351 - GT23.BorderPanel - DEBUG - _handle_ratio_locked_sync: ratio=16:9, is_offset=True
2026-05-07 22:24:00,351 - GT23.BorderPanel - DEBUG - Input margins: l=5714, r=88, t=288, b=1225
2026-05-07 22:24:00,351 - GT23.BorderPanel - DEBUG - Final margins (Offset-based): left=5802, right=0, top=288, bottom=1225
2026-05-07 22:24:00,351 - GT23.BorderPanel - DEBUG - After offset: left=5802, right=0, top=288, bottom=1225
2026-05-07 22:24:00,358 - GT23.BorderPanel - DEBUG - on_params_changed: is_offset=False, is_ratio_change=False
2026-05-07 22:24:00,358 - GT23.BorderPanel - DEBUG - v_offset: 0 -> 0, h_offset: 100 -> 100
2026-05-07 22:24:00,366 - GT23.BorderPanel - DEBUG - on_params_changed: is_offset=False, is_ratio_change=False
2026-05-07 22:24:00,366 - GT23.BorderPanel - DEBUG - v_offset: 0 -> 0, h_offset: 100 -> 100
2026-05-07 22:24:00,374 - GT23.BorderPanel - DEBUG - on_params_changed: is_offset=False, is_ratio_change=False
2026-05-07 22:24:00,374 - GT23.BorderPanel - DEBUG - v_offset: 0 -> 0, h_offset: 100 -> 100
2026-05-07 22:24:00,382 - GT23.BorderPanel - DEBUG - on_params_changed: is_offset=False, is_ratio_change=False
2026-05-07 22:24:00,382 - GT23.BorderPanel - DEBUG - v_offset: 0 -> 0, h_offset: 100 -> 100
2026-05-07 22:24:00,390 - GT23.BorderPanel - DEBUG - on_params_changed: is_offset=False, is_ratio_change=False
2026-05-07 22:24:00,390 - GT23.BorderPanel - DEBUG - v_offset: 0 -> 0, h_offset: 100 -> 100
2026-05-07 22:24:00,398 - GT23.BorderPanel - DEBUG - on_params_changed: is_offset=False, is_ratio_change=False
2026-05-07 22:24:00,399 - GT23.BorderPanel - DEBUG - v_offset: 0 -> 0, h_offset: 100 -> 100
2026-05-07 22:24:00,406 - GT23.BorderPanel - DEBUG - on_params_changed: is_offset=False, is_ratio_change=False
2026-05-07 22:24:00,406 - GT23.BorderPanel - DEBUG - v_offset: 0 -> 0, h_offset: 100 -> 100
2026-05-07 22:24:00,415 - GT23.BorderPanel - DEBUG - on_params_changed: is_offset=False, is_ratio_change=False
2026-05-07 22:24:00,415 - GT23.BorderPanel - DEBUG - v_offset: 0 -> 0, h_offset: 100 -> 100
2026-05-07 22:24:00,423 - GT23.BorderPanel - DEBUG - on_params_changed: is_offset=False, is_ratio_change=False
2026-05-07 22:24:00,423 - GT23.BorderPanel - DEBUG - v_offset: 0 -> 0, h_offset: 100 -> 100
2026-05-07 22:24:00,431 - GT23.BorderPanel - DEBUG - on_params_changed: is_offset=False, is_ratio_change=False
2026-05-07 22:24:00,431 - GT23.BorderPanel - DEBUG - v_offset: 0 -> 0, h_offset: 100 -> 100
2026-05-07 22:24:00,439 - GT23.BorderPanel - DEBUG - on_params_changed: is_offset=False, is_ratio_change=False
2026-05-07 22:24:00,439 - GT23.BorderPanel - DEBUG - v_offset: 0 -> 0, h_offset: 100 -> 100
2026-05-07 22:24:00,447 - GT23.BorderPanel - DEBUG - on_params_changed: is_offset=False, is_ratio_change=False
2026-05-07 22:24:00,447 - GT23.BorderPanel - DEBUG - v_offset: 0 -> 0, h_offset: 100 -> 100
2026-05-07 22:24:00,455 - GT23.BorderPanel - DEBUG - on_params_changed: is_offset=False, is_ratio_change=False
2026-05-07 22:24:00,455 - GT23.BorderPanel - DEBUG - v_offset: 0 -> 0, h_offset: 100 -> 100
2026-05-07 22:24:00,463 - GT23.BorderPanel - DEBUG - on_params_changed: is_offset=False, is_ratio_change=False
2026-05-07 22:24:00,463 - GT23.BorderPanel - DEBUG - v_offset: 0 -> 0, h_offset: 100 -> 100
2026-05-07 22:24:00,471 - GT23.BorderPanel - DEBUG - on_params_changed: is_offset=False, is_ratio_change=False
2026-05-07 22:24:00,471 - GT23.BorderPanel - DEBUG - v_offset: 0 -> 0, h_offset: 100 -> 100
2026-05-07 22:24:00,479 - GT23.BorderPanel - DEBUG - on_params_changed: is_offset=False, is_ratio_change=False
2026-05-07 22:24:00,479 - GT23.BorderPanel - DEBUG - v_offset: 0 -> 0, h_offset: 100 -> 100
2026-05-07 22:24:00,487 - GT23.BorderPanel - DEBUG - on_params_changed: is_offset=False, is_ratio_change=False
2026-05-07 22:24:00,487 - GT23.BorderPanel - DEBUG - v_offset: 0 -> 0, h_offset: 100 -> 100
2026-05-07 22:24:00,495 - GT23.BorderPanel - DEBUG - on_params_changed: is_offset=False, is_ratio_change=False
2026-05-07 22:24:00,495 - GT23.BorderPanel - DEBUG - v_offset: 0 -> 0, h_offset: 100 -> 100
2026-05-07 22:24:00,503 - GT23.BorderPanel - DEBUG - on_params_changed: is_offset=False, is_ratio_change=False
2026-05-07 22:24:00,503 - GT23.BorderPanel - DEBUG - v_offset: 0 -> 0, h_offset: 100 -> 100
2026-05-07 22:24:00,511 - GT23.BorderPanel - DEBUG - on_params_changed: is_offset=False, is_ratio_change=False
2026-05-07 22:24:00,512 - GT23.BorderPanel - DEBUG - v_offset: 0 -> 0, h_offset: 100 -> 100
2026-05-07 22:24:00,519 - GT23.BorderPanel - DEBUG - on_params_changed: is_offset=False, is_ratio_change=False
2026-05-07 22:24:00,519 - GT23.BorderPanel - DEBUG - v_offset: 0 -> 0, h_offset: 100 -> 100
2026-05-07 22:24:02,808 - GT23.BorderPanel - DEBUG - on_params_changed: is_offset=True, is_ratio_change=False
2026-05-07 22:24:02,808 - GT23.BorderPanel - DEBUG - v_offset: 0 -> 0, h_offset: 100 -> 96
2026-05-07 22:24:02,808 - GT23.BorderPanel - DEBUG - Processing offset change (is_offset=True)
2026-05-07 22:24:02,808 - GT23.BorderPanel - DEBUG - _handle_ratio_locked_sync: ratio=16:9, is_offset=True
2026-05-07 22:24:02,808 - GT23.BorderPanel - DEBUG - Input margins: l=5802, r=0, t=288, b=1225
2026-05-07 22:24:02,808 - GT23.BorderPanel - DEBUG - Final margins (Offset-based): left=5685, right=117, top=288, bottom=1225
2026-05-07 22:24:02,808 - GT23.BorderPanel - DEBUG - After offset: left=5685, right=117, top=288, bottom=1225
2026-05-07 22:24:02,815 - GT23.BorderPanel - DEBUG - on_params_changed: is_offset=True, is_ratio_change=False
2026-05-07 22:24:02,816 - GT23.BorderPanel - DEBUG - v_offset: 0 -> 0, h_offset: 96 -> 93
2026-05-07 22:24:02,816 - GT23.BorderPanel - DEBUG - Processing offset change (is_offset=True)
2026-05-07 22:24:02,816 - GT23.BorderPanel - DEBUG - _handle_ratio_locked_sync: ratio=16:9, is_offset=True
2026-05-07 22:24:02,816 - GT23.BorderPanel - DEBUG - Input margins: l=5685, r=117, t=288, b=1225
2026-05-07 22:24:02,816 - GT23.BorderPanel - DEBUG - Final margins (Offset-based): left=5598, right=204, top=288, bottom=1225
2026-05-07 22:24:02,816 - GT23.BorderPanel - DEBUG - After offset: left=5598, right=204, top=288, bottom=1225
2026-05-07 22:24:02,823 - GT23.BorderPanel - DEBUG - on_params_changed: is_offset=True, is_ratio_change=False
2026-05-07 22:24:02,823 - GT23.BorderPanel - DEBUG - v_offset: 0 -> 0, h_offset: 93 -> 89
2026-05-07 22:24:02,823 - GT23.BorderPanel - DEBUG - Processing offset change (is_offset=True)
2026-05-07 22:24:02,823 - GT23.BorderPanel - DEBUG - _handle_ratio_locked_sync: ratio=16:9, is_offset=True
2026-05-07 22:24:02,823 - GT23.BorderPanel - DEBUG - Input margins: l=5598, r=204, t=288, b=1225
2026-05-07 22:24:02,824 - GT23.BorderPanel - DEBUG - Final margins (Offset-based): left=5482, right=320, top=288, bottom=1225
2026-05-07 22:24:02,824 - GT23.BorderPanel - DEBUG - After offset: left=5482, right=320, top=288, bottom=1225
2026-05-07 22:24:02,831 - GT23.BorderPanel - DEBUG - on_params_changed: is_offset=True, is_ratio_change=False
2026-05-07 22:24:02,831 - GT23.BorderPanel - DEBUG - v_offset: 0 -> 0, h_offset: 89 -> 82
2026-05-07 22:24:02,831 - GT23.BorderPanel - DEBUG - Processing offset change (is_offset=True)
2026-05-07 22:24:02,831 - GT23.BorderPanel - DEBUG - _handle_ratio_locked_sync: ratio=16:9, is_offset=True
2026-05-07 22:24:02,831 - GT23.BorderPanel - DEBUG - Input margins: l=5482, r=320, t=288, b=1225
2026-05-07 22:24:02,832 - GT23.BorderPanel - DEBUG - Final margins (Offset-based): left=5279, right=523, top=288, bottom=1225
2026-05-07 22:24:02,832 - GT23.BorderPanel - DEBUG - After offset: left=5279, right=523, top=288, bottom=1225
2026-05-07 22:24:02,840 - GT23.BorderPanel - DEBUG - on_params_changed: is_offset=True, is_ratio_change=False
2026-05-07 22:24:02,840 - GT23.BorderPanel - DEBUG - v_offset: 0 -> 0, h_offset: 82 -> 75
2026-05-07 22:24:02,840 - GT23.BorderPanel - DEBUG - Processing offset change (is_offset=True)
2026-05-07 22:24:02,840 - GT23.BorderPanel - DEBUG - _handle_ratio_locked_sync: ratio=16:9, is_offset=True
2026-05-07 22:24:02,840 - GT23.BorderPanel - DEBUG - Input margins: l=5279, r=523, t=288, b=1225
2026-05-07 22:24:02,840 - GT23.BorderPanel - DEBUG - Final margins (Offset-based): left=5076, right=726, top=288, bottom=1225
2026-05-07 22:24:02,840 - GT23.BorderPanel - DEBUG - After offset: left=5076, right=726, top=288, bottom=1225
2026-05-07 22:24:02,847 - GT23.BorderPanel - DEBUG - on_params_changed: is_offset=True, is_ratio_change=False
2026-05-07 22:24:02,847 - GT23.BorderPanel - DEBUG - v_offset: 0 -> 0, h_offset: 75 -> 69
2026-05-07 22:24:02,847 - GT23.BorderPanel - DEBUG - Processing offset change (is_offset=True)
2026-05-07 22:24:02,847 - GT23.BorderPanel - DEBUG - _handle_ratio_locked_sync: ratio=16:9, is_offset=True
2026-05-07 22:24:02,847 - GT23.BorderPanel - DEBUG - Input margins: l=5076, r=726, t=288, b=1225
2026-05-07 22:24:02,848 - GT23.BorderPanel - DEBUG - Final margins (Offset-based): left=4902, right=900, top=288, bottom=1225
2026-05-07 22:24:02,848 - GT23.BorderPanel - DEBUG - After offset: left=4902, right=900, top=288, bottom=1225
2026-05-07 22:24:02,855 - GT23.BorderPanel - DEBUG - on_params_changed: is_offset=True, is_ratio_change=False
2026-05-07 22:24:02,855 - GT23.BorderPanel - DEBUG - v_offset: 0 -> 0, h_offset: 69 -> 65
2026-05-07 22:24:02,855 - GT23.BorderPanel - DEBUG - Processing offset change (is_offset=True)
2026-05-07 22:24:02,855 - GT23.BorderPanel - DEBUG - _handle_ratio_locked_sync: ratio=16:9, is_offset=True
2026-05-07 22:24:02,855 - GT23.BorderPanel - DEBUG - Input margins: l=4902, r=900, t=288, b=1225
2026-05-07 22:24:02,855 - GT23.BorderPanel - DEBUG - Final margins (Offset-based): left=4786, right=1016, top=288, bottom=1225
2026-05-07 22:24:02,856 - GT23.BorderPanel - DEBUG - After offset: left=4786, right=1016, top=288, bottom=1225
2026-05-07 22:24:02,863 - GT23.BorderPanel - DEBUG - on_params_changed: is_offset=True, is_ratio_change=False
2026-05-07 22:24:02,863 - GT23.BorderPanel - DEBUG - v_offset: 0 -> 0, h_offset: 65 -> 59
2026-05-07 22:24:02,863 - GT23.BorderPanel - DEBUG - Processing offset change (is_offset=True)
2026-05-07 22:24:02,863 - GT23.BorderPanel - DEBUG - _handle_ratio_locked_sync: ratio=16:9, is_offset=True
2026-05-07 22:24:02,863 - GT23.BorderPanel - DEBUG - Input margins: l=4786, r=1016, t=288, b=1225
2026-05-07 22:24:02,864 - GT23.BorderPanel - DEBUG - Final margins (Offset-based): left=4612, right=1190, top=288, bottom=1225
2026-05-07 22:24:02,864 - GT23.BorderPanel - DEBUG - After offset: left=4612, right=1190, top=288, bottom=1225
2026-05-07 22:24:02,871 - GT23.BorderPanel - DEBUG - on_params_changed: is_offset=True, is_ratio_change=False
2026-05-07 22:24:02,871 - GT23.BorderPanel - DEBUG - v_offset: 0 -> 0, h_offset: 59 -> 48
2026-05-07 22:24:02,871 - GT23.BorderPanel - DEBUG - Processing offset change (is_offset=True)
2026-05-07 22:24:02,871 - GT23.BorderPanel - DEBUG - _handle_ratio_locked_sync: ratio=16:9, is_offset=True
2026-05-07 22:24:02,871 - GT23.BorderPanel - DEBUG - Input margins: l=4612, r=1190, t=288, b=1225
2026-05-07 22:24:02,872 - GT23.BorderPanel - DEBUG - Final margins (Offset-based): left=4293, right=1509, top=288, bottom=1225
2026-05-07 22:24:02,872 - GT23.BorderPanel - DEBUG - After offset: left=4293, right=1509, top=288, bottom=1225
2026-05-07 22:24:02,879 - GT23.BorderPanel - DEBUG - on_params_changed: is_offset=True, is_ratio_change=False
2026-05-07 22:24:02,879 - GT23.BorderPanel - DEBUG - v_offset: 0 -> 0, h_offset: 48 -> 37
2026-05-07 22:24:02,879 - GT23.BorderPanel - DEBUG - Processing offset change (is_offset=True)
2026-05-07 22:24:02,879 - GT23.BorderPanel - DEBUG - _handle_ratio_locked_sync: ratio=16:9, is_offset=True
2026-05-07 22:24:02,879 - GT23.BorderPanel - DEBUG - Input margins: l=4293, r=1509, t=288, b=1225
2026-05-07 22:24:02,880 - GT23.BorderPanel - DEBUG - Final margins (Offset-based): left=3974, right=1828, top=288, bottom=1225
2026-05-07 22:24:02,880 - GT23.BorderPanel - DEBUG - After offset: left=3974, right=1828, top=288, bottom=1225
2026-05-07 22:24:02,887 - GT23.BorderPanel - DEBUG - on_params_changed: is_offset=True, is_ratio_change=False
2026-05-07 22:24:02,887 - GT23.BorderPanel - DEBUG - v_offset: 0 -> 0, h_offset: 37 -> 25
2026-05-07 22:24:02,887 - GT23.BorderPanel - DEBUG - Processing offset change (is_offset=True)
2026-05-07 22:24:02,887 - GT23.BorderPanel - DEBUG - _handle_ratio_locked_sync: ratio=16:9, is_offset=True
2026-05-07 22:24:02,887 - GT23.BorderPanel - DEBUG - Input margins: l=3974, r=1828, t=288, b=1225
2026-05-07 22:24:02,888 - GT23.BorderPanel - DEBUG - Final margins (Offset-based): left=3626, right=2176, top=288, bottom=1225
2026-05-07 22:24:02,888 - GT23.BorderPanel - DEBUG - After offset: left=3626, right=2176, top=288, bottom=1225
2026-05-07 22:24:02,895 - GT23.BorderPanel - DEBUG - on_params_changed: is_offset=True, is_ratio_change=False
2026-05-07 22:24:02,895 - GT23.BorderPanel - DEBUG - v_offset: 0 -> 0, h_offset: 25 -> 12
2026-05-07 22:24:02,896 - GT23.BorderPanel - DEBUG - Processing offset change (is_offset=True)
2026-05-07 22:24:02,896 - GT23.BorderPanel - DEBUG - _handle_ratio_locked_sync: ratio=16:9, is_offset=True
2026-05-07 22:24:02,896 - GT23.BorderPanel - DEBUG - Input margins: l=3626, r=2176, t=288, b=1225
2026-05-07 22:24:02,896 - GT23.BorderPanel - DEBUG - Final margins (Offset-based): left=3249, right=2553, top=288, bottom=1225
2026-05-07 22:24:02,896 - GT23.BorderPanel - DEBUG - After offset: left=3249, right=2553, top=288, bottom=1225
2026-05-07 22:24:02,903 - GT23.BorderPanel - DEBUG - on_params_changed: is_offset=True, is_ratio_change=False
2026-05-07 22:24:02,903 - GT23.BorderPanel - DEBUG - v_offset: 0 -> 0, h_offset: 12 -> 0
2026-05-07 22:24:02,903 - GT23.BorderPanel - DEBUG - Processing offset change (is_offset=True)
2026-05-07 22:24:02,903 - GT23.BorderPanel - DEBUG - _handle_ratio_locked_sync: ratio=16:9, is_offset=True
2026-05-07 22:24:02,903 - GT23.BorderPanel - DEBUG - Input margins: l=3249, r=2553, t=288, b=1225
2026-05-07 22:24:02,904 - GT23.BorderPanel - DEBUG - Final margins (Offset-based): left=2901, right=2901, top=288, bottom=1225
2026-05-07 22:24:02,904 - GT23.BorderPanel - DEBUG - After offset: left=2901, right=2901, top=288, bottom=1225
2026-05-07 22:24:02,911 - GT23.BorderPanel - DEBUG - on_params_changed: is_offset=True, is_ratio_change=False
2026-05-07 22:24:02,911 - GT23.BorderPanel - DEBUG - v_offset: 0 -> 0, h_offset: 0 -> -14
2026-05-07 22:24:02,911 - GT23.BorderPanel - DEBUG - Processing offset change (is_offset=True)
2026-05-07 22:24:02,911 - GT23.BorderPanel - DEBUG - _handle_ratio_locked_sync: ratio=16:9, is_offset=True
2026-05-07 22:24:02,911 - GT23.BorderPanel - DEBUG - Input margins: l=2901, r=2901, t=288, b=1225
2026-05-07 22:24:02,912 - GT23.BorderPanel - DEBUG - Final margins (Offset-based): left=2494, right=3308, top=288, bottom=1225
2026-05-07 22:24:02,912 - GT23.BorderPanel - DEBUG - After offset: left=2494, right=3308, top=288, bottom=1225
2026-05-07 22:24:02,919 - GT23.BorderPanel - DEBUG - on_params_changed: is_offset=True, is_ratio_change=False
2026-05-07 22:24:02,919 - GT23.BorderPanel - DEBUG - v_offset: 0 -> 0, h_offset: -14 -> -29
2026-05-07 22:24:02,919 - GT23.BorderPanel - DEBUG - Processing offset change (is_offset=True)
2026-05-07 22:24:02,919 - GT23.BorderPanel - DEBUG - _handle_ratio_locked_sync: ratio=16:9, is_offset=True
2026-05-07 22:24:02,919 - GT23.BorderPanel - DEBUG - Input margins: l=2494, r=3308, t=288, b=1225
2026-05-07 22:24:02,920 - GT23.BorderPanel - DEBUG - Final margins (Offset-based): left=2059, right=3743, top=288, bottom=1225
2026-05-07 22:24:02,920 - GT23.BorderPanel - DEBUG - After offset: left=2059, right=3743, top=288, bottom=1225
2026-05-07 22:24:02,928 - GT23.BorderPanel - DEBUG - on_params_changed: is_offset=True, is_ratio_change=False
2026-05-07 22:24:02,928 - GT23.BorderPanel - DEBUG - v_offset: 0 -> 0, h_offset: -29 -> -47
2026-05-07 22:24:02,928 - GT23.BorderPanel - DEBUG - Processing offset change (is_offset=True)
2026-05-07 22:24:02,928 - GT23.BorderPanel - DEBUG - _handle_ratio_locked_sync: ratio=16:9, is_offset=True
2026-05-07 22:24:02,928 - GT23.BorderPanel - DEBUG - Input margins: l=2059, r=3743, t=288, b=1225
2026-05-07 22:24:02,928 - GT23.BorderPanel - DEBUG - Final margins (Offset-based): left=1537, right=4265, top=288, bottom=1225
2026-05-07 22:24:02,928 - GT23.BorderPanel - DEBUG - After offset: left=1537, right=4265, top=288, bottom=1225
2026-05-07 22:24:02,935 - GT23.BorderPanel - DEBUG - on_params_changed: is_offset=True, is_ratio_change=False
2026-05-07 22:24:02,935 - GT23.BorderPanel - DEBUG - v_offset: 0 -> 0, h_offset: -47 -> -67
2026-05-07 22:24:02,935 - GT23.BorderPanel - DEBUG - Processing offset change (is_offset=True)
2026-05-07 22:24:02,935 - GT23.BorderPanel - DEBUG - _handle_ratio_locked_sync: ratio=16:9, is_offset=True
2026-05-07 22:24:02,936 - GT23.BorderPanel - DEBUG - Input margins: l=1537, r=4265, t=288, b=1225
2026-05-07 22:24:02,936 - GT23.BorderPanel - DEBUG - Final margins (Offset-based): left=957, right=4845, top=288, bottom=1225
2026-05-07 22:24:02,936 - GT23.BorderPanel - DEBUG - After offset: left=957, right=4845, top=288, bottom=1225
2026-05-07 22:24:02,943 - GT23.BorderPanel - DEBUG - on_params_changed: is_offset=True, is_ratio_change=False
2026-05-07 22:24:02,943 - GT23.BorderPanel - DEBUG - v_offset: 0 -> 0, h_offset: -67 -> -88
2026-05-07 22:24:02,943 - GT23.BorderPanel - DEBUG - Processing offset change (is_offset=True)
2026-05-07 22:24:02,943 - GT23.BorderPanel - DEBUG - _handle_ratio_locked_sync: ratio=16:9, is_offset=True
2026-05-07 22:24:02,943 - GT23.BorderPanel - DEBUG - Input margins: l=957, r=4845, t=288, b=1225
2026-05-07 22:24:02,943 - GT23.BorderPanel - DEBUG - Final margins (Offset-based): left=348, right=5454, top=288, bottom=1225
2026-05-07 22:24:02,944 - GT23.BorderPanel - DEBUG - After offset: left=348, right=5454, top=288, bottom=1225
2026-05-07 22:24:02,952 - GT23.BorderPanel - DEBUG - on_params_changed: is_offset=True, is_ratio_change=False
2026-05-07 22:24:02,952 - GT23.BorderPanel - DEBUG - v_offset: 0 -> 0, h_offset: -88 -> -100
2026-05-07 22:24:02,952 - GT23.BorderPanel - DEBUG - Processing offset change (is_offset=True)
2026-05-07 22:24:02,952 - GT23.BorderPanel - DEBUG - _handle_ratio_locked_sync: ratio=16:9, is_offset=True
2026-05-07 22:24:02,952 - GT23.BorderPanel - DEBUG - Input margins: l=348, r=5454, t=288, b=1225
2026-05-07 22:24:02,952 - GT23.BorderPanel - DEBUG - Final margins (Offset-based): left=0, right=5802, top=288, bottom=1225
2026-05-07 22:24:02,952 - GT23.BorderPanel - DEBUG - After offset: left=0, right=5802, top=288, bottom=1225
2026-05-07 22:24:02,959 - GT23.BorderPanel - DEBUG - on_params_changed: is_offset=False, is_ratio_change=False
2026-05-07 22:24:02,960 - GT23.BorderPanel - DEBUG - v_offset: 0 -> 0, h_offset: -100 -> -100
2026-05-07 22:24:02,967 - GT23.BorderPanel - DEBUG - on_params_changed: is_offset=False, is_ratio_change=False
2026-05-07 22:24:02,967 - GT23.BorderPanel - DEBUG - v_offset: 0 -> 0, h_offset: -100 -> -100
2026-05-07 22:24:02,975 - GT23.BorderPanel - DEBUG - on_params_changed: is_offset=False, is_ratio_change=False
2026-05-07 22:24:02,975 - GT23.BorderPanel - DEBUG - v_offset: 0 -> 0, h_offset: -100 -> -100
2026-05-07 22:24:02,984 - GT23.BorderPanel - DEBUG - on_params_changed: is_offset=False, is_ratio_change=False
2026-05-07 22:24:02,984 - GT23.BorderPanel - DEBUG - v_offset: 0 -> 0, h_offset: -100 -> -100
2026-05-07 22:24:02,992 - GT23.BorderPanel - DEBUG - on_params_changed: is_offset=False, is_ratio_change=False
2026-05-07 22:24:02,992 - GT23.BorderPanel - DEBUG - v_offset: 0 -> 0, h_offset: -100 -> -100
2026-05-07 22:24:03,000 - GT23.BorderPanel - DEBUG - on_params_changed: is_offset=False, is_ratio_change=False
2026-05-07 22:24:03,000 - GT23.BorderPanel - DEBUG - v_offset: 0 -> 0, h_offset: -100 -> -100
2026-05-07 22:24:03,008 - GT23.BorderPanel - DEBUG - on_params_changed: is_offset=False, is_ratio_change=False
2026-05-07 22:24:03,008 - GT23.BorderPanel - DEBUG - v_offset: 0 -> 0, h_offset: -100 -> -100
2026-05-07 22:24:03,016 - GT23.BorderPanel - DEBUG - on_params_changed: is_offset=False, is_ratio_change=False
2026-05-07 22:24:03,016 - GT23.BorderPanel - DEBUG - v_offset: 0 -> 0, h_offset: -100 -> -100
2026-05-07 22:24:03,024 - GT23.BorderPanel - DEBUG - on_params_changed: is_offset=False, is_ratio_change=False
2026-05-07 22:24:03,024 - GT23.BorderPanel - DEBUG - v_offset: 0 -> 0, h_offset: -100 -> -100
2026-05-07 22:24:03,032 - GT23.BorderPanel - DEBUG - on_params_changed: is_offset=False, is_ratio_change=False
2026-05-07 22:24:03,032 - GT23.BorderPanel - DEBUG - v_offset: 0 -> 0, h_offset: -100 -> -100
2026-05-07 22:24:03,048 - GT23.BorderPanel - DEBUG - on_params_changed: is_offset=False, is_ratio_change=False
2026-05-07 22:24:03,048 - GT23.BorderPanel - DEBUG - v_offset: 0 -> 0, h_offset: -100 -> -100
2026-05-07 22:24:05,922 - GT23.BorderPanel - DEBUG - on_params_changed: is_offset=False, is_ratio_change=False
2026-05-07 22:24:05,922 - GT23.BorderPanel - DEBUG - v_offset: 0 -> 0, h_offset: -100 -> -100
2026-05-07 22:24:05,987 - GT23.BorderPanel - DEBUG - on_params_changed: is_offset=False, is_ratio_change=False
2026-05-07 22:24:05,988 - GT23.BorderPanel - DEBUG - v_offset: 0 -> 0, h_offset: -100 -> -100
2026-05-07 22:24:05,995 - GT23.BorderPanel - DEBUG - on_params_changed: is_offset=False, is_ratio_change=False
2026-05-07 22:24:05,995 - GT23.BorderPanel - DEBUG - v_offset: 0 -> 0, h_offset: -100 -> -100
2026-05-07 22:24:06,001 - GT23.BorderPanel - DEBUG - on_params_changed: is_offset=False, is_ratio_change=False
2026-05-07 22:24:06,001 - GT23.BorderPanel - DEBUG - v_offset: 0 -> 0, h_offset: -100 -> -100
2026-05-07 22:24:06,009 - GT23.BorderPanel - DEBUG - on_params_changed: is_offset=False, is_ratio_change=False
2026-05-07 22:24:06,009 - GT23.BorderPanel - DEBUG - v_offset: 0 -> 0, h_offset: -100 -> -100
2026-05-07 22:24:06,017 - GT23.BorderPanel - DEBUG - on_params_changed: is_offset=True, is_ratio_change=False
2026-05-07 22:24:06,017 - GT23.BorderPanel - DEBUG - v_offset: 0 -> 0, h_offset: -100 -> -95
2026-05-07 22:24:06,017 - GT23.BorderPanel - DEBUG - Processing offset change (is_offset=True)
2026-05-07 22:24:06,017 - GT23.BorderPanel - DEBUG - _handle_ratio_locked_sync: ratio=16:9, is_offset=True
2026-05-07 22:24:06,017 - GT23.BorderPanel - DEBUG - Input margins: l=0, r=5802, t=288, b=1225
2026-05-07 22:24:06,017 - GT23.BorderPanel - DEBUG - Final margins (Offset-based): left=145, right=5657, top=288, bottom=1225
2026-05-07 22:24:06,017 - GT23.BorderPanel - DEBUG - After offset: left=145, right=5657, top=288, bottom=1225
2026-05-07 22:24:06,024 - GT23.BorderPanel - DEBUG - on_params_changed: is_offset=True, is_ratio_change=False
2026-05-07 22:24:06,025 - GT23.BorderPanel - DEBUG - v_offset: 0 -> 0, h_offset: -95 -> -93
2026-05-07 22:24:06,025 - GT23.BorderPanel - DEBUG - Processing offset change (is_offset=True)
2026-05-07 22:24:06,025 - GT23.BorderPanel - DEBUG - _handle_ratio_locked_sync: ratio=16:9, is_offset=True
2026-05-07 22:24:06,025 - GT23.BorderPanel - DEBUG - Input margins: l=145, r=5657, t=288, b=1225
2026-05-07 22:24:06,025 - GT23.BorderPanel - DEBUG - Final margins (Offset-based): left=203, right=5599, top=288, bottom=1225
2026-05-07 22:24:06,025 - GT23.BorderPanel - DEBUG - After offset: left=203, right=5599, top=288, bottom=1225
2026-05-07 22:24:06,032 - GT23.BorderPanel - DEBUG - on_params_changed: is_offset=True, is_ratio_change=False
2026-05-07 22:24:06,032 - GT23.BorderPanel - DEBUG - v_offset: 0 -> 0, h_offset: -93 -> -86
2026-05-07 22:24:06,032 - GT23.BorderPanel - DEBUG - Processing offset change (is_offset=True)
2026-05-07 22:24:06,033 - GT23.BorderPanel - DEBUG - _handle_ratio_locked_sync: ratio=16:9, is_offset=True
2026-05-07 22:24:06,033 - GT23.BorderPanel - DEBUG - Input margins: l=203, r=5599, t=288, b=1225
2026-05-07 22:24:06,033 - GT23.BorderPanel - DEBUG - Final margins (Offset-based): left=406, right=5396, top=288, bottom=1225
2026-05-07 22:24:06,033 - GT23.BorderPanel - DEBUG - After offset: left=406, right=5396, top=288, bottom=1225
2026-05-07 22:24:06,040 - GT23.BorderPanel - DEBUG - on_params_changed: is_offset=True, is_ratio_change=False
2026-05-07 22:24:06,040 - GT23.BorderPanel - DEBUG - v_offset: 0 -> 0, h_offset: -86 -> -84
2026-05-07 22:24:06,040 - GT23.BorderPanel - DEBUG - Processing offset change (is_offset=True)
2026-05-07 22:24:06,040 - GT23.BorderPanel - DEBUG - _handle_ratio_locked_sync: ratio=16:9, is_offset=True
2026-05-07 22:24:06,040 - GT23.BorderPanel - DEBUG - Input margins: l=406, r=5396, t=288, b=1225
2026-05-07 22:24:06,041 - GT23.BorderPanel - DEBUG - Final margins (Offset-based): left=464, right=5338, top=288, bottom=1225
2026-05-07 22:24:06,041 - GT23.BorderPanel - DEBUG - After offset: left=464, right=5338, top=288, bottom=1225
2026-05-07 22:24:06,048 - GT23.BorderPanel - DEBUG - on_params_changed: is_offset=True, is_ratio_change=False
2026-05-07 22:24:06,048 - GT23.BorderPanel - DEBUG - v_offset: 0 -> 0, h_offset: -84 -> -79
2026-05-07 22:24:06,048 - GT23.BorderPanel - DEBUG - Processing offset change (is_offset=True)
2026-05-07 22:24:06,048 - GT23.BorderPanel - DEBUG - _handle_ratio_locked_sync: ratio=16:9, is_offset=True
2026-05-07 22:24:06,048 - GT23.BorderPanel - DEBUG - Input margins: l=464, r=5338, t=288, b=1225
2026-05-07 22:24:06,048 - GT23.BorderPanel - DEBUG - Final margins (Offset-based): left=609, right=5193, top=288, bottom=1225
2026-05-07 22:24:06,048 - GT23.BorderPanel - DEBUG - After offset: left=609, right=5193, top=288, bottom=1225
2026-05-07 22:24:06,056 - GT23.BorderPanel - DEBUG - on_params_changed: is_offset=True, is_ratio_change=False
2026-05-07 22:24:06,056 - GT23.BorderPanel - DEBUG - v_offset: 0 -> 0, h_offset: -79 -> -73
2026-05-07 22:24:06,056 - GT23.BorderPanel - DEBUG - Processing offset change (is_offset=True)
2026-05-07 22:24:06,056 - GT23.BorderPanel - DEBUG - _handle_ratio_locked_sync: ratio=16:9, is_offset=True
2026-05-07 22:24:06,056 - GT23.BorderPanel - DEBUG - Input margins: l=609, r=5193, t=288, b=1225
2026-05-07 22:24:06,056 - GT23.BorderPanel - DEBUG - Final margins (Offset-based): left=783, right=5019, top=288, bottom=1225
2026-05-07 22:24:06,057 - GT23.BorderPanel - DEBUG - After offset: left=783, right=5019, top=288, bottom=1225
2026-05-07 22:24:06,064 - GT23.BorderPanel - DEBUG - on_params_changed: is_offset=True, is_ratio_change=False
2026-05-07 22:24:06,064 - GT23.BorderPanel - DEBUG - v_offset: 0 -> 0, h_offset: -73 -> -68
2026-05-07 22:24:06,064 - GT23.BorderPanel - DEBUG - Processing offset change (is_offset=True)
2026-05-07 22:24:06,064 - GT23.BorderPanel - DEBUG - _handle_ratio_locked_sync: ratio=16:9, is_offset=True
2026-05-07 22:24:06,064 - GT23.BorderPanel - DEBUG - Input margins: l=783, r=5019, t=288, b=1225
2026-05-07 22:24:06,065 - GT23.BorderPanel - DEBUG - Final margins (Offset-based): left=928, right=4874, top=288, bottom=1225
2026-05-07 22:24:06,065 - GT23.BorderPanel - DEBUG - After offset: left=928, right=4874, top=288, bottom=1225
2026-05-07 22:24:06,072 - GT23.BorderPanel - DEBUG - on_params_changed: is_offset=True, is_ratio_change=False
2026-05-07 22:24:06,072 - GT23.BorderPanel - DEBUG - v_offset: 0 -> 0, h_offset: -68 -> -61
2026-05-07 22:24:06,072 - GT23.BorderPanel - DEBUG - Processing offset change (is_offset=True)
2026-05-07 22:24:06,072 - GT23.BorderPanel - DEBUG - _handle_ratio_locked_sync: ratio=16:9, is_offset=True
2026-05-07 22:24:06,072 - GT23.BorderPanel - DEBUG - Input margins: l=928, r=4874, t=288, b=1225
2026-05-07 22:24:06,073 - GT23.BorderPanel - DEBUG - Final margins (Offset-based): left=1131, right=4671, top=288, bottom=1225
2026-05-07 22:24:06,073 - GT23.BorderPanel - DEBUG - After offset: left=1131, right=4671, top=288, bottom=1225
2026-05-07 22:24:06,080 - GT23.BorderPanel - DEBUG - on_params_changed: is_offset=True, is_ratio_change=False
2026-05-07 22:24:06,080 - GT23.BorderPanel - DEBUG - v_offset: 0 -> 0, h_offset: -61 -> -56
2026-05-07 22:24:06,080 - GT23.BorderPanel - DEBUG - Processing offset change (is_offset=True)
2026-05-07 22:24:06,080 - GT23.BorderPanel - DEBUG - _handle_ratio_locked_sync: ratio=16:9, is_offset=True
2026-05-07 22:24:06,080 - GT23.BorderPanel - DEBUG - Input margins: l=1131, r=4671, t=288, b=1225
2026-05-07 22:24:06,081 - GT23.BorderPanel - DEBUG - Final margins (Offset-based): left=1276, right=4526, top=288, bottom=1225
2026-05-07 22:24:06,081 - GT23.BorderPanel - DEBUG - After offset: left=1276, right=4526, top=288, bottom=1225
2026-05-07 22:24:06,088 - GT23.BorderPanel - DEBUG - on_params_changed: is_offset=True, is_ratio_change=False
2026-05-07 22:24:06,088 - GT23.BorderPanel - DEBUG - v_offset: 0 -> 0, h_offset: -56 -> -51
2026-05-07 22:24:06,088 - GT23.BorderPanel - DEBUG - Processing offset change (is_offset=True)
2026-05-07 22:24:06,088 - GT23.BorderPanel - DEBUG - _handle_ratio_locked_sync: ratio=16:9, is_offset=True
2026-05-07 22:24:06,088 - GT23.BorderPanel - DEBUG - Input margins: l=1276, r=4526, t=288, b=1225
2026-05-07 22:24:06,089 - GT23.BorderPanel - DEBUG - Final margins (Offset-based): left=1421, right=4381, top=288, bottom=1225
2026-05-07 22:24:06,089 - GT23.BorderPanel - DEBUG - After offset: left=1421, right=4381, top=288, bottom=1225
2026-05-07 22:24:06,100 - GT23.BorderPanel - DEBUG - on_params_changed: is_offset=True, is_ratio_change=False
2026-05-07 22:24:06,100 - GT23.BorderPanel - DEBUG - v_offset: 0 -> 0, h_offset: -51 -> -46
2026-05-07 22:24:06,100 - GT23.BorderPanel - DEBUG - Processing offset change (is_offset=True)
2026-05-07 22:24:06,100 - GT23.BorderPanel - DEBUG - _handle_ratio_locked_sync: ratio=16:9, is_offset=True
2026-05-07 22:24:06,100 - GT23.BorderPanel - DEBUG - Input margins: l=1421, r=4381, t=288, b=1225
2026-05-07 22:24:06,100 - GT23.BorderPanel - DEBUG - Final margins (Offset-based): left=1566, right=4236, top=288, bottom=1225
2026-05-07 22:24:06,100 - GT23.BorderPanel - DEBUG - After offset: left=1566, right=4236, top=288, bottom=1225
2026-05-07 22:24:06,105 - GT23.BorderPanel - DEBUG - on_params_changed: is_offset=True, is_ratio_change=False
2026-05-07 22:24:06,105 - GT23.BorderPanel - DEBUG - v_offset: 0 -> 0, h_offset: -46 -> -40
2026-05-07 22:24:06,105 - GT23.BorderPanel - DEBUG - Processing offset change (is_offset=True)
2026-05-07 22:24:06,105 - GT23.BorderPanel - DEBUG - _handle_ratio_locked_sync: ratio=16:9, is_offset=True
2026-05-07 22:24:06,105 - GT23.BorderPanel - DEBUG - Input margins: l=1566, r=4236, t=288, b=1225
2026-05-07 22:24:06,105 - GT23.BorderPanel - DEBUG - Final margins (Offset-based): left=1740, right=4062, top=288, bottom=1225
2026-05-07 22:24:06,105 - GT23.BorderPanel - DEBUG - After offset: left=1740, right=4062, top=288, bottom=1225
2026-05-07 22:24:06,113 - GT23.BorderPanel - DEBUG - on_params_changed: is_offset=True, is_ratio_change=False
2026-05-07 22:24:06,113 - GT23.BorderPanel - DEBUG - v_offset: 0 -> 0, h_offset: -40 -> -35
2026-05-07 22:24:06,113 - GT23.BorderPanel - DEBUG - Processing offset change (is_offset=True)
2026-05-07 22:24:06,113 - GT23.BorderPanel - DEBUG - _handle_ratio_locked_sync: ratio=16:9, is_offset=True
2026-05-07 22:24:06,113 - GT23.BorderPanel - DEBUG - Input margins: l=1740, r=4062, t=288, b=1225
2026-05-07 22:24:06,113 - GT23.BorderPanel - DEBUG - Final margins (Offset-based): left=1885, right=3917, top=288, bottom=1225
2026-05-07 22:24:06,113 - GT23.BorderPanel - DEBUG - After offset: left=1885, right=3917, top=288, bottom=1225
2026-05-07 22:24:06,121 - GT23.BorderPanel - DEBUG - on_params_changed: is_offset=True, is_ratio_change=False
2026-05-07 22:24:06,121 - GT23.BorderPanel - DEBUG - v_offset: 0 -> 0, h_offset: -35 -> -32
2026-05-07 22:24:06,121 - GT23.BorderPanel - DEBUG - Processing offset change (is_offset=True)
2026-05-07 22:24:06,121 - GT23.BorderPanel - DEBUG - _handle_ratio_locked_sync: ratio=16:9, is_offset=True
2026-05-07 22:24:06,121 - GT23.BorderPanel - DEBUG - Input margins: l=1885, r=3917, t=288, b=1225
2026-05-07 22:24:06,121 - GT23.BorderPanel - DEBUG - Final margins (Offset-based): left=1972, right=3830, top=288, bottom=1225
2026-05-07 22:24:06,121 - GT23.BorderPanel - DEBUG - After offset: left=1972, right=3830, top=288, bottom=1225
2026-05-07 22:24:06,128 - GT23.BorderPanel - DEBUG - on_params_changed: is_offset=True, is_ratio_change=False
2026-05-07 22:24:06,128 - GT23.BorderPanel - DEBUG - v_offset: 0 -> 0, h_offset: -32 -> -28
2026-05-07 22:24:06,128 - GT23.BorderPanel - DEBUG - Processing offset change (is_offset=True)
2026-05-07 22:24:06,128 - GT23.BorderPanel - DEBUG - _handle_ratio_locked_sync: ratio=16:9, is_offset=True
2026-05-07 22:24:06,128 - GT23.BorderPanel - DEBUG - Input margins: l=1972, r=3830, t=288, b=1225
2026-05-07 22:24:06,129 - GT23.BorderPanel - DEBUG - Final margins (Offset-based): left=2088, right=3714, top=288, bottom=1225
2026-05-07 22:24:06,129 - GT23.BorderPanel - DEBUG - After offset: left=2088, right=3714, top=288, bottom=1225
2026-05-07 22:24:06,136 - GT23.BorderPanel - DEBUG - on_params_changed: is_offset=True, is_ratio_change=False
2026-05-07 22:24:06,136 - GT23.BorderPanel - DEBUG - v_offset: 0 -> 0, h_offset: -28 -> -26
2026-05-07 22:24:06,136 - GT23.BorderPanel - DEBUG - Processing offset change (is_offset=True)
2026-05-07 22:24:06,137 - GT23.BorderPanel - DEBUG - _handle_ratio_locked_sync: ratio=16:9, is_offset=True
2026-05-07 22:24:06,137 - GT23.BorderPanel - DEBUG - Input margins: l=2088, r=3714, t=288, b=1225
2026-05-07 22:24:06,137 - GT23.BorderPanel - DEBUG - Final margins (Offset-based): left=2146, right=3656, top=288, bottom=1225
2026-05-07 22:24:06,137 - GT23.BorderPanel - DEBUG - After offset: left=2146, right=3656, top=288, bottom=1225
2026-05-07 22:24:06,144 - GT23.BorderPanel - DEBUG - on_params_changed: is_offset=True, is_ratio_change=False
2026-05-07 22:24:06,144 - GT23.BorderPanel - DEBUG - v_offset: 0 -> 0, h_offset: -26 -> -25
2026-05-07 22:24:06,144 - GT23.BorderPanel - DEBUG - Processing offset change (is_offset=True)
2026-05-07 22:24:06,144 - GT23.BorderPanel - DEBUG - _handle_ratio_locked_sync: ratio=16:9, is_offset=True
2026-05-07 22:24:06,145 - GT23.BorderPanel - DEBUG - Input margins: l=2146, r=3656, t=288, b=1225
2026-05-07 22:24:06,145 - GT23.BorderPanel - DEBUG - Final margins (Offset-based): left=2175, right=3627, top=288, bottom=1225
2026-05-07 22:24:06,145 - GT23.BorderPanel - DEBUG - After offset: left=2175, right=3627, top=288, bottom=1225
2026-05-07 22:24:06,152 - GT23.BorderPanel - DEBUG - on_params_changed: is_offset=False, is_ratio_change=False
2026-05-07 22:24:06,152 - GT23.BorderPanel - DEBUG - v_offset: 0 -> 0, h_offset: -25 -> -25
2026-05-07 22:24:06,160 - GT23.BorderPanel - DEBUG - on_params_changed: is_offset=True, is_ratio_change=False
2026-05-07 22:24:06,161 - GT23.BorderPanel - DEBUG - v_offset: 0 -> 0, h_offset: -25 -> -23
2026-05-07 22:24:06,161 - GT23.BorderPanel - DEBUG - Processing offset change (is_offset=True)
2026-05-07 22:24:06,161 - GT23.BorderPanel - DEBUG - _handle_ratio_locked_sync: ratio=16:9, is_offset=True
2026-05-07 22:24:06,161 - GT23.BorderPanel - DEBUG - Input margins: l=2175, r=3627, t=288, b=1225
2026-05-07 22:24:06,161 - GT23.BorderPanel - DEBUG - Final margins (Offset-based): left=2233, right=3569, top=288, bottom=1225
2026-05-07 22:24:06,161 - GT23.BorderPanel - DEBUG - After offset: left=2233, right=3569, top=288, bottom=1225
2026-05-07 22:24:06,168 - GT23.BorderPanel - DEBUG - on_params_changed: is_offset=False, is_ratio_change=False
2026-05-07 22:24:06,168 - GT23.BorderPanel - DEBUG - v_offset: 0 -> 0, h_offset: -23 -> -23
2026-05-07 22:24:06,403 - GT23.BorderPanel - DEBUG - on_params_changed: is_offset=True, is_ratio_change=False
2026-05-07 22:24:06,403 - GT23.BorderPanel - DEBUG - v_offset: 0 -> 0, h_offset: -23 -> -20
2026-05-07 22:24:06,403 - GT23.BorderPanel - DEBUG - Processing offset change (is_offset=True)
2026-05-07 22:24:06,403 - GT23.BorderPanel - DEBUG - _handle_ratio_locked_sync: ratio=16:9, is_offset=True
2026-05-07 22:24:06,404 - GT23.BorderPanel - DEBUG - Input margins: l=2233, r=3569, t=288, b=1225
2026-05-07 22:24:06,405 - GT23.BorderPanel - DEBUG - Final margins (Offset-based): left=2320, right=3482, top=288, bottom=1225
2026-05-07 22:24:06,405 - GT23.BorderPanel - DEBUG - After offset: left=2320, right=3482, top=288, bottom=1225
2026-05-07 22:24:06,409 - GT23.BorderPanel - DEBUG - on_params_changed: is_offset=True, is_ratio_change=False
2026-05-07 22:24:06,409 - GT23.BorderPanel - DEBUG - v_offset: 0 -> 0, h_offset: -20 -> -19
2026-05-07 22:24:06,409 - GT23.BorderPanel - DEBUG - Processing offset change (is_offset=True)
2026-05-07 22:24:06,409 - GT23.BorderPanel - DEBUG - _handle_ratio_locked_sync: ratio=16:9, is_offset=True
2026-05-07 22:24:06,409 - GT23.BorderPanel - DEBUG - Input margins: l=2320, r=3482, t=288, b=1225
2026-05-07 22:24:06,409 - GT23.BorderPanel - DEBUG - Final margins (Offset-based): left=2349, right=3453, top=288, bottom=1225
2026-05-07 22:24:06,409 - GT23.BorderPanel - DEBUG - After offset: left=2349, right=3453, top=288, bottom=1225
2026-05-07 22:24:06,416 - GT23.BorderPanel - DEBUG - on_params_changed: is_offset=True, is_ratio_change=False
2026-05-07 22:24:06,417 - GT23.BorderPanel - DEBUG - v_offset: 0 -> 0, h_offset: -19 -> -17
2026-05-07 22:24:06,417 - GT23.BorderPanel - DEBUG - Processing offset change (is_offset=True)
2026-05-07 22:24:06,417 - GT23.BorderPanel - DEBUG - _handle_ratio_locked_sync: ratio=16:9, is_offset=True
2026-05-07 22:24:06,417 - GT23.BorderPanel - DEBUG - Input margins: l=2349, r=3453, t=288, b=1225
2026-05-07 22:24:06,417 - GT23.BorderPanel - DEBUG - Final margins (Offset-based): left=2407, right=3395, top=288, bottom=1225
2026-05-07 22:24:06,417 - GT23.BorderPanel - DEBUG - After offset: left=2407, right=3395, top=288, bottom=1225
2026-05-07 22:24:06,424 - GT23.BorderPanel - DEBUG - on_params_changed: is_offset=True, is_ratio_change=False
2026-05-07 22:24:06,424 - GT23.BorderPanel - DEBUG - v_offset: 0 -> 0, h_offset: -17 -> -15
2026-05-07 22:24:06,425 - GT23.BorderPanel - DEBUG - Processing offset change (is_offset=True)
2026-05-07 22:24:06,425 - GT23.BorderPanel - DEBUG - _handle_ratio_locked_sync: ratio=16:9, is_offset=True
2026-05-07 22:24:06,425 - GT23.BorderPanel - DEBUG - Input margins: l=2407, r=3395, t=288, b=1225
2026-05-07 22:24:06,425 - GT23.BorderPanel - DEBUG - Final margins (Offset-based): left=2465, right=3337, top=288, bottom=1225
2026-05-07 22:24:06,425 - GT23.BorderPanel - DEBUG - After offset: left=2465, right=3337, top=288, bottom=1225
2026-05-07 22:24:06,432 - GT23.BorderPanel - DEBUG - on_params_changed: is_offset=True, is_ratio_change=False
2026-05-07 22:24:06,432 - GT23.BorderPanel - DEBUG - v_offset: 0 -> 0, h_offset: -15 -> -13
2026-05-07 22:24:06,433 - GT23.BorderPanel - DEBUG - Processing offset change (is_offset=True)
2026-05-07 22:24:06,433 - GT23.BorderPanel - DEBUG - _handle_ratio_locked_sync: ratio=16:9, is_offset=True
2026-05-07 22:24:06,433 - GT23.BorderPanel - DEBUG - Input margins: l=2465, r=3337, t=288, b=1225
2026-05-07 22:24:06,433 - GT23.BorderPanel - DEBUG - Final margins (Offset-based): left=2523, right=3279, top=288, bottom=1225
2026-05-07 22:24:06,433 - GT23.BorderPanel - DEBUG - After offset: left=2523, right=3279, top=288, bottom=1225
2026-05-07 22:24:06,440 - GT23.BorderPanel - DEBUG - on_params_changed: is_offset=True, is_ratio_change=False
2026-05-07 22:24:06,440 - GT23.BorderPanel - DEBUG - v_offset: 0 -> 0, h_offset: -13 -> -12
2026-05-07 22:24:06,441 - GT23.BorderPanel - DEBUG - Processing offset change (is_offset=True)
2026-05-07 22:24:06,441 - GT23.BorderPanel - DEBUG - _handle_ratio_locked_sync: ratio=16:9, is_offset=True
2026-05-07 22:24:06,441 - GT23.BorderPanel - DEBUG - Input margins: l=2523, r=3279, t=288, b=1225
2026-05-07 22:24:06,441 - GT23.BorderPanel - DEBUG - Final margins (Offset-based): left=2552, right=3250, top=288, bottom=1225
2026-05-07 22:24:06,441 - GT23.BorderPanel - DEBUG - After offset: left=2552, right=3250, top=288, bottom=1225
2026-05-07 22:24:06,448 - GT23.BorderPanel - DEBUG - on_params_changed: is_offset=True, is_ratio_change=False
2026-05-07 22:24:06,449 - GT23.BorderPanel - DEBUG - v_offset: 0 -> 0, h_offset: -12 -> -11
2026-05-07 22:24:06,449 - GT23.BorderPanel - DEBUG - Processing offset change (is_offset=True)
2026-05-07 22:24:06,449 - GT23.BorderPanel - DEBUG - _handle_ratio_locked_sync: ratio=16:9, is_offset=True
2026-05-07 22:24:06,449 - GT23.BorderPanel - DEBUG - Input margins: l=2552, r=3250, t=288, b=1225
2026-05-07 22:24:06,449 - GT23.BorderPanel - DEBUG - Final margins (Offset-based): left=2581, right=3221, top=288, bottom=1225
2026-05-07 22:24:06,449 - GT23.BorderPanel - DEBUG - After offset: left=2581, right=3221, top=288, bottom=1225
2026-05-07 22:24:06,456 - GT23.BorderPanel - DEBUG - on_params_changed: is_offset=True, is_ratio_change=False
2026-05-07 22:24:06,456 - GT23.BorderPanel - DEBUG - v_offset: 0 -> 0, h_offset: -11 -> -9
2026-05-07 22:24:06,456 - GT23.BorderPanel - DEBUG - Processing offset change (is_offset=True)
2026-05-07 22:24:06,456 - GT23.BorderPanel - DEBUG - _handle_ratio_locked_sync: ratio=16:9, is_offset=True
2026-05-07 22:24:06,457 - GT23.BorderPanel - DEBUG - Input margins: l=2581, r=3221, t=288, b=1225
2026-05-07 22:24:06,457 - GT23.BorderPanel - DEBUG - Final margins (Offset-based): left=2639, right=3163, top=288, bottom=1225
2026-05-07 22:24:06,457 - GT23.BorderPanel - DEBUG - After offset: left=2639, right=3163, top=288, bottom=1225
2026-05-07 22:24:06,464 - GT23.BorderPanel - DEBUG - on_params_changed: is_offset=True, is_ratio_change=False
2026-05-07 22:24:06,464 - GT23.BorderPanel - DEBUG - v_offset: 0 -> 0, h_offset: -9 -> -7
2026-05-07 22:24:06,464 - GT23.BorderPanel - DEBUG - Processing offset change (is_offset=True)
2026-05-07 22:24:06,464 - GT23.BorderPanel - DEBUG - _handle_ratio_locked_sync: ratio=16:9, is_offset=True
2026-05-07 22:24:06,465 - GT23.BorderPanel - DEBUG - Input margins: l=2639, r=3163, t=288, b=1225
2026-05-07 22:24:06,465 - GT23.BorderPanel - DEBUG - Final margins (Offset-based): left=2697, right=3105, top=288, bottom=1225
2026-05-07 22:24:06,465 - GT23.BorderPanel - DEBUG - After offset: left=2697, right=3105, top=288, bottom=1225
2026-05-07 22:24:06,472 - GT23.BorderPanel - DEBUG - on_params_changed: is_offset=True, is_ratio_change=False
2026-05-07 22:24:06,472 - GT23.BorderPanel - DEBUG - v_offset: 0 -> 0, h_offset: -7 -> -6
2026-05-07 22:24:06,472 - GT23.BorderPanel - DEBUG - Processing offset change (is_offset=True)
2026-05-07 22:24:06,472 - GT23.BorderPanel - DEBUG - _handle_ratio_locked_sync: ratio=16:9, is_offset=True
2026-05-07 22:24:06,472 - GT23.BorderPanel - DEBUG - Input margins: l=2697, r=3105, t=288, b=1225
2026-05-07 22:24:06,473 - GT23.BorderPanel - DEBUG - Final margins (Offset-based): left=2726, right=3076, top=288, bottom=1225
2026-05-07 22:24:06,473 - GT23.BorderPanel - DEBUG - After offset: left=2726, right=3076, top=288, bottom=1225
2026-05-07 22:24:06,480 - GT23.BorderPanel - DEBUG - on_params_changed: is_offset=True, is_ratio_change=False
2026-05-07 22:24:06,480 - GT23.BorderPanel - DEBUG - v_offset: 0 -> 0, h_offset: -6 -> -5
2026-05-07 22:24:06,480 - GT23.BorderPanel - DEBUG - Processing offset change (is_offset=True)
2026-05-07 22:24:06,480 - GT23.BorderPanel - DEBUG - _handle_ratio_locked_sync: ratio=16:9, is_offset=True
2026-05-07 22:24:06,480 - GT23.BorderPanel - DEBUG - Input margins: l=2726, r=3076, t=288, b=1225
2026-05-07 22:24:06,481 - GT23.BorderPanel - DEBUG - Final margins (Offset-based): left=2755, right=3047, top=288, bottom=1225
2026-05-07 22:24:06,481 - GT23.BorderPanel - DEBUG - After offset: left=2755, right=3047, top=288, bottom=1225
2026-05-07 22:24:06,488 - GT23.BorderPanel - DEBUG - on_params_changed: is_offset=True, is_ratio_change=False
2026-05-07 22:24:06,488 - GT23.BorderPanel - DEBUG - v_offset: 0 -> 0, h_offset: -5 -> -3
2026-05-07 22:24:06,488 - GT23.BorderPanel - DEBUG - Processing offset change (is_offset=True)
2026-05-07 22:24:06,488 - GT23.BorderPanel - DEBUG - _handle_ratio_locked_sync: ratio=16:9, is_offset=True
2026-05-07 22:24:06,488 - GT23.BorderPanel - DEBUG - Input margins: l=2755, r=3047, t=288, b=1225
2026-05-07 22:24:06,489 - GT23.BorderPanel - DEBUG - Final margins (Offset-based): left=2813, right=2989, top=288, bottom=1225
2026-05-07 22:24:06,489 - GT23.BorderPanel - DEBUG - After offset: left=2813, right=2989, top=288, bottom=1225
2026-05-07 22:24:06,496 - GT23.BorderPanel - DEBUG - on_params_changed: is_offset=True, is_ratio_change=False
2026-05-07 22:24:06,496 - GT23.BorderPanel - DEBUG - v_offset: 0 -> 0, h_offset: -3 -> -2
2026-05-07 22:24:06,496 - GT23.BorderPanel - DEBUG - Processing offset change (is_offset=True)
2026-05-07 22:24:06,496 - GT23.BorderPanel - DEBUG - _handle_ratio_locked_sync: ratio=16:9, is_offset=True
2026-05-07 22:24:06,496 - GT23.BorderPanel - DEBUG - Input margins: l=2813, r=2989, t=288, b=1225
2026-05-07 22:24:06,497 - GT23.BorderPanel - DEBUG - Final margins (Offset-based): left=2842, right=2960, top=288, bottom=1225
2026-05-07 22:24:06,497 - GT23.BorderPanel - DEBUG - After offset: left=2842, right=2960, top=288, bottom=1225
2026-05-07 22:24:10,644 - GT23.BorderPanel - DEBUG - on_params_changed: is_offset=True, is_ratio_change=False
2026-05-07 22:24:10,645 - GT23.BorderPanel - DEBUG - v_offset: 0 -> 0, h_offset: -2 -> -4
2026-05-07 22:24:10,645 - GT23.BorderPanel - DEBUG - Processing offset change (is_offset=True)
2026-05-07 22:24:10,645 - GT23.BorderPanel - DEBUG - _handle_ratio_locked_sync: ratio=16:9, is_offset=True
2026-05-07 22:24:10,645 - GT23.BorderPanel - DEBUG - Input margins: l=2842, r=2960, t=288, b=1225
2026-05-07 22:24:10,646 - GT23.BorderPanel - DEBUG - Final margins (Offset-based): left=2784, right=3018, top=288, bottom=1225
2026-05-07 22:24:10,647 - GT23.BorderPanel - DEBUG - After offset: left=2784, right=3018, top=288, bottom=1225
2026-05-07 22:24:10,651 - GT23.BorderPanel - DEBUG - on_params_changed: is_offset=True, is_ratio_change=False
2026-05-07 22:24:10,651 - GT23.BorderPanel - DEBUG - v_offset: 0 -> 0, h_offset: -4 -> 2
2026-05-07 22:24:10,651 - GT23.BorderPanel - DEBUG - Processing offset change (is_offset=True)
2026-05-07 22:24:10,651 - GT23.BorderPanel - DEBUG - _handle_ratio_locked_sync: ratio=16:9, is_offset=True
2026-05-07 22:24:10,651 - GT23.BorderPanel - DEBUG - Input margins: l=2784, r=3018, t=288, b=1225
2026-05-07 22:24:10,651 - GT23.BorderPanel - DEBUG - Final margins (Offset-based): left=2959, right=2843, top=288, bottom=1225
2026-05-07 22:24:10,651 - GT23.BorderPanel - DEBUG - After offset: left=2959, right=2843, top=288, bottom=1225
2026-05-07 22:24:10,658 - GT23.BorderPanel - DEBUG - on_params_changed: is_offset=True, is_ratio_change=False
2026-05-07 22:24:10,659 - GT23.BorderPanel - DEBUG - v_offset: 0 -> 0, h_offset: 2 -> 6
2026-05-07 22:24:10,659 - GT23.BorderPanel - DEBUG - Processing offset change (is_offset=True)
2026-05-07 22:24:10,659 - GT23.BorderPanel - DEBUG - _handle_ratio_locked_sync: ratio=16:9, is_offset=True
2026-05-07 22:24:10,659 - GT23.BorderPanel - DEBUG - Input margins: l=2959, r=2843, t=288, b=1225
2026-05-07 22:24:10,659 - GT23.BorderPanel - DEBUG - Final margins (Offset-based): left=3075, right=2727, top=288, bottom=1225
2026-05-07 22:24:10,659 - GT23.BorderPanel - DEBUG - After offset: left=3075, right=2727, top=288, bottom=1225
2026-05-07 22:24:10,666 - GT23.BorderPanel - DEBUG - on_params_changed: is_offset=True, is_ratio_change=False
2026-05-07 22:24:10,666 - GT23.BorderPanel - DEBUG - v_offset: 0 -> 0, h_offset: 6 -> 8
2026-05-07 22:24:10,666 - GT23.BorderPanel - DEBUG - Processing offset change (is_offset=True)
2026-05-07 22:24:10,667 - GT23.BorderPanel - DEBUG - _handle_ratio_locked_sync: ratio=16:9, is_offset=True
2026-05-07 22:24:10,667 - GT23.BorderPanel - DEBUG - Input margins: l=3075, r=2727, t=288, b=1225
2026-05-07 22:24:10,667 - GT23.BorderPanel - DEBUG - Final margins (Offset-based): left=3133, right=2669, top=288, bottom=1225
2026-05-07 22:24:10,667 - GT23.BorderPanel - DEBUG - After offset: left=3133, right=2669, top=288, bottom=1225
2026-05-07 22:24:10,674 - GT23.BorderPanel - DEBUG - on_params_changed: is_offset=True, is_ratio_change=False
2026-05-07 22:24:10,674 - GT23.BorderPanel - DEBUG - v_offset: 0 -> 0, h_offset: 8 -> 13
2026-05-07 22:24:10,674 - GT23.BorderPanel - DEBUG - Processing offset change (is_offset=True)
2026-05-07 22:24:10,674 - GT23.BorderPanel - DEBUG - _handle_ratio_locked_sync: ratio=16:9, is_offset=True
2026-05-07 22:24:10,674 - GT23.BorderPanel - DEBUG - Input margins: l=3133, r=2669, t=288, b=1225
2026-05-07 22:24:10,675 - GT23.BorderPanel - DEBUG - Final margins (Offset-based): left=3278, right=2524, top=288, bottom=1225
2026-05-07 22:24:10,675 - GT23.BorderPanel - DEBUG - After offset: left=3278, right=2524, top=288, bottom=1225
2026-05-07 22:24:10,682 - GT23.BorderPanel - DEBUG - on_params_changed: is_offset=True, is_ratio_change=False
2026-05-07 22:24:10,682 - GT23.BorderPanel - DEBUG - v_offset: 0 -> 0, h_offset: 13 -> 20
2026-05-07 22:24:10,682 - GT23.BorderPanel - DEBUG - Processing offset change (is_offset=True)
2026-05-07 22:24:10,682 - GT23.BorderPanel - DEBUG - _handle_ratio_locked_sync: ratio=16:9, is_offset=True
2026-05-07 22:24:10,682 - GT23.BorderPanel - DEBUG - Input margins: l=3278, r=2524, t=288, b=1225
2026-05-07 22:24:10,683 - GT23.BorderPanel - DEBUG - Final margins (Offset-based): left=3481, right=2321, top=288, bottom=1225
2026-05-07 22:24:10,683 - GT23.BorderPanel - DEBUG - After offset: left=3481, right=2321, top=288, bottom=1225
2026-05-07 22:24:10,690 - GT23.BorderPanel - DEBUG - on_params_changed: is_offset=True, is_ratio_change=False
2026-05-07 22:24:10,690 - GT23.BorderPanel - DEBUG - v_offset: 0 -> 0, h_offset: 20 -> 31
2026-05-07 22:24:10,690 - GT23.BorderPanel - DEBUG - Processing offset change (is_offset=True)
2026-05-07 22:24:10,690 - GT23.BorderPanel - DEBUG - _handle_ratio_locked_sync: ratio=16:9, is_offset=True
2026-05-07 22:24:10,690 - GT23.BorderPanel - DEBUG - Input margins: l=3481, r=2321, t=288, b=1225
2026-05-07 22:24:10,691 - GT23.BorderPanel - DEBUG - Final margins (Offset-based): left=3800, right=2002, top=288, bottom=1225
2026-05-07 22:24:10,691 - GT23.BorderPanel - DEBUG - After offset: left=3800, right=2002, top=288, bottom=1225
2026-05-07 22:24:10,698 - GT23.BorderPanel - DEBUG - on_params_changed: is_offset=True, is_ratio_change=False
2026-05-07 22:24:10,698 - GT23.BorderPanel - DEBUG - v_offset: 0 -> 0, h_offset: 31 -> 42
2026-05-07 22:24:10,698 - GT23.BorderPanel - DEBUG - Processing offset change (is_offset=True)
2026-05-07 22:24:10,698 - GT23.BorderPanel - DEBUG - _handle_ratio_locked_sync: ratio=16:9, is_offset=True
2026-05-07 22:24:10,698 - GT23.BorderPanel - DEBUG - Input margins: l=3800, r=2002, t=288, b=1225
2026-05-07 22:24:10,699 - GT23.BorderPanel - DEBUG - Final margins (Offset-based): left=4119, right=1683, top=288, bottom=1225
2026-05-07 22:24:10,699 - GT23.BorderPanel - DEBUG - After offset: left=4119, right=1683, top=288, bottom=1225
2026-05-07 22:24:10,706 - GT23.BorderPanel - DEBUG - on_params_changed: is_offset=True, is_ratio_change=False
2026-05-07 22:24:10,706 - GT23.BorderPanel - DEBUG - v_offset: 0 -> 0, h_offset: 42 -> 54
2026-05-07 22:24:10,706 - GT23.BorderPanel - DEBUG - Processing offset change (is_offset=True)
2026-05-07 22:24:10,706 - GT23.BorderPanel - DEBUG - _handle_ratio_locked_sync: ratio=16:9, is_offset=True
2026-05-07 22:24:10,706 - GT23.BorderPanel - DEBUG - Input margins: l=4119, r=1683, t=288, b=1225
2026-05-07 22:24:10,707 - GT23.BorderPanel - DEBUG - Final margins (Offset-based): left=4467, right=1335, top=288, bottom=1225
2026-05-07 22:24:10,707 - GT23.BorderPanel - DEBUG - After offset: left=4467, right=1335, top=288, bottom=1225
2026-05-07 22:24:10,714 - GT23.BorderPanel - DEBUG - on_params_changed: is_offset=True, is_ratio_change=False
2026-05-07 22:24:10,714 - GT23.BorderPanel - DEBUG - v_offset: 0 -> 0, h_offset: 54 -> 67
2026-05-07 22:24:10,714 - GT23.BorderPanel - DEBUG - Processing offset change (is_offset=True)
2026-05-07 22:24:10,714 - GT23.BorderPanel - DEBUG - _handle_ratio_locked_sync: ratio=16:9, is_offset=True
2026-05-07 22:24:10,714 - GT23.BorderPanel - DEBUG - Input margins: l=4467, r=1335, t=288, b=1225
2026-05-07 22:24:10,714 - GT23.BorderPanel - DEBUG - Final margins (Offset-based): left=4844, right=958, top=288, bottom=1225
2026-05-07 22:24:10,714 - GT23.BorderPanel - DEBUG - After offset: left=4844, right=958, top=288, bottom=1225
2026-05-07 22:24:10,722 - GT23.BorderPanel - DEBUG - on_params_changed: is_offset=True, is_ratio_change=False
2026-05-07 22:24:10,722 - GT23.BorderPanel - DEBUG - v_offset: 0 -> 0, h_offset: 67 -> 80
2026-05-07 22:24:10,722 - GT23.BorderPanel - DEBUG - Processing offset change (is_offset=True)
2026-05-07 22:24:10,722 - GT23.BorderPanel - DEBUG - _handle_ratio_locked_sync: ratio=16:9, is_offset=True
2026-05-07 22:24:10,722 - GT23.BorderPanel - DEBUG - Input margins: l=4844, r=958, t=288, b=1225
2026-05-07 22:24:10,723 - GT23.BorderPanel - DEBUG - Final margins (Offset-based): left=5221, right=581, top=288, bottom=1225
2026-05-07 22:24:10,723 - GT23.BorderPanel - DEBUG - After offset: left=5221, right=581, top=288, bottom=1225
2026-05-07 22:24:10,730 - GT23.BorderPanel - DEBUG - on_params_changed: is_offset=True, is_ratio_change=False
2026-05-07 22:24:10,730 - GT23.BorderPanel - DEBUG - v_offset: 0 -> 0, h_offset: 80 -> 92
2026-05-07 22:24:10,730 - GT23.BorderPanel - DEBUG - Processing offset change (is_offset=True)
2026-05-07 22:24:10,730 - GT23.BorderPanel - DEBUG - _handle_ratio_locked_sync: ratio=16:9, is_offset=True
2026-05-07 22:24:10,731 - GT23.BorderPanel - DEBUG - Input margins: l=5221, r=581, t=288, b=1225
2026-05-07 22:24:10,731 - GT23.BorderPanel - DEBUG - Final margins (Offset-based): left=5569, right=233, top=288, bottom=1225
2026-05-07 22:24:10,731 - GT23.BorderPanel - DEBUG - After offset: left=5569, right=233, top=288, bottom=1225
2026-05-07 22:24:10,738 - GT23.BorderPanel - DEBUG - on_params_changed: is_offset=True, is_ratio_change=False
2026-05-07 22:24:10,738 - GT23.BorderPanel - DEBUG - v_offset: 0 -> 0, h_offset: 92 -> 100
2026-05-07 22:24:10,738 - GT23.BorderPanel - DEBUG - Processing offset change (is_offset=True)
2026-05-07 22:24:10,738 - GT23.BorderPanel - DEBUG - _handle_ratio_locked_sync: ratio=16:9, is_offset=True
2026-05-07 22:24:10,738 - GT23.BorderPanel - DEBUG - Input margins: l=5569, r=233, t=288, b=1225
2026-05-07 22:24:10,739 - GT23.BorderPanel - DEBUG - Final margins (Offset-based): left=5802, right=0, top=288, bottom=1225
2026-05-07 22:24:10,739 - GT23.BorderPanel - DEBUG - After offset: left=5802, right=0, top=288, bottom=1225
2026-05-07 22:24:10,747 - GT23.BorderPanel - DEBUG - on_params_changed: is_offset=False, is_ratio_change=False
2026-05-07 22:24:10,747 - GT23.BorderPanel - DEBUG - v_offset: 0 -> 0, h_offset: 100 -> 100
2026-05-07 22:24:10,754 - GT23.BorderPanel - DEBUG - on_params_changed: is_offset=False, is_ratio_change=False
2026-05-07 22:24:10,754 - GT23.BorderPanel - DEBUG - v_offset: 0 -> 0, h_offset: 100 -> 100
2026-05-07 22:24:10,762 - GT23.BorderPanel - DEBUG - on_params_changed: is_offset=False, is_ratio_change=False
2026-05-07 22:24:10,762 - GT23.BorderPanel - DEBUG - v_offset: 0 -> 0, h_offset: 100 -> 100
2026-05-07 22:24:10,770 - GT23.BorderPanel - DEBUG - on_params_changed: is_offset=False, is_ratio_change=False
2026-05-07 22:24:10,771 - GT23.BorderPanel - DEBUG - v_offset: 0 -> 0, h_offset: 100 -> 100
2026-05-07 22:24:10,779 - GT23.BorderPanel - DEBUG - on_params_changed: is_offset=False, is_ratio_change=False
2026-05-07 22:24:10,779 - GT23.BorderPanel - DEBUG - v_offset: 0 -> 0, h_offset: 100 -> 100
2026-05-07 22:24:10,787 - GT23.BorderPanel - DEBUG - on_params_changed: is_offset=False, is_ratio_change=False
2026-05-07 22:24:10,787 - GT23.BorderPanel - DEBUG - v_offset: 0 -> 0, h_offset: 100 -> 100
2026-05-07 22:24:10,795 - GT23.BorderPanel - DEBUG - on_params_changed: is_offset=False, is_ratio_change=False
2026-05-07 22:24:10,795 - GT23.BorderPanel - DEBUG - v_offset: 0 -> 0, h_offset: 100 -> 100
2026-05-07 22:24:10,803 - GT23.BorderPanel - DEBUG - on_params_changed: is_offset=False, is_ratio_change=False
2026-05-07 22:24:10,803 - GT23.BorderPanel - DEBUG - v_offset: 0 -> 0, h_offset: 100 -> 100
2026-05-07 22:24:10,811 - GT23.BorderPanel - DEBUG - on_params_changed: is_offset=False, is_ratio_change=False
2026-05-07 22:24:10,811 - GT23.BorderPanel - DEBUG - v_offset: 0 -> 0, h_offset: 100 -> 100
2026-05-07 22:24:10,818 - GT23.BorderPanel - DEBUG - on_params_changed: is_offset=False, is_ratio_change=False
2026-05-07 22:24:10,819 - GT23.BorderPanel - DEBUG - v_offset: 0 -> 0, h_offset: 100 -> 100
2026-05-07 22:24:10,826 - GT23.BorderPanel - DEBUG - on_params_changed: is_offset=False, is_ratio_change=False
2026-05-07 22:24:10,826 - GT23.BorderPanel - DEBUG - v_offset: 0 -> 0, h_offset: 100 -> 100
2026-05-07 22:24:10,868 - GT23.BorderPanel - DEBUG - on_params_changed: is_offset=False, is_ratio_change=False
2026-05-07 22:24:10,868 - GT23.BorderPanel - DEBUG - v_offset: 0 -> 0, h_offset: 100 -> 100
2026-05-07 22:24:10,892 - GT23.BorderPanel - DEBUG - on_params_changed: is_offset=False, is_ratio_change=False
2026-05-07 22:24:10,892 - GT23.BorderPanel - DEBUG - v_offset: 0 -> 0, h_offset: 100 -> 100
2026-05-07 22:24:18,582 - GT23.BorderPanel - DEBUG - === _on_ratio_changed_aesthetic called ===
2026-05-07 22:24:18,582 - GT23.BorderPanel - DEBUG - Before: left=5802, right=0, top=288, bottom=1225
2026-05-07 22:24:18,582 - GT23.BorderPanel - DEBUG - v_offset=0, h_offset=100
2026-05-07 22:24:18,582 - GT23.BorderPanel - DEBUG - After preset: left=350, right=350, top=350, bottom=1100
2026-05-07 22:24:18,582 - GT23.BorderPanel - DEBUG - _ratio_just_changed = True
2026-05-07 22:24:18,582 - GT23.BorderPanel - DEBUG - on_params_changed: is_offset=False, is_ratio_change=True
2026-05-07 22:24:18,582 - GT23.BorderPanel - DEBUG - v_offset: 0 -> 0, h_offset: 100 -> 100
2026-05-07 22:24:18,583 - GT23.BorderPanel - DEBUG - Processing ratio change (is_offset=False)
2026-05-07 22:24:18,583 - GT23.BorderPanel - DEBUG - _handle_ratio_locked_sync: ratio=5:7, is_offset=False
2026-05-07 22:24:18,583 - GT23.BorderPanel - DEBUG - Input margins: l=350, r=350, t=350, b=1100
2026-05-07 22:24:18,583 - GT23.BorderPanel - DEBUG - Final margins (Offset-based): left=700, right=0, top=609, bottom=1971
2026-05-07 22:24:18,583 - GT23.BorderPanel - DEBUG - After ratio: left=700, right=0, top=609, bottom=1971
2026-05-07 22:24:18,584 - GT23.BorderPanel - DEBUG - on_params_changed: is_offset=False, is_ratio_change=False
2026-05-07 22:24:18,584 - GT23.BorderPanel - DEBUG - v_offset: 0 -> 0, h_offset: 100 -> 100
2026-05-07 22:24:22,391 - GT23.BorderPanel - DEBUG - === _on_ratio_changed_aesthetic called ===
2026-05-07 22:24:22,392 - GT23.BorderPanel - DEBUG - Before: left=700, right=0, top=609, bottom=1971
2026-05-07 22:24:22,392 - GT23.BorderPanel - DEBUG - v_offset=0, h_offset=100
2026-05-07 22:24:22,392 - GT23.BorderPanel - DEBUG - After preset: left=300, right=300, top=600, bottom=2000
2026-05-07 22:24:22,392 - GT23.BorderPanel - DEBUG - _ratio_just_changed = True
2026-05-07 22:24:22,392 - GT23.BorderPanel - DEBUG - on_params_changed: is_offset=False, is_ratio_change=True
2026-05-07 22:24:22,392 - GT23.BorderPanel - DEBUG - v_offset: 0 -> 0, h_offset: 100 -> 100
2026-05-07 22:24:22,392 - GT23.BorderPanel - DEBUG - Processing ratio change (is_offset=False)
2026-05-07 22:24:22,392 - GT23.BorderPanel - DEBUG - _handle_ratio_locked_sync: ratio=9:16, is_offset=False
2026-05-07 22:24:22,392 - GT23.BorderPanel - DEBUG - Input margins: l=300, r=300, t=600, b=2000
2026-05-07 22:24:22,392 - GT23.BorderPanel - DEBUG - Final margins (Offset-based): left=600, right=0, top=1088, bottom=3089
2026-05-07 22:24:22,392 - GT23.BorderPanel - DEBUG - After ratio: left=600, right=0, top=1088, bottom=3089
2026-05-07 22:24:22,394 - GT23.BorderPanel - DEBUG - on_params_changed: is_offset=False, is_ratio_change=False
2026-05-07 22:24:22,394 - GT23.BorderPanel - DEBUG - v_offset: 0 -> 0, h_offset: 100 -> 100
2026-05-07 22:24:25,224 - GT23.BorderPanel - DEBUG - === _on_ratio_changed_aesthetic called ===
2026-05-07 22:24:25,225 - GT23.BorderPanel - DEBUG - Before: left=600, right=0, top=1088, bottom=3089
2026-05-07 22:24:25,225 - GT23.BorderPanel - DEBUG - v_offset=0, h_offset=100
2026-05-07 22:24:25,225 - GT23.BorderPanel - DEBUG - After preset: left=300, right=300, top=500, bottom=950
2026-05-07 22:24:25,225 - GT23.BorderPanel - DEBUG - _ratio_just_changed = True
2026-05-07 22:24:25,225 - GT23.BorderPanel - DEBUG - on_params_changed: is_offset=False, is_ratio_change=True
2026-05-07 22:24:25,225 - GT23.BorderPanel - DEBUG - v_offset: 0 -> 0, h_offset: 100 -> 100
2026-05-07 22:24:25,225 - GT23.BorderPanel - DEBUG - Processing ratio change (is_offset=False)
2026-05-07 22:24:25,225 - GT23.BorderPanel - DEBUG - _handle_ratio_locked_sync: ratio=16:9, is_offset=False
2026-05-07 22:24:25,225 - GT23.BorderPanel - DEBUG - Input margins: l=300, r=300, t=500, b=950
2026-05-07 22:24:25,225 - GT23.BorderPanel - DEBUG - Final margins (Offset-based): left=5688, right=0, top=270, bottom=1180
2026-05-07 22:24:25,225 - GT23.BorderPanel - DEBUG - After ratio: left=5688, right=0, top=270, bottom=1180
2026-05-07 22:24:25,227 - GT23.BorderPanel - DEBUG - on_params_changed: is_offset=False, is_ratio_change=False
2026-05-07 22:24:25,227 - GT23.BorderPanel - DEBUG - v_offset: 0 -> 0, h_offset: 100 -> 100
2026-05-07 22:24:27,977 - GT23.BorderPanel - DEBUG - === _on_ratio_changed_aesthetic called ===
2026-05-07 22:24:27,978 - GT23.BorderPanel - DEBUG - Before: left=5688, right=0, top=270, bottom=1180
2026-05-07 22:24:27,978 - GT23.BorderPanel - DEBUG - v_offset=0, h_offset=100
2026-05-07 22:24:27,978 - GT23.BorderPanel - DEBUG - After preset: left=5688, right=0, top=270, bottom=1180
2026-05-07 22:24:27,978 - GT23.BorderPanel - DEBUG - _ratio_just_changed = True
2026-05-07 22:24:27,978 - GT23.BorderPanel - DEBUG - on_params_changed: is_offset=False, is_ratio_change=True
2026-05-07 22:24:27,978 - GT23.BorderPanel - DEBUG - v_offset: 0 -> 0, h_offset: 100 -> 100
2026-05-07 22:24:27,978 - GT23.BorderPanel - DEBUG - Processing ratio change (is_offset=False)
2026-05-07 22:24:27,978 - GT23.BorderPanel - DEBUG - _handle_ratio_locked_sync: ratio=原图, is_offset=False
2026-05-07 22:24:27,978 - GT23.BorderPanel - DEBUG - Input margins: l=5688, r=0, t=270, b=1180
2026-05-07 22:24:27,978 - GT23.BorderPanel - DEBUG - Final margins: left=5688, right=0, top=270, bottom=1180
2026-05-07 22:24:27,978 - GT23.BorderPanel - DEBUG - After ratio: left=5688, right=0, top=270, bottom=1180
2026-05-07 22:24:27,979 - GT23.BorderPanel - DEBUG - on_params_changed: is_offset=False, is_ratio_change=False
2026-05-07 22:24:27,979 - GT23.BorderPanel - DEBUG - v_offset: 0 -> 0, h_offset: 100 -> 100
2026-05-07 22:24:30,706 - GT23.BorderPanel - DEBUG - === _on_ratio_changed_aesthetic called ===
2026-05-07 22:24:30,707 - GT23.BorderPanel - DEBUG - Before: left=5688, right=0, top=270, bottom=1180
2026-05-07 22:24:30,707 - GT23.BorderPanel - DEBUG - v_offset=0, h_offset=100
2026-05-07 22:24:30,707 - GT23.BorderPanel - DEBUG - After preset: left=500, right=500, top=500, bottom=1200
2026-05-07 22:24:30,707 - GT23.BorderPanel - DEBUG - _ratio_just_changed = True
2026-05-07 22:24:30,707 - GT23.BorderPanel - DEBUG - on_params_changed: is_offset=False, is_ratio_change=True
2026-05-07 22:24:30,707 - GT23.BorderPanel - DEBUG - v_offset: 0 -> 0, h_offset: 100 -> 100
2026-05-07 22:24:30,707 - GT23.BorderPanel - DEBUG - Processing ratio change (is_offset=False)
2026-05-07 22:24:30,707 - GT23.BorderPanel - DEBUG - _handle_ratio_locked_sync: ratio=1:1, is_offset=False
2026-05-07 22:24:30,707 - GT23.BorderPanel - DEBUG - Input margins: l=500, r=500, t=500, b=1200
2026-05-07 22:24:30,708 - GT23.BorderPanel - DEBUG - Final margins (Offset-based): left=1700, right=0, top=345, bottom=1355
2026-05-07 22:24:30,708 - GT23.BorderPanel - DEBUG - After ratio: left=1700, right=0, top=345, bottom=1355
2026-05-07 22:24:30,709 - GT23.BorderPanel - DEBUG - on_params_changed: is_offset=False, is_ratio_change=False
2026-05-07 22:24:30,709 - GT23.BorderPanel - DEBUG - v_offset: 0 -> 0, h_offset: 100 -> 100
2026-05-07 22:24:32,635 - GT23.BorderPanel - DEBUG - === _on_ratio_changed_aesthetic called ===
2026-05-07 22:24:32,635 - GT23.BorderPanel - DEBUG - Before: left=1700, right=0, top=345, bottom=1355
2026-05-07 22:24:32,636 - GT23.BorderPanel - DEBUG - v_offset=0, h_offset=100
2026-05-07 22:24:32,636 - GT23.BorderPanel - DEBUG - After preset: left=1700, right=0, top=345, bottom=1355
2026-05-07 22:24:32,636 - GT23.BorderPanel - DEBUG - _ratio_just_changed = True
2026-05-07 22:24:32,636 - GT23.BorderPanel - DEBUG - on_params_changed: is_offset=False, is_ratio_change=True
2026-05-07 22:24:32,636 - GT23.BorderPanel - DEBUG - v_offset: 0 -> 0, h_offset: 100 -> 100
2026-05-07 22:24:32,636 - GT23.BorderPanel - DEBUG - Processing ratio change (is_offset=False)
2026-05-07 22:24:32,636 - GT23.BorderPanel - DEBUG - _handle_ratio_locked_sync: ratio=原图, is_offset=False
2026-05-07 22:24:32,636 - GT23.BorderPanel - DEBUG - Input margins: l=1700, r=0, t=345, b=1355
2026-05-07 22:24:32,636 - GT23.BorderPanel - DEBUG - Final margins: left=1700, right=0, top=345, bottom=1355
2026-05-07 22:24:32,636 - GT23.BorderPanel - DEBUG - After ratio: left=1700, right=0, top=345, bottom=1355
2026-05-07 22:24:32,637 - GT23.BorderPanel - DEBUG - on_params_changed: is_offset=False, is_ratio_change=False
2026-05-07 22:24:32,637 - GT23.BorderPanel - DEBUG - v_offset: 0 -> 0, h_offset: 100 -> 100
2026-05-07 22:24:40,080 - GT23.BorderPanel - DEBUG - on_params_changed: is_offset=True, is_ratio_change=False
2026-05-07 22:24:40,081 - GT23.BorderPanel - DEBUG - v_offset: 0 -> 0, h_offset: 100 -> 0
2026-05-07 22:24:40,081 - GT23.BorderPanel - DEBUG - Processing offset change (is_offset=True)
2026-05-07 22:24:40,081 - GT23.BorderPanel - DEBUG - _handle_ratio_locked_sync: ratio=原图, is_offset=True
2026-05-07 22:24:40,081 - GT23.BorderPanel - DEBUG - Input margins: l=1700, r=0, t=345, b=1355
2026-05-07 22:24:40,081 - GT23.BorderPanel - DEBUG - Final margins (Offset-based): left=850, right=850, top=345, bottom=1355
2026-05-07 22:24:40,081 - GT23.BorderPanel - DEBUG - After offset: left=850, right=850, top=345, bottom=1355
2026-05-07 22:24:45,770 - GT23.BorderPanel - DEBUG - on_params_changed: is_offset=True, is_ratio_change=False
2026-05-07 22:24:45,771 - GT23.BorderPanel - DEBUG - v_offset: 0 -> 0, h_offset: 0 -> 5
2026-05-07 22:24:45,771 - GT23.BorderPanel - DEBUG - Processing offset change (is_offset=True)
2026-05-07 22:24:45,771 - GT23.BorderPanel - DEBUG - _handle_ratio_locked_sync: ratio=原图, is_offset=True
2026-05-07 22:24:45,771 - GT23.BorderPanel - DEBUG - Input margins: l=850, r=850, t=345, b=1355
2026-05-07 22:24:45,773 - GT23.BorderPanel - DEBUG - Final margins (Offset-based): left=808, right=808, top=345, bottom=1355
2026-05-07 22:24:45,773 - GT23.BorderPanel - DEBUG - After offset: left=808, right=808, top=345, bottom=1355
2026-05-07 22:24:45,773 - GT23.BorderPanel - DEBUG - sync_lr disabled due to horizontal offset
2026-05-07 22:24:45,783 - GT23.BorderPanel - DEBUG - on_params_changed: is_offset=True, is_ratio_change=False
2026-05-07 22:24:45,783 - GT23.BorderPanel - DEBUG - v_offset: 0 -> 0, h_offset: 5 -> 9
2026-05-07 22:24:45,783 - GT23.BorderPanel - DEBUG - Processing offset change (is_offset=True)
2026-05-07 22:24:45,783 - GT23.BorderPanel - DEBUG - _handle_ratio_locked_sync: ratio=原图, is_offset=True
2026-05-07 22:24:45,783 - GT23.BorderPanel - DEBUG - Input margins: l=808, r=808, t=345, b=1355
2026-05-07 22:24:45,783 - GT23.BorderPanel - DEBUG - Final margins (Offset-based): left=880, right=736, top=345, bottom=1355
2026-05-07 22:24:45,783 - GT23.BorderPanel - DEBUG - After offset: left=880, right=736, top=345, bottom=1355
2026-05-07 22:24:45,785 - GT23.BorderPanel - DEBUG - on_params_changed: is_offset=True, is_ratio_change=False
2026-05-07 22:24:45,785 - GT23.BorderPanel - DEBUG - v_offset: 0 -> 0, h_offset: 9 -> 16
2026-05-07 22:24:45,785 - GT23.BorderPanel - DEBUG - Processing offset change (is_offset=True)
2026-05-07 22:24:45,785 - GT23.BorderPanel - DEBUG - _handle_ratio_locked_sync: ratio=原图, is_offset=True
2026-05-07 22:24:45,785 - GT23.BorderPanel - DEBUG - Input margins: l=880, r=736, t=345, b=1355
2026-05-07 22:24:45,785 - GT23.BorderPanel - DEBUG - Final margins (Offset-based): left=937, right=679, top=345, bottom=1355
2026-05-07 22:24:45,785 - GT23.BorderPanel - DEBUG - After offset: left=937, right=679, top=345, bottom=1355
2026-05-07 22:24:45,792 - GT23.BorderPanel - DEBUG - on_params_changed: is_offset=True, is_ratio_change=False
2026-05-07 22:24:45,792 - GT23.BorderPanel - DEBUG - v_offset: 0 -> 0, h_offset: 16 -> 28
2026-05-07 22:24:45,792 - GT23.BorderPanel - DEBUG - Processing offset change (is_offset=True)
2026-05-07 22:24:45,792 - GT23.BorderPanel - DEBUG - _handle_ratio_locked_sync: ratio=原图, is_offset=True
2026-05-07 22:24:45,792 - GT23.BorderPanel - DEBUG - Input margins: l=937, r=679, t=345, b=1355
2026-05-07 22:24:45,793 - GT23.BorderPanel - DEBUG - Final margins (Offset-based): left=1034, right=582, top=345, bottom=1355
2026-05-07 22:24:45,793 - GT23.BorderPanel - DEBUG - After offset: left=1034, right=582, top=345, bottom=1355
2026-05-07 22:24:45,800 - GT23.BorderPanel - DEBUG - on_params_changed: is_offset=True, is_ratio_change=False
2026-05-07 22:24:45,800 - GT23.BorderPanel - DEBUG - v_offset: 0 -> 0, h_offset: 28 -> 45
2026-05-07 22:24:45,800 - GT23.BorderPanel - DEBUG - Processing offset change (is_offset=True)
2026-05-07 22:24:45,800 - GT23.BorderPanel - DEBUG - _handle_ratio_locked_sync: ratio=原图, is_offset=True
2026-05-07 22:24:45,800 - GT23.BorderPanel - DEBUG - Input margins: l=1034, r=582, t=345, b=1355
2026-05-07 22:24:45,801 - GT23.BorderPanel - DEBUG - Final margins (Offset-based): left=1171, right=445, top=345, bottom=1355
2026-05-07 22:24:45,801 - GT23.BorderPanel - DEBUG - After offset: left=1171, right=445, top=345, bottom=1355
2026-05-07 22:24:45,808 - GT23.BorderPanel - DEBUG - on_params_changed: is_offset=True, is_ratio_change=False
2026-05-07 22:24:45,809 - GT23.BorderPanel - DEBUG - v_offset: 0 -> 0, h_offset: 45 -> 63
2026-05-07 22:24:45,809 - GT23.BorderPanel - DEBUG - Processing offset change (is_offset=True)
2026-05-07 22:24:45,809 - GT23.BorderPanel - DEBUG - _handle_ratio_locked_sync: ratio=原图, is_offset=True
2026-05-07 22:24:45,809 - GT23.BorderPanel - DEBUG - Input margins: l=1171, r=445, t=345, b=1355
2026-05-07 22:24:45,809 - GT23.BorderPanel - DEBUG - Final margins (Offset-based): left=1317, right=299, top=345, bottom=1355
2026-05-07 22:24:45,809 - GT23.BorderPanel - DEBUG - After offset: left=1317, right=299, top=345, bottom=1355
2026-05-07 22:24:45,816 - GT23.BorderPanel - DEBUG - on_params_changed: is_offset=True, is_ratio_change=False
2026-05-07 22:24:45,816 - GT23.BorderPanel - DEBUG - v_offset: 0 -> 0, h_offset: 63 -> 86
2026-05-07 22:24:45,816 - GT23.BorderPanel - DEBUG - Processing offset change (is_offset=True)
2026-05-07 22:24:45,816 - GT23.BorderPanel - DEBUG - _handle_ratio_locked_sync: ratio=原图, is_offset=True
2026-05-07 22:24:45,817 - GT23.BorderPanel - DEBUG - Input margins: l=1317, r=299, t=345, b=1355
2026-05-07 22:24:45,817 - GT23.BorderPanel - DEBUG - Final margins (Offset-based): left=1502, right=114, top=345, bottom=1355
2026-05-07 22:24:45,817 - GT23.BorderPanel - DEBUG - After offset: left=1502, right=114, top=345, bottom=1355
2026-05-07 22:24:45,825 - GT23.BorderPanel - DEBUG - on_params_changed: is_offset=True, is_ratio_change=False
2026-05-07 22:24:45,825 - GT23.BorderPanel - DEBUG - v_offset: 0 -> 0, h_offset: 86 -> 100
2026-05-07 22:24:45,825 - GT23.BorderPanel - DEBUG - Processing offset change (is_offset=True)
2026-05-07 22:24:45,825 - GT23.BorderPanel - DEBUG - _handle_ratio_locked_sync: ratio=原图, is_offset=True
2026-05-07 22:24:45,825 - GT23.BorderPanel - DEBUG - Input margins: l=1502, r=114, t=345, b=1355
2026-05-07 22:24:45,825 - GT23.BorderPanel - DEBUG - Final margins (Offset-based): left=1616, right=0, top=345, bottom=1355
2026-05-07 22:24:45,825 - GT23.BorderPanel - DEBUG - After offset: left=1616, right=0, top=345, bottom=1355
2026-05-07 22:24:45,832 - GT23.BorderPanel - DEBUG - on_params_changed: is_offset=False, is_ratio_change=False
2026-05-07 22:24:45,832 - GT23.BorderPanel - DEBUG - v_offset: 0 -> 0, h_offset: 100 -> 100
2026-05-07 22:24:45,840 - GT23.BorderPanel - DEBUG - on_params_changed: is_offset=False, is_ratio_change=False
2026-05-07 22:24:45,840 - GT23.BorderPanel - DEBUG - v_offset: 0 -> 0, h_offset: 100 -> 100
2026-05-07 22:24:45,848 - GT23.BorderPanel - DEBUG - on_params_changed: is_offset=False, is_ratio_change=False
2026-05-07 22:24:45,848 - GT23.BorderPanel - DEBUG - v_offset: 0 -> 0, h_offset: 100 -> 100
2026-05-07 22:24:45,856 - GT23.BorderPanel - DEBUG - on_params_changed: is_offset=False, is_ratio_change=False
2026-05-07 22:24:45,856 - GT23.BorderPanel - DEBUG - v_offset: 0 -> 0, h_offset: 100 -> 100
2026-05-07 22:24:45,864 - GT23.BorderPanel - DEBUG - on_params_changed: is_offset=False, is_ratio_change=False
2026-05-07 22:24:45,865 - GT23.BorderPanel - DEBUG - v_offset: 0 -> 0, h_offset: 100 -> 100
2026-05-07 22:24:45,873 - GT23.BorderPanel - DEBUG - on_params_changed: is_offset=False, is_ratio_change=False
2026-05-07 22:24:45,873 - GT23.BorderPanel - DEBUG - v_offset: 0 -> 0, h_offset: 100 -> 100
2026-05-07 22:24:45,881 - GT23.BorderPanel - DEBUG - on_params_changed: is_offset=False, is_ratio_change=False
2026-05-07 22:24:45,881 - GT23.BorderPanel - DEBUG - v_offset: 0 -> 0, h_offset: 100 -> 100
2026-05-07 22:24:45,889 - GT23.BorderPanel - DEBUG - on_params_changed: is_offset=False, is_ratio_change=False
2026-05-07 22:24:45,889 - GT23.BorderPanel - DEBUG - v_offset: 0 -> 0, h_offset: 100 -> 100
2026-05-07 22:24:45,897 - GT23.BorderPanel - DEBUG - on_params_changed: is_offset=False, is_ratio_change=False
2026-05-07 22:24:45,897 - GT23.BorderPanel - DEBUG - v_offset: 0 -> 0, h_offset: 100 -> 100
2026-05-07 22:24:45,905 - GT23.BorderPanel - DEBUG - on_params_changed: is_offset=False, is_ratio_change=False
2026-05-07 22:24:45,905 - GT23.BorderPanel - DEBUG - v_offset: 0 -> 0, h_offset: 100 -> 100
2026-05-07 22:24:45,913 - GT23.BorderPanel - DEBUG - on_params_changed: is_offset=False, is_ratio_change=False
2026-05-07 22:24:45,913 - GT23.BorderPanel - DEBUG - v_offset: 0 -> 0, h_offset: 100 -> 100
2026-05-07 22:24:45,921 - GT23.BorderPanel - DEBUG - on_params_changed: is_offset=False, is_ratio_change=False
2026-05-07 22:24:45,921 - GT23.BorderPanel - DEBUG - v_offset: 0 -> 0, h_offset: 100 -> 100
2026-05-07 22:24:45,929 - GT23.BorderPanel - DEBUG - on_params_changed: is_offset=False, is_ratio_change=False
2026-05-07 22:24:45,929 - GT23.BorderPanel - DEBUG - v_offset: 0 -> 0, h_offset: 100 -> 100
2026-05-07 22:24:45,953 - GT23.BorderPanel - DEBUG - on_params_changed: is_offset=False, is_ratio_change=False
2026-05-07 22:24:45,953 - GT23.BorderPanel - DEBUG - v_offset: 0 -> 0, h_offset: 100 -> 100
2026-05-07 22:24:49,987 - GT23.BorderPanel - DEBUG - === _on_ratio_changed_aesthetic called ===
2026-05-07 22:24:49,987 - GT23.BorderPanel - DEBUG - Before: left=1616, right=0, top=345, bottom=1355
2026-05-07 22:24:49,987 - GT23.BorderPanel - DEBUG - v_offset=0, h_offset=100
2026-05-07 22:24:49,987 - GT23.BorderPanel - DEBUG - After preset: left=300, right=300, top=600, bottom=2000
2026-05-07 22:24:49,987 - GT23.BorderPanel - DEBUG - _ratio_just_changed = True
2026-05-07 22:24:49,987 - GT23.BorderPanel - DEBUG - on_params_changed: is_offset=False, is_ratio_change=True
2026-05-07 22:24:49,987 - GT23.BorderPanel - DEBUG - v_offset: 0 -> 0, h_offset: 100 -> 100
2026-05-07 22:24:49,987 - GT23.BorderPanel - DEBUG - Processing ratio change (is_offset=False)
2026-05-07 22:24:49,987 - GT23.BorderPanel - DEBUG - _handle_ratio_locked_sync: ratio=9:16, is_offset=False
2026-05-07 22:24:49,987 - GT23.BorderPanel - DEBUG - Input margins: l=300, r=300, t=600, b=2000
2026-05-07 22:24:49,987 - GT23.BorderPanel - DEBUG - Final margins (Offset-based): left=600, right=0, top=1088, bottom=3089
2026-05-07 22:24:49,987 - GT23.BorderPanel - DEBUG - After ratio: left=600, right=0, top=1088, bottom=3089
2026-05-07 22:24:49,989 - GT23.BorderPanel - DEBUG - on_params_changed: is_offset=False, is_ratio_change=False
2026-05-07 22:24:49,989 - GT23.BorderPanel - DEBUG - v_offset: 0 -> 0, h_offset: 100 -> 100
2026-05-07 22:24:53,557 - GT23.BorderPanel - DEBUG - === _on_ratio_changed_aesthetic called ===
2026-05-07 22:24:53,557 - GT23.BorderPanel - DEBUG - Before: left=600, right=0, top=1088, bottom=3089
2026-05-07 22:24:53,557 - GT23.BorderPanel - DEBUG - v_offset=0, h_offset=100
2026-05-07 22:24:53,557 - GT23.BorderPanel - DEBUG - After preset: left=600, right=0, top=1088, bottom=3089
2026-05-07 22:24:53,557 - GT23.BorderPanel - DEBUG - _ratio_just_changed = True
2026-05-07 22:24:53,557 - GT23.BorderPanel - DEBUG - on_params_changed: is_offset=False, is_ratio_change=True
2026-05-07 22:24:53,557 - GT23.BorderPanel - DEBUG - v_offset: 0 -> 0, h_offset: 100 -> 100
2026-05-07 22:24:53,557 - GT23.BorderPanel - DEBUG - Processing ratio change (is_offset=False)
2026-05-07 22:24:53,557 - GT23.BorderPanel - DEBUG - _handle_ratio_locked_sync: ratio=原图, is_offset=False
2026-05-07 22:24:53,557 - GT23.BorderPanel - DEBUG - Input margins: l=600, r=0, t=1088, b=3089
2026-05-07 22:24:53,557 - GT23.BorderPanel - DEBUG - Final margins: left=600, right=0, top=1088, bottom=3089
2026-05-07 22:24:53,557 - GT23.BorderPanel - DEBUG - After ratio: left=600, right=0, top=1088, bottom=3089
2026-05-07 22:24:53,558 - GT23.BorderPanel - DEBUG - on_params_changed: is_offset=False, is_ratio_change=False
2026-05-07 22:24:53,558 - GT23.BorderPanel - DEBUG - v_offset: 0 -> 0, h_offset: 100 -> 100
2026-05-07 22:25:03,393 - GT23.BorderPanel - DEBUG - === _on_ratio_changed_aesthetic called ===
2026-05-07 22:25:03,393 - GT23.BorderPanel - DEBUG - Before: left=600, right=0, top=1088, bottom=3089
2026-05-07 22:25:03,393 - GT23.BorderPanel - DEBUG - v_offset=0, h_offset=100
2026-05-07 22:25:03,393 - GT23.BorderPanel - DEBUG - After preset: left=300, right=300, top=500, bottom=950
2026-05-07 22:25:03,393 - GT23.BorderPanel - DEBUG - _ratio_just_changed = True
2026-05-07 22:25:03,393 - GT23.BorderPanel - DEBUG - on_params_changed: is_offset=False, is_ratio_change=True
2026-05-07 22:25:03,393 - GT23.BorderPanel - DEBUG - v_offset: 0 -> 0, h_offset: 100 -> 100
2026-05-07 22:25:03,393 - GT23.BorderPanel - DEBUG - Processing ratio change (is_offset=False)
2026-05-07 22:25:03,393 - GT23.BorderPanel - DEBUG - _handle_ratio_locked_sync: ratio=16:9, is_offset=False
2026-05-07 22:25:03,393 - GT23.BorderPanel - DEBUG - Input margins: l=300, r=300, t=500, b=950
2026-05-07 22:25:03,393 - GT23.BorderPanel - DEBUG - Final margins (Offset-based): left=5688, right=0, top=270, bottom=1180
2026-05-07 22:25:03,393 - GT23.BorderPanel - DEBUG - After ratio: left=5688, right=0, top=270, bottom=1180
2026-05-07 22:25:03,395 - GT23.BorderPanel - DEBUG - on_params_changed: is_offset=False, is_ratio_change=False
2026-05-07 22:25:03,395 - GT23.BorderPanel - DEBUG - v_offset: 0 -> 0, h_offset: 100 -> 100
2026-05-07 22:25:06,171 - GT23.BorderPanel - DEBUG - === _on_ratio_changed_aesthetic called ===
2026-05-07 22:25:06,171 - GT23.BorderPanel - DEBUG - Before: left=5688, right=0, top=270, bottom=1180
2026-05-07 22:25:06,171 - GT23.BorderPanel - DEBUG - v_offset=0, h_offset=100
2026-05-07 22:25:06,171 - GT23.BorderPanel - DEBUG - After preset: left=5688, right=0, top=270, bottom=1180
2026-05-07 22:25:06,171 - GT23.BorderPanel - DEBUG - _ratio_just_changed = True
2026-05-07 22:25:06,171 - GT23.BorderPanel - DEBUG - on_params_changed: is_offset=False, is_ratio_change=True
2026-05-07 22:25:06,171 - GT23.BorderPanel - DEBUG - v_offset: 0 -> 0, h_offset: 100 -> 100
2026-05-07 22:25:06,171 - GT23.BorderPanel - DEBUG - Processing ratio change (is_offset=False)
2026-05-07 22:25:06,171 - GT23.BorderPanel - DEBUG - _handle_ratio_locked_sync: ratio=原图, is_offset=False
2026-05-07 22:25:06,171 - GT23.BorderPanel - DEBUG - Input margins: l=5688, r=0, t=270, b=1180
2026-05-07 22:25:06,171 - GT23.BorderPanel - DEBUG - Final margins: left=5688, right=0, top=270, bottom=1180
2026-05-07 22:25:06,171 - GT23.BorderPanel - DEBUG - After ratio: left=5688, right=0, top=270, bottom=1180
2026-05-07 22:25:06,172 - GT23.BorderPanel - DEBUG - on_params_changed: is_offset=False, is_ratio_change=False
2026-05-07 22:25:06,172 - GT23.BorderPanel - DEBUG - v_offset: 0 -> 0, h_offset: 100 -> 100
2026-05-07 22:26:18,076 - GT23.BorderPanel - DEBUG - === _on_ratio_changed_aesthetic called ===
2026-05-07 22:26:18,076 - GT23.BorderPanel - DEBUG - Before: left=180, right=180, top=180, bottom=585
2026-05-07 22:26:18,076 - GT23.BorderPanel - DEBUG - v_offset=0, h_offset=0
2026-05-07 22:26:18,076 - GT23.BorderPanel - DEBUG - After preset: left=180, right=180, top=180, bottom=585
2026-05-07 22:26:18,076 - GT23.BorderPanel - DEBUG - _ratio_just_changed = True
2026-05-07 22:26:18,182 - GT23.BorderPanel - DEBUG - on_params_changed: is_offset=False, is_ratio_change=True
2026-05-07 22:26:18,183 - GT23.BorderPanel - DEBUG - v_offset: 0 -> 0, h_offset: 0 -> 0
2026-05-07 22:26:18,183 - GT23.BorderPanel - DEBUG - Processing ratio change (is_offset=False)
2026-05-07 22:26:18,183 - GT23.BorderPanel - DEBUG - _handle_ratio_locked_sync: ratio=原图, is_offset=False
2026-05-07 22:26:18,183 - GT23.BorderPanel - DEBUG - Input margins: l=180, r=180, t=180, b=585
2026-05-07 22:26:18,183 - GT23.BorderPanel - DEBUG - Final margins: left=180, right=180, top=180, bottom=585
2026-05-07 22:26:18,183 - GT23.BorderPanel - DEBUG - After ratio: left=180, right=180, top=180, bottom=585
2026-05-07 22:26:18,376 - GT23.BorderPanel - DEBUG - on_params_changed: is_offset=False, is_ratio_change=False
2026-05-07 22:26:18,376 - GT23.BorderPanel - DEBUG - v_offset: 0 -> 0, h_offset: 0 -> 0
2026-05-07 22:26:18,398 - GT23.BorderPanel - DEBUG - on_params_changed: is_offset=False, is_ratio_change=False
2026-05-07 22:26:18,398 - GT23.BorderPanel - DEBUG - v_offset: 0 -> 0, h_offset: 0 -> 0
2026-05-07 22:26:18,399 - GT23.BorderPanel - DEBUG - === _on_ratio_changed_aesthetic called ===
2026-05-07 22:26:18,399 - GT23.BorderPanel - DEBUG - Before: left=180, right=180, top=180, bottom=585
2026-05-07 22:26:18,399 - GT23.BorderPanel - DEBUG - v_offset=0, h_offset=0
2026-05-07 22:26:18,399 - GT23.BorderPanel - DEBUG - After preset: left=180, right=180, top=180, bottom=585
2026-05-07 22:26:18,399 - GT23.BorderPanel - DEBUG - _ratio_just_changed = True
2026-05-07 22:26:18,399 - GT23.BorderPanel - DEBUG - on_params_changed: is_offset=False, is_ratio_change=True
2026-05-07 22:26:18,399 - GT23.BorderPanel - DEBUG - v_offset: 0 -> 0, h_offset: 0 -> 0
2026-05-07 22:26:18,399 - GT23.BorderPanel - DEBUG - Processing ratio change (is_offset=False)
2026-05-07 22:26:18,399 - GT23.BorderPanel - DEBUG - _handle_ratio_locked_sync: ratio=原图, is_offset=False
2026-05-07 22:26:18,399 - GT23.BorderPanel - DEBUG - Input margins: l=180, r=180, t=180, b=585
2026-05-07 22:26:18,399 - GT23.BorderPanel - DEBUG - Final margins: left=180, right=180, top=180, bottom=585
2026-05-07 22:26:18,399 - GT23.BorderPanel - DEBUG - After ratio: left=180, right=180, top=180, bottom=585
2026-05-07 22:26:42,207 - GT23.BorderPanel - DEBUG - === _on_ratio_changed_aesthetic called ===
2026-05-07 22:26:42,207 - GT23.BorderPanel - DEBUG - Before: left=180, right=180, top=180, bottom=585
2026-05-07 22:26:42,207 - GT23.BorderPanel - DEBUG - v_offset=0, h_offset=0
2026-05-07 22:26:42,208 - GT23.BorderPanel - DEBUG - After preset: left=500, right=500, top=500, bottom=1200
2026-05-07 22:26:42,208 - GT23.BorderPanel - DEBUG - _ratio_just_changed = True
2026-05-07 22:26:42,208 - GT23.BorderPanel - DEBUG - on_params_changed: is_offset=False, is_ratio_change=True
2026-05-07 22:26:42,208 - GT23.BorderPanel - DEBUG - v_offset: 0 -> 0, h_offset: 0 -> 0
2026-05-07 22:26:42,208 - GT23.BorderPanel - DEBUG - Processing ratio change (is_offset=False)
2026-05-07 22:26:42,208 - GT23.BorderPanel - DEBUG - _handle_ratio_locked_sync: ratio=1:1, is_offset=False
2026-05-07 22:26:42,208 - GT23.BorderPanel - DEBUG - Input margins: l=500, r=500, t=500, b=1200
2026-05-07 22:26:42,208 - GT23.BorderPanel - DEBUG - Final margins (Offset-based): left=850, right=850, top=348, bottom=1352
2026-05-07 22:26:42,208 - GT23.BorderPanel - DEBUG - After ratio: left=850, right=850, top=348, bottom=1352
2026-05-07 22:26:42,209 - GT23.BorderPanel - DEBUG - on_params_changed: is_offset=False, is_ratio_change=False
2026-05-07 22:26:42,209 - GT23.BorderPanel - DEBUG - v_offset: 0 -> 0, h_offset: 0 -> 0
2026-05-07 22:26:52,525 - GT23.BorderPanel - DEBUG - on_params_changed: is_offset=True, is_ratio_change=False
2026-05-07 22:26:52,525 - GT23.BorderPanel - DEBUG - v_offset: 0 -> -4, h_offset: 0 -> 0
2026-05-07 22:26:52,525 - GT23.BorderPanel - DEBUG - Processing offset change (is_offset=True)
2026-05-07 22:26:52,525 - GT23.BorderPanel - DEBUG - _handle_ratio_locked_sync: ratio=1:1, is_offset=True
2026-05-07 22:26:52,525 - GT23.BorderPanel - DEBUG - Input margins: l=850, r=850, t=348, b=1352
2026-05-07 22:26:52,526 - GT23.BorderPanel - DEBUG - Final margins (Offset-based): left=850, right=850, top=334, bottom=1366
2026-05-07 22:26:52,526 - GT23.BorderPanel - DEBUG - After offset: left=850, right=850, top=334, bottom=1366
2026-05-07 22:26:52,532 - GT23.BorderPanel - DEBUG - on_params_changed: is_offset=True, is_ratio_change=False
2026-05-07 22:26:52,532 - GT23.BorderPanel - DEBUG - v_offset: -4 -> -10, h_offset: 0 -> 0
2026-05-07 22:26:52,532 - GT23.BorderPanel - DEBUG - Processing offset change (is_offset=True)
2026-05-07 22:26:52,532 - GT23.BorderPanel - DEBUG - _handle_ratio_locked_sync: ratio=1:1, is_offset=True
2026-05-07 22:26:52,532 - GT23.BorderPanel - DEBUG - Input margins: l=850, r=850, t=334, b=1366
2026-05-07 22:26:52,532 - GT23.BorderPanel - DEBUG - Final margins (Offset-based): left=850, right=850, top=313, bottom=1387
2026-05-07 22:26:52,532 - GT23.BorderPanel - DEBUG - After offset: left=850, right=850, top=313, bottom=1387
2026-05-07 22:26:52,540 - GT23.BorderPanel - DEBUG - on_params_changed: is_offset=True, is_ratio_change=False
2026-05-07 22:26:52,540 - GT23.BorderPanel - DEBUG - v_offset: -10 -> -14, h_offset: 0 -> 0
2026-05-07 22:26:52,540 - GT23.BorderPanel - DEBUG - Processing offset change (is_offset=True)
2026-05-07 22:26:52,540 - GT23.BorderPanel - DEBUG - _handle_ratio_locked_sync: ratio=1:1, is_offset=True
2026-05-07 22:26:52,540 - GT23.BorderPanel - DEBUG - Input margins: l=850, r=850, t=313, b=1387
2026-05-07 22:26:52,540 - GT23.BorderPanel - DEBUG - Final margins (Offset-based): left=850, right=850, top=299, bottom=1401
2026-05-07 22:26:52,540 - GT23.BorderPanel - DEBUG - After offset: left=850, right=850, top=299, bottom=1401
2026-05-07 22:26:52,548 - GT23.BorderPanel - DEBUG - on_params_changed: is_offset=True, is_ratio_change=False
2026-05-07 22:26:52,548 - GT23.BorderPanel - DEBUG - v_offset: -14 -> -21, h_offset: 0 -> 0
2026-05-07 22:26:52,548 - GT23.BorderPanel - DEBUG - Processing offset change (is_offset=True)
2026-05-07 22:26:52,548 - GT23.BorderPanel - DEBUG - _handle_ratio_locked_sync: ratio=1:1, is_offset=True
2026-05-07 22:26:52,548 - GT23.BorderPanel - DEBUG - Input margins: l=850, r=850, t=299, b=1401
2026-05-07 22:26:52,548 - GT23.BorderPanel - DEBUG - Final margins (Offset-based): left=850, right=850, top=274, bottom=1426
2026-05-07 22:26:52,548 - GT23.BorderPanel - DEBUG - After offset: left=850, right=850, top=274, bottom=1426
2026-05-07 22:26:52,556 - GT23.BorderPanel - DEBUG - on_params_changed: is_offset=True, is_ratio_change=False
2026-05-07 22:26:52,556 - GT23.BorderPanel - DEBUG - v_offset: -21 -> -31, h_offset: 0 -> 0
2026-05-07 22:26:52,556 - GT23.BorderPanel - DEBUG - Processing offset change (is_offset=True)
2026-05-07 22:26:52,556 - GT23.BorderPanel - DEBUG - _handle_ratio_locked_sync: ratio=1:1, is_offset=True
2026-05-07 22:26:52,556 - GT23.BorderPanel - DEBUG - Input margins: l=850, r=850, t=274, b=1426
2026-05-07 22:26:52,556 - GT23.BorderPanel - DEBUG - Final margins (Offset-based): left=850, right=850, top=240, bottom=1460
2026-05-07 22:26:52,556 - GT23.BorderPanel - DEBUG - After offset: left=850, right=850, top=240, bottom=1460
2026-05-07 22:26:52,564 - GT23.BorderPanel - DEBUG - on_params_changed: is_offset=True, is_ratio_change=False
2026-05-07 22:26:52,564 - GT23.BorderPanel - DEBUG - v_offset: -31 -> -43, h_offset: 0 -> 0
2026-05-07 22:26:52,564 - GT23.BorderPanel - DEBUG - Processing offset change (is_offset=True)
2026-05-07 22:26:52,564 - GT23.BorderPanel - DEBUG - _handle_ratio_locked_sync: ratio=1:1, is_offset=True
2026-05-07 22:26:52,564 - GT23.BorderPanel - DEBUG - Input margins: l=850, r=850, t=240, b=1460
2026-05-07 22:26:52,564 - GT23.BorderPanel - DEBUG - Final margins (Offset-based): left=850, right=850, top=198, bottom=1502
2026-05-07 22:26:52,564 - GT23.BorderPanel - DEBUG - After offset: left=850, right=850, top=198, bottom=1502
2026-05-07 22:26:52,571 - GT23.BorderPanel - DEBUG - on_params_changed: is_offset=True, is_ratio_change=False
2026-05-07 22:26:52,572 - GT23.BorderPanel - DEBUG - v_offset: -43 -> -58, h_offset: 0 -> 0
2026-05-07 22:26:52,572 - GT23.BorderPanel - DEBUG - Processing offset change (is_offset=True)
2026-05-07 22:26:52,572 - GT23.BorderPanel - DEBUG - _handle_ratio_locked_sync: ratio=1:1, is_offset=True
2026-05-07 22:26:52,572 - GT23.BorderPanel - DEBUG - Input margins: l=850, r=850, t=198, b=1502
2026-05-07 22:26:52,572 - GT23.BorderPanel - DEBUG - Final margins (Offset-based): left=850, right=850, top=146, bottom=1554
2026-05-07 22:26:52,572 - GT23.BorderPanel - DEBUG - After offset: left=850, right=850, top=146, bottom=1554
2026-05-07 22:26:52,580 - GT23.BorderPanel - DEBUG - on_params_changed: is_offset=True, is_ratio_change=False
2026-05-07 22:26:52,580 - GT23.BorderPanel - DEBUG - v_offset: -58 -> -79, h_offset: 0 -> 0
2026-05-07 22:26:52,580 - GT23.BorderPanel - DEBUG - Processing offset change (is_offset=True)
2026-05-07 22:26:52,580 - GT23.BorderPanel - DEBUG - _handle_ratio_locked_sync: ratio=1:1, is_offset=True
2026-05-07 22:26:52,580 - GT23.BorderPanel - DEBUG - Input margins: l=850, r=850, t=146, b=1554
2026-05-07 22:26:52,580 - GT23.BorderPanel - DEBUG - Final margins (Offset-based): left=850, right=850, top=73, bottom=1627
2026-05-07 22:26:52,580 - GT23.BorderPanel - DEBUG - After offset: left=850, right=850, top=73, bottom=1627
2026-05-07 22:26:52,587 - GT23.BorderPanel - DEBUG - on_params_changed: is_offset=True, is_ratio_change=False
2026-05-07 22:26:52,587 - GT23.BorderPanel - DEBUG - v_offset: -79 -> -100, h_offset: 0 -> 0
2026-05-07 22:26:52,587 - GT23.BorderPanel - DEBUG - Processing offset change (is_offset=True)
2026-05-07 22:26:52,587 - GT23.BorderPanel - DEBUG - _handle_ratio_locked_sync: ratio=1:1, is_offset=True
2026-05-07 22:26:52,587 - GT23.BorderPanel - DEBUG - Input margins: l=850, r=850, t=73, b=1627
2026-05-07 22:26:52,588 - GT23.BorderPanel - DEBUG - Final margins (Offset-based): left=850, right=850, top=0, bottom=1700
2026-05-07 22:26:52,588 - GT23.BorderPanel - DEBUG - After offset: left=850, right=850, top=0, bottom=1700
2026-05-07 22:26:52,595 - GT23.BorderPanel - DEBUG - on_params_changed: is_offset=False, is_ratio_change=False
2026-05-07 22:26:52,596 - GT23.BorderPanel - DEBUG - v_offset: -100 -> -100, h_offset: 0 -> 0
2026-05-07 22:26:52,603 - GT23.BorderPanel - DEBUG - on_params_changed: is_offset=False, is_ratio_change=False
2026-05-07 22:26:52,604 - GT23.BorderPanel - DEBUG - v_offset: -100 -> -100, h_offset: 0 -> 0
2026-05-07 22:26:52,612 - GT23.BorderPanel - DEBUG - on_params_changed: is_offset=False, is_ratio_change=False
2026-05-07 22:26:52,612 - GT23.BorderPanel - DEBUG - v_offset: -100 -> -100, h_offset: 0 -> 0
2026-05-07 22:26:52,620 - GT23.BorderPanel - DEBUG - on_params_changed: is_offset=False, is_ratio_change=False
2026-05-07 22:26:52,620 - GT23.BorderPanel - DEBUG - v_offset: -100 -> -100, h_offset: 0 -> 0
2026-05-07 22:26:52,628 - GT23.BorderPanel - DEBUG - on_params_changed: is_offset=False, is_ratio_change=False
2026-05-07 22:26:52,628 - GT23.BorderPanel - DEBUG - v_offset: -100 -> -100, h_offset: 0 -> 0
2026-05-07 22:26:52,636 - GT23.BorderPanel - DEBUG - on_params_changed: is_offset=False, is_ratio_change=False
2026-05-07 22:26:52,636 - GT23.BorderPanel - DEBUG - v_offset: -100 -> -100, h_offset: 0 -> 0
2026-05-07 22:26:52,644 - GT23.BorderPanel - DEBUG - on_params_changed: is_offset=False, is_ratio_change=False
2026-05-07 22:26:52,644 - GT23.BorderPanel - DEBUG - v_offset: -100 -> -100, h_offset: 0 -> 0
2026-05-07 22:26:52,652 - GT23.BorderPanel - DEBUG - on_params_changed: is_offset=False, is_ratio_change=False
2026-05-07 22:26:52,652 - GT23.BorderPanel - DEBUG - v_offset: -100 -> -100, h_offset: 0 -> 0
2026-05-07 22:26:52,660 - GT23.BorderPanel - DEBUG - on_params_changed: is_offset=False, is_ratio_change=False
2026-05-07 22:26:52,660 - GT23.BorderPanel - DEBUG - v_offset: -100 -> -100, h_offset: 0 -> 0
2026-05-07 22:26:52,667 - GT23.BorderPanel - DEBUG - on_params_changed: is_offset=False, is_ratio_change=False
2026-05-07 22:26:52,668 - GT23.BorderPanel - DEBUG - v_offset: -100 -> -100, h_offset: 0 -> 0
2026-05-07 22:26:55,310 - GT23.BorderPanel - DEBUG - on_params_changed: is_offset=True, is_ratio_change=False
2026-05-07 22:26:55,311 - GT23.BorderPanel - DEBUG - v_offset: -100 -> -97, h_offset: 0 -> 0
2026-05-07 22:26:55,311 - GT23.BorderPanel - DEBUG - Processing offset change (is_offset=True)
2026-05-07 22:26:55,311 - GT23.BorderPanel - DEBUG - _handle_ratio_locked_sync: ratio=1:1, is_offset=True
2026-05-07 22:26:55,311 - GT23.BorderPanel - DEBUG - Input margins: l=850, r=850, t=0, b=1700
2026-05-07 22:26:55,312 - GT23.BorderPanel - DEBUG - Final margins (Offset-based): left=850, right=850, top=10, bottom=1690
2026-05-07 22:26:55,312 - GT23.BorderPanel - DEBUG - After offset: left=850, right=850, top=10, bottom=1690
2026-05-07 22:26:55,318 - GT23.BorderPanel - DEBUG - on_params_changed: is_offset=True, is_ratio_change=False
2026-05-07 22:26:55,318 - GT23.BorderPanel - DEBUG - v_offset: -97 -> -93, h_offset: 0 -> 0
2026-05-07 22:26:55,318 - GT23.BorderPanel - DEBUG - Processing offset change (is_offset=True)
2026-05-07 22:26:55,318 - GT23.BorderPanel - DEBUG - _handle_ratio_locked_sync: ratio=1:1, is_offset=True
2026-05-07 22:26:55,318 - GT23.BorderPanel - DEBUG - Input margins: l=850, r=850, t=10, b=1690
2026-05-07 22:26:55,318 - GT23.BorderPanel - DEBUG - Final margins (Offset-based): left=850, right=850, top=24, bottom=1676
2026-05-07 22:26:55,318 - GT23.BorderPanel - DEBUG - After offset: left=850, right=850, top=24, bottom=1676
2026-05-07 22:26:55,324 - GT23.BorderPanel - DEBUG - on_params_changed: is_offset=True, is_ratio_change=False
2026-05-07 22:26:55,324 - GT23.BorderPanel - DEBUG - v_offset: -93 -> -87, h_offset: 0 -> 0
2026-05-07 22:26:55,324 - GT23.BorderPanel - DEBUG - Processing offset change (is_offset=True)
2026-05-07 22:26:55,324 - GT23.BorderPanel - DEBUG - _handle_ratio_locked_sync: ratio=1:1, is_offset=True
2026-05-07 22:26:55,325 - GT23.BorderPanel - DEBUG - Input margins: l=850, r=850, t=24, b=1676
2026-05-07 22:26:55,325 - GT23.BorderPanel - DEBUG - Final margins (Offset-based): left=850, right=850, top=45, bottom=1655
2026-05-07 22:26:55,325 - GT23.BorderPanel - DEBUG - After offset: left=850, right=850, top=45, bottom=1655
2026-05-07 22:26:55,332 - GT23.BorderPanel - DEBUG - on_params_changed: is_offset=True, is_ratio_change=False
2026-05-07 22:26:55,332 - GT23.BorderPanel - DEBUG - v_offset: -87 -> -84, h_offset: 0 -> 0
2026-05-07 22:26:55,332 - GT23.BorderPanel - DEBUG - Processing offset change (is_offset=True)
2026-05-07 22:26:55,332 - GT23.BorderPanel - DEBUG - _handle_ratio_locked_sync: ratio=1:1, is_offset=True
2026-05-07 22:26:55,332 - GT23.BorderPanel - DEBUG - Input margins: l=850, r=850, t=45, b=1655
2026-05-07 22:26:55,333 - GT23.BorderPanel - DEBUG - Final margins (Offset-based): left=850, right=850, top=55, bottom=1645
2026-05-07 22:26:55,333 - GT23.BorderPanel - DEBUG - After offset: left=850, right=850, top=55, bottom=1645
2026-05-07 22:26:55,340 - GT23.BorderPanel - DEBUG - on_params_changed: is_offset=True, is_ratio_change=False
2026-05-07 22:26:55,340 - GT23.BorderPanel - DEBUG - v_offset: -84 -> -75, h_offset: 0 -> 0
2026-05-07 22:26:55,340 - GT23.BorderPanel - DEBUG - Processing offset change (is_offset=True)
2026-05-07 22:26:55,340 - GT23.BorderPanel - DEBUG - _handle_ratio_locked_sync: ratio=1:1, is_offset=True
2026-05-07 22:26:55,341 - GT23.BorderPanel - DEBUG - Input margins: l=850, r=850, t=55, b=1645
2026-05-07 22:26:55,341 - GT23.BorderPanel - DEBUG - Final margins (Offset-based): left=850, right=850, top=87, bottom=1613
2026-05-07 22:26:55,341 - GT23.BorderPanel - DEBUG - After offset: left=850, right=850, top=87, bottom=1613
2026-05-07 22:26:55,348 - GT23.BorderPanel - DEBUG - on_params_changed: is_offset=True, is_ratio_change=False
2026-05-07 22:26:55,349 - GT23.BorderPanel - DEBUG - v_offset: -75 -> -62, h_offset: 0 -> 0
2026-05-07 22:26:55,349 - GT23.BorderPanel - DEBUG - Processing offset change (is_offset=True)
2026-05-07 22:26:55,349 - GT23.BorderPanel - DEBUG - _handle_ratio_locked_sync: ratio=1:1, is_offset=True
2026-05-07 22:26:55,349 - GT23.BorderPanel - DEBUG - Input margins: l=850, r=850, t=87, b=1613
2026-05-07 22:26:55,349 - GT23.BorderPanel - DEBUG - Final margins (Offset-based): left=850, right=850, top=132, bottom=1568
2026-05-07 22:26:55,349 - GT23.BorderPanel - DEBUG - After offset: left=850, right=850, top=132, bottom=1568
2026-05-07 22:26:55,356 - GT23.BorderPanel - DEBUG - on_params_changed: is_offset=True, is_ratio_change=False
2026-05-07 22:26:55,357 - GT23.BorderPanel - DEBUG - v_offset: -62 -> -45, h_offset: 0 -> 0
2026-05-07 22:26:55,357 - GT23.BorderPanel - DEBUG - Processing offset change (is_offset=True)
2026-05-07 22:26:55,357 - GT23.BorderPanel - DEBUG - _handle_ratio_locked_sync: ratio=1:1, is_offset=True
2026-05-07 22:26:55,357 - GT23.BorderPanel - DEBUG - Input margins: l=850, r=850, t=132, b=1568
2026-05-07 22:26:55,357 - GT23.BorderPanel - DEBUG - Final margins (Offset-based): left=850, right=850, top=191, bottom=1509
2026-05-07 22:26:55,357 - GT23.BorderPanel - DEBUG - After offset: left=850, right=850, top=191, bottom=1509
2026-05-07 22:26:55,365 - GT23.BorderPanel - DEBUG - on_params_changed: is_offset=True, is_ratio_change=False
2026-05-07 22:26:55,365 - GT23.BorderPanel - DEBUG - v_offset: -45 -> -24, h_offset: 0 -> 0
2026-05-07 22:26:55,365 - GT23.BorderPanel - DEBUG - Processing offset change (is_offset=True)
2026-05-07 22:26:55,365 - GT23.BorderPanel - DEBUG - _handle_ratio_locked_sync: ratio=1:1, is_offset=True
2026-05-07 22:26:55,365 - GT23.BorderPanel - DEBUG - Input margins: l=850, r=850, t=191, b=1509
2026-05-07 22:26:55,366 - GT23.BorderPanel - DEBUG - Final margins (Offset-based): left=850, right=850, top=264, bottom=1436
2026-05-07 22:26:55,366 - GT23.BorderPanel - DEBUG - After offset: left=850, right=850, top=264, bottom=1436
2026-05-07 22:26:55,372 - GT23.BorderPanel - DEBUG - on_params_changed: is_offset=True, is_ratio_change=False
2026-05-07 22:26:55,373 - GT23.BorderPanel - DEBUG - v_offset: -24 -> 0, h_offset: 0 -> 0
2026-05-07 22:26:55,373 - GT23.BorderPanel - DEBUG - Processing offset change (is_offset=True)
2026-05-07 22:26:55,373 - GT23.BorderPanel - DEBUG - _handle_ratio_locked_sync: ratio=1:1, is_offset=True
2026-05-07 22:26:55,373 - GT23.BorderPanel - DEBUG - Input margins: l=850, r=850, t=264, b=1436
2026-05-07 22:26:55,373 - GT23.BorderPanel - DEBUG - Final margins (Offset-based): left=850, right=850, top=348, bottom=1352
2026-05-07 22:26:55,373 - GT23.BorderPanel - DEBUG - After offset: left=850, right=850, top=348, bottom=1352
2026-05-07 22:26:55,380 - GT23.BorderPanel - DEBUG - on_params_changed: is_offset=True, is_ratio_change=False
2026-05-07 22:26:55,380 - GT23.BorderPanel - DEBUG - v_offset: 0 -> 34, h_offset: 0 -> 0
2026-05-07 22:26:55,381 - GT23.BorderPanel - DEBUG - Processing offset change (is_offset=True)
2026-05-07 22:26:55,381 - GT23.BorderPanel - DEBUG - _handle_ratio_locked_sync: ratio=1:1, is_offset=True
2026-05-07 22:26:55,381 - GT23.BorderPanel - DEBUG - Input margins: l=850, r=850, t=348, b=1352
2026-05-07 22:26:55,381 - GT23.BorderPanel - DEBUG - Final margins (Offset-based): left=850, right=850, top=624, bottom=1076
2026-05-07 22:26:55,381 - GT23.BorderPanel - DEBUG - After offset: left=850, right=850, top=624, bottom=1076
2026-05-07 22:26:55,389 - GT23.BorderPanel - DEBUG - on_params_changed: is_offset=True, is_ratio_change=False
2026-05-07 22:26:55,389 - GT23.BorderPanel - DEBUG - v_offset: 34 -> 68, h_offset: 0 -> 0
2026-05-07 22:26:55,389 - GT23.BorderPanel - DEBUG - Processing offset change (is_offset=True)
2026-05-07 22:26:55,389 - GT23.BorderPanel - DEBUG - _handle_ratio_locked_sync: ratio=1:1, is_offset=True
2026-05-07 22:26:55,389 - GT23.BorderPanel - DEBUG - Input margins: l=850, r=850, t=624, b=1076
2026-05-07 22:26:55,389 - GT23.BorderPanel - DEBUG - Final margins (Offset-based): left=850, right=850, top=900, bottom=800
2026-05-07 22:26:55,389 - GT23.BorderPanel - DEBUG - After offset: left=850, right=850, top=900, bottom=800
2026-05-07 22:26:55,396 - GT23.BorderPanel - DEBUG - on_params_changed: is_offset=True, is_ratio_change=False
2026-05-07 22:26:55,397 - GT23.BorderPanel - DEBUG - v_offset: 68 -> 100, h_offset: 0 -> 0
2026-05-07 22:26:55,397 - GT23.BorderPanel - DEBUG - Processing offset change (is_offset=True)
2026-05-07 22:26:55,397 - GT23.BorderPanel - DEBUG - _handle_ratio_locked_sync: ratio=1:1, is_offset=True
2026-05-07 22:26:55,397 - GT23.BorderPanel - DEBUG - Input margins: l=850, r=850, t=900, b=800
2026-05-07 22:26:55,397 - GT23.BorderPanel - DEBUG - Final margins (Offset-based): left=850, right=850, top=1160, bottom=540
2026-05-07 22:26:55,397 - GT23.BorderPanel - DEBUG - After offset: left=850, right=850, top=1160, bottom=540
2026-05-07 22:26:55,404 - GT23.BorderPanel - DEBUG - on_params_changed: is_offset=False, is_ratio_change=False
2026-05-07 22:26:55,404 - GT23.BorderPanel - DEBUG - v_offset: 100 -> 100, h_offset: 0 -> 0
2026-05-07 22:26:55,413 - GT23.BorderPanel - DEBUG - on_params_changed: is_offset=False, is_ratio_change=False
2026-05-07 22:26:55,413 - GT23.BorderPanel - DEBUG - v_offset: 100 -> 100, h_offset: 0 -> 0
2026-05-07 22:26:55,421 - GT23.BorderPanel - DEBUG - on_params_changed: is_offset=False, is_ratio_change=False
2026-05-07 22:26:55,421 - GT23.BorderPanel - DEBUG - v_offset: 100 -> 100, h_offset: 0 -> 0
2026-05-07 22:26:55,429 - GT23.BorderPanel - DEBUG - on_params_changed: is_offset=False, is_ratio_change=False
2026-05-07 22:26:55,429 - GT23.BorderPanel - DEBUG - v_offset: 100 -> 100, h_offset: 0 -> 0
2026-05-07 22:26:55,437 - GT23.BorderPanel - DEBUG - on_params_changed: is_offset=False, is_ratio_change=False
2026-05-07 22:26:55,437 - GT23.BorderPanel - DEBUG - v_offset: 100 -> 100, h_offset: 0 -> 0
2026-05-07 22:26:55,445 - GT23.BorderPanel - DEBUG - on_params_changed: is_offset=False, is_ratio_change=False
2026-05-07 22:26:55,445 - GT23.BorderPanel - DEBUG - v_offset: 100 -> 100, h_offset: 0 -> 0
2026-05-07 22:26:55,453 - GT23.BorderPanel - DEBUG - on_params_changed: is_offset=False, is_ratio_change=False
2026-05-07 22:26:55,453 - GT23.BorderPanel - DEBUG - v_offset: 100 -> 100, h_offset: 0 -> 0
2026-05-07 22:26:55,461 - GT23.BorderPanel - DEBUG - on_params_changed: is_offset=False, is_ratio_change=False
2026-05-07 22:26:55,461 - GT23.BorderPanel - DEBUG - v_offset: 100 -> 100, h_offset: 0 -> 0
2026-05-07 22:26:55,472 - GT23.BorderPanel - DEBUG - on_params_changed: is_offset=False, is_ratio_change=False
2026-05-07 22:26:55,473 - GT23.BorderPanel - DEBUG - v_offset: 100 -> 100, h_offset: 0 -> 0
2026-05-07 22:26:55,477 - GT23.BorderPanel - DEBUG - on_params_changed: is_offset=False, is_ratio_change=False
2026-05-07 22:26:55,477 - GT23.BorderPanel - DEBUG - v_offset: 100 -> 100, h_offset: 0 -> 0
2026-05-07 22:26:55,485 - GT23.BorderPanel - DEBUG - on_params_changed: is_offset=False, is_ratio_change=False
2026-05-07 22:26:55,486 - GT23.BorderPanel - DEBUG - v_offset: 100 -> 100, h_offset: 0 -> 0
2026-05-07 22:26:55,493 - GT23.BorderPanel - DEBUG - on_params_changed: is_offset=False, is_ratio_change=False
2026-05-07 22:26:55,493 - GT23.BorderPanel - DEBUG - v_offset: 100 -> 100, h_offset: 0 -> 0
2026-05-07 22:27:06,948 - GT23.BorderPanel - DEBUG - on_params_changed: is_offset=True, is_ratio_change=False
2026-05-07 22:27:06,948 - GT23.BorderPanel - DEBUG - v_offset: 100 -> 0, h_offset: 0 -> 0
2026-05-07 22:27:06,948 - GT23.BorderPanel - DEBUG - Processing offset change (is_offset=True)
2026-05-07 22:27:06,948 - GT23.BorderPanel - DEBUG - _handle_ratio_locked_sync: ratio=1:1, is_offset=True
2026-05-07 22:27:06,948 - GT23.BorderPanel - DEBUG - Input margins: l=850, r=850, t=1160, b=540
2026-05-07 22:27:06,948 - GT23.BorderPanel - DEBUG - Final margins (Offset-based): left=850, right=850, top=348, bottom=1352
2026-05-07 22:27:06,949 - GT23.BorderPanel - DEBUG - After offset: left=850, right=850, top=348, bottom=1352
2026-05-07 22:27:08,509 - GT23.BorderPanel - DEBUG - on_params_changed: is_offset=False, is_ratio_change=False
2026-05-07 22:27:08,509 - GT23.BorderPanel - DEBUG - v_offset: 0 -> 0, h_offset: 0 -> 0
2026-05-07 22:27:08,587 - GT23.BorderPanel - DEBUG - on_params_changed: is_offset=False, is_ratio_change=False
2026-05-07 22:27:08,587 - GT23.BorderPanel - DEBUG - v_offset: 0 -> 0, h_offset: 0 -> 0
2026-05-07 22:27:10,291 - GT23.BorderPanel - DEBUG - === _on_ratio_changed_aesthetic called ===
2026-05-07 22:27:10,291 - GT23.BorderPanel - DEBUG - Before: left=850, right=850, top=348, bottom=1352
2026-05-07 22:27:10,291 - GT23.BorderPanel - DEBUG - v_offset=0, h_offset=0
2026-05-07 22:27:10,291 - GT23.BorderPanel - DEBUG - After preset: left=850, right=850, top=348, bottom=1352
2026-05-07 22:27:10,291 - GT23.BorderPanel - DEBUG - _ratio_just_changed = True
2026-05-07 22:27:10,292 - GT23.BorderPanel - DEBUG - on_params_changed: is_offset=False, is_ratio_change=True
2026-05-07 22:27:10,292 - GT23.BorderPanel - DEBUG - v_offset: 0 -> 0, h_offset: 0 -> 0
2026-05-07 22:27:10,292 - GT23.BorderPanel - DEBUG - Processing ratio change (is_offset=False)
2026-05-07 22:27:10,292 - GT23.BorderPanel - DEBUG - _handle_ratio_locked_sync: ratio=原图, is_offset=False
2026-05-07 22:27:10,292 - GT23.BorderPanel - DEBUG - Input margins: l=850, r=850, t=348, b=1352
2026-05-07 22:27:10,292 - GT23.BorderPanel - DEBUG - Final margins: left=850, right=850, top=348, bottom=1352
2026-05-07 22:27:10,292 - GT23.BorderPanel - DEBUG - After ratio: left=850, right=850, top=348, bottom=1352
2026-05-07 22:27:10,293 - GT23.BorderPanel - DEBUG - on_params_changed: is_offset=False, is_ratio_change=False
2026-05-07 22:27:10,293 - GT23.BorderPanel - DEBUG - v_offset: 0 -> 0, h_offset: 0 -> 0
2026-05-07 22:27:12,262 - GT23.BorderPanel - DEBUG - on_params_changed: is_offset=False, is_ratio_change=False
2026-05-07 22:27:12,262 - GT23.BorderPanel - DEBUG - v_offset: 0 -> 0, h_offset: 0 -> 0
2026-05-07 22:27:14,134 - GT23.BorderPanel - DEBUG - on_params_changed: is_offset=False, is_ratio_change=False
2026-05-07 22:27:14,135 - GT23.BorderPanel - DEBUG - v_offset: 0 -> 0, h_offset: 0 -> 0
2026-05-07 22:27:15,155 - GT23.BorderPanel - DEBUG - on_params_changed: is_offset=False, is_ratio_change=False
2026-05-07 22:27:15,155 - GT23.BorderPanel - DEBUG - v_offset: 0 -> 0, h_offset: 0 -> 0
2026-05-07 22:27:16,303 - GT23.BorderPanel - DEBUG - on_params_changed: is_offset=False, is_ratio_change=False
2026-05-07 22:27:16,304 - GT23.BorderPanel - DEBUG - v_offset: 0 -> 0, h_offset: 0 -> 0
2026-05-07 22:27:20,597 - GT23.BorderPanel - DEBUG - on_params_changed: is_offset=False, is_ratio_change=False
2026-05-07 22:27:20,598 - GT23.BorderPanel - DEBUG - v_offset: 0 -> 0, h_offset: 0 -> 0
2026-05-07 22:27:21,754 - GT23.BorderPanel - DEBUG - on_params_changed: is_offset=False, is_ratio_change=False
2026-05-07 22:27:21,754 - GT23.BorderPanel - DEBUG - v_offset: 0 -> 0, h_offset: 0 -> 0
2026-05-07 22:27:23,015 - GT23.BorderPanel - DEBUG - on_params_changed: is_offset=False, is_ratio_change=False
2026-05-07 22:27:23,016 - GT23.BorderPanel - DEBUG - v_offset: 0 -> 0, h_offset: 0 -> 0
2026-05-07 22:27:24,456 - GT23.BorderPanel - DEBUG - on_params_changed: is_offset=False, is_ratio_change=False
2026-05-07 22:27:24,456 - GT23.BorderPanel - DEBUG - v_offset: 0 -> 0, h_offset: 0 -> 0
2026-05-07 22:27:27,144 - GT23.BorderPanel - DEBUG - on_params_changed: is_offset=False, is_ratio_change=False
2026-05-07 22:27:27,144 - GT23.BorderPanel - DEBUG - v_offset: 0 -> 0, h_offset: 0 -> 0
2026-05-07 22:27:27,150 - GT23.BorderPanel - DEBUG - on_params_changed: is_offset=True, is_ratio_change=False
2026-05-07 22:27:27,150 - GT23.BorderPanel - DEBUG - v_offset: 0 -> 6, h_offset: 0 -> 0
2026-05-07 22:27:27,150 - GT23.BorderPanel - DEBUG - Processing offset change (is_offset=True)
2026-05-07 22:27:27,150 - GT23.BorderPanel - DEBUG - _handle_ratio_locked_sync: ratio=原图, is_offset=True
2026-05-07 22:27:27,150 - GT23.BorderPanel - DEBUG - Input margins: l=10, r=10, t=10, b=10
2026-05-07 22:27:27,151 - GT23.BorderPanel - DEBUG - Tight vertical space (20 <= 540): Using 50/50 split.
2026-05-07 22:27:27,151 - GT23.BorderPanel - DEBUG - Final margins (Offset-based): left=10, right=10, top=10, bottom=10
2026-05-07 22:27:27,151 - GT23.BorderPanel - DEBUG - After offset: left=10, right=10, top=10, bottom=10
2026-05-07 22:27:27,158 - GT23.BorderPanel - DEBUG - on_params_changed: is_offset=True, is_ratio_change=False
2026-05-07 22:27:27,158 - GT23.BorderPanel - DEBUG - v_offset: 6 -> 8, h_offset: 0 -> 0
2026-05-07 22:27:27,158 - GT23.BorderPanel - DEBUG - Processing offset change (is_offset=True)
2026-05-07 22:27:27,158 - GT23.BorderPanel - DEBUG - _handle_ratio_locked_sync: ratio=原图, is_offset=True
2026-05-07 22:27:27,158 - GT23.BorderPanel - DEBUG - Input margins: l=10, r=10, t=10, b=10
2026-05-07 22:27:27,158 - GT23.BorderPanel - DEBUG - Tight vertical space (20 <= 540): Using 50/50 split.
2026-05-07 22:27:27,158 - GT23.BorderPanel - DEBUG - Final margins (Offset-based): left=10, right=10, top=10, bottom=10
2026-05-07 22:27:27,159 - GT23.BorderPanel - DEBUG - After offset: left=10, right=10, top=10, bottom=10
2026-05-07 22:27:27,167 - GT23.BorderPanel - DEBUG - on_params_changed: is_offset=True, is_ratio_change=False
2026-05-07 22:27:27,167 - GT23.BorderPanel - DEBUG - v_offset: 8 -> 16, h_offset: 0 -> 0
2026-05-07 22:27:27,167 - GT23.BorderPanel - DEBUG - Processing offset change (is_offset=True)
2026-05-07 22:27:27,167 - GT23.BorderPanel - DEBUG - _handle_ratio_locked_sync: ratio=原图, is_offset=True
2026-05-07 22:27:27,167 - GT23.BorderPanel - DEBUG - Input margins: l=10, r=10, t=10, b=10
2026-05-07 22:27:27,167 - GT23.BorderPanel - DEBUG - Tight vertical space (20 <= 540): Using 50/50 split.
2026-05-07 22:27:27,167 - GT23.BorderPanel - DEBUG - Final margins (Offset-based): left=10, right=10, top=10, bottom=10
2026-05-07 22:27:27,167 - GT23.BorderPanel - DEBUG - After offset: left=10, right=10, top=10, bottom=10
2026-05-07 22:27:27,174 - GT23.BorderPanel - DEBUG - on_params_changed: is_offset=True, is_ratio_change=False
2026-05-07 22:27:27,174 - GT23.BorderPanel - DEBUG - v_offset: 16 -> 28, h_offset: 0 -> 0
2026-05-07 22:27:27,174 - GT23.BorderPanel - DEBUG - Processing offset change (is_offset=True)
2026-05-07 22:27:27,174 - GT23.BorderPanel - DEBUG - _handle_ratio_locked_sync: ratio=原图, is_offset=True
2026-05-07 22:27:27,174 - GT23.BorderPanel - DEBUG - Input margins: l=10, r=10, t=10, b=10
2026-05-07 22:27:27,174 - GT23.BorderPanel - DEBUG - Tight vertical space (20 <= 540): Using 50/50 split.
2026-05-07 22:27:27,174 - GT23.BorderPanel - DEBUG - Final margins (Offset-based): left=10, right=10, top=10, bottom=10
2026-05-07 22:27:27,174 - GT23.BorderPanel - DEBUG - After offset: left=10, right=10, top=10, bottom=10
2026-05-07 22:27:27,183 - GT23.BorderPanel - DEBUG - on_params_changed: is_offset=True, is_ratio_change=False
2026-05-07 22:27:27,183 - GT23.BorderPanel - DEBUG - v_offset: 28 -> 43, h_offset: 0 -> 0
2026-05-07 22:27:27,183 - GT23.BorderPanel - DEBUG - Processing offset change (is_offset=True)
2026-05-07 22:27:27,183 - GT23.BorderPanel - DEBUG - _handle_ratio_locked_sync: ratio=原图, is_offset=True
2026-05-07 22:27:27,183 - GT23.BorderPanel - DEBUG - Input margins: l=10, r=10, t=10, b=10
2026-05-07 22:27:27,183 - GT23.BorderPanel - DEBUG - Tight vertical space (20 <= 540): Using 50/50 split.
2026-05-07 22:27:27,183 - GT23.BorderPanel - DEBUG - Final margins (Offset-based): left=10, right=10, top=10, bottom=10
2026-05-07 22:27:27,183 - GT23.BorderPanel - DEBUG - After offset: left=10, right=10, top=10, bottom=10
2026-05-07 22:27:27,190 - GT23.BorderPanel - DEBUG - on_params_changed: is_offset=True, is_ratio_change=False
2026-05-07 22:27:27,191 - GT23.BorderPanel - DEBUG - v_offset: 43 -> 59, h_offset: 0 -> 0
2026-05-07 22:27:27,191 - GT23.BorderPanel - DEBUG - Processing offset change (is_offset=True)
2026-05-07 22:27:27,191 - GT23.BorderPanel - DEBUG - _handle_ratio_locked_sync: ratio=原图, is_offset=True
2026-05-07 22:27:27,191 - GT23.BorderPanel - DEBUG - Input margins: l=10, r=10, t=10, b=10
2026-05-07 22:27:27,191 - GT23.BorderPanel - DEBUG - Tight vertical space (20 <= 540): Using 50/50 split.
2026-05-07 22:27:27,191 - GT23.BorderPanel - DEBUG - Final margins (Offset-based): left=10, right=10, top=10, bottom=10
2026-05-07 22:27:27,191 - GT23.BorderPanel - DEBUG - After offset: left=10, right=10, top=10, bottom=10
2026-05-07 22:27:27,198 - GT23.BorderPanel - DEBUG - on_params_changed: is_offset=True, is_ratio_change=False
2026-05-07 22:27:27,198 - GT23.BorderPanel - DEBUG - v_offset: 59 -> 77, h_offset: 0 -> 0
2026-05-07 22:27:27,198 - GT23.BorderPanel - DEBUG - Processing offset change (is_offset=True)
2026-05-07 22:27:27,198 - GT23.BorderPanel - DEBUG - _handle_ratio_locked_sync: ratio=原图, is_offset=True
2026-05-07 22:27:27,198 - GT23.BorderPanel - DEBUG - Input margins: l=10, r=10, t=10, b=10
2026-05-07 22:27:27,198 - GT23.BorderPanel - DEBUG - Tight vertical space (20 <= 540): Using 50/50 split.
2026-05-07 22:27:27,199 - GT23.BorderPanel - DEBUG - Final margins (Offset-based): left=10, right=10, top=10, bottom=10
2026-05-07 22:27:27,199 - GT23.BorderPanel - DEBUG - After offset: left=10, right=10, top=10, bottom=10
2026-05-07 22:27:27,206 - GT23.BorderPanel - DEBUG - on_params_changed: is_offset=True, is_ratio_change=False
2026-05-07 22:27:27,206 - GT23.BorderPanel - DEBUG - v_offset: 77 -> 93, h_offset: 0 -> 0
2026-05-07 22:27:27,207 - GT23.BorderPanel - DEBUG - Processing offset change (is_offset=True)
2026-05-07 22:27:27,207 - GT23.BorderPanel - DEBUG - _handle_ratio_locked_sync: ratio=原图, is_offset=True
2026-05-07 22:27:27,207 - GT23.BorderPanel - DEBUG - Input margins: l=10, r=10, t=10, b=10
2026-05-07 22:27:27,207 - GT23.BorderPanel - DEBUG - Tight vertical space (20 <= 540): Using 50/50 split.
2026-05-07 22:27:27,207 - GT23.BorderPanel - DEBUG - Final margins (Offset-based): left=10, right=10, top=10, bottom=10
2026-05-07 22:27:27,207 - GT23.BorderPanel - DEBUG - After offset: left=10, right=10, top=10, bottom=10
2026-05-07 22:27:27,214 - GT23.BorderPanel - DEBUG - on_params_changed: is_offset=True, is_ratio_change=False
2026-05-07 22:27:27,215 - GT23.BorderPanel - DEBUG - v_offset: 93 -> 100, h_offset: 0 -> 0
2026-05-07 22:27:27,215 - GT23.BorderPanel - DEBUG - Processing offset change (is_offset=True)
2026-05-07 22:27:27,215 - GT23.BorderPanel - DEBUG - _handle_ratio_locked_sync: ratio=原图, is_offset=True
2026-05-07 22:27:27,215 - GT23.BorderPanel - DEBUG - Input margins: l=10, r=10, t=10, b=10
2026-05-07 22:27:27,215 - GT23.BorderPanel - DEBUG - Tight vertical space (20 <= 540): Using 50/50 split.
2026-05-07 22:27:27,215 - GT23.BorderPanel - DEBUG - Final margins (Offset-based): left=10, right=10, top=10, bottom=10
2026-05-07 22:27:27,215 - GT23.BorderPanel - DEBUG - After offset: left=10, right=10, top=10, bottom=10
2026-05-07 22:27:27,222 - GT23.BorderPanel - DEBUG - on_params_changed: is_offset=False, is_ratio_change=False
2026-05-07 22:27:27,222 - GT23.BorderPanel - DEBUG - v_offset: 100 -> 100, h_offset: 0 -> 0
2026-05-07 22:27:27,230 - GT23.BorderPanel - DEBUG - on_params_changed: is_offset=False, is_ratio_change=False
2026-05-07 22:27:27,230 - GT23.BorderPanel - DEBUG - v_offset: 100 -> 100, h_offset: 0 -> 0
2026-05-07 22:27:27,238 - GT23.BorderPanel - DEBUG - on_params_changed: is_offset=False, is_ratio_change=False
2026-05-07 22:27:27,238 - GT23.BorderPanel - DEBUG - v_offset: 100 -> 100, h_offset: 0 -> 0
2026-05-07 22:27:27,246 - GT23.BorderPanel - DEBUG - on_params_changed: is_offset=False, is_ratio_change=False
2026-05-07 22:27:27,246 - GT23.BorderPanel - DEBUG - v_offset: 100 -> 100, h_offset: 0 -> 0
2026-05-07 22:27:27,255 - GT23.BorderPanel - DEBUG - on_params_changed: is_offset=False, is_ratio_change=False
2026-05-07 22:27:27,255 - GT23.BorderPanel - DEBUG - v_offset: 100 -> 100, h_offset: 0 -> 0
2026-05-07 22:27:27,263 - GT23.BorderPanel - DEBUG - on_params_changed: is_offset=False, is_ratio_change=False
2026-05-07 22:27:27,263 - GT23.BorderPanel - DEBUG - v_offset: 100 -> 100, h_offset: 0 -> 0
2026-05-07 22:27:27,271 - GT23.BorderPanel - DEBUG - on_params_changed: is_offset=False, is_ratio_change=False
2026-05-07 22:27:27,271 - GT23.BorderPanel - DEBUG - v_offset: 100 -> 100, h_offset: 0 -> 0
2026-05-07 22:27:27,277 - GT23.BorderPanel - DEBUG - on_params_changed: is_offset=False, is_ratio_change=False
2026-05-07 22:27:27,278 - GT23.BorderPanel - DEBUG - v_offset: 100 -> 100, h_offset: 0 -> 0
2026-05-07 22:27:27,287 - GT23.BorderPanel - DEBUG - on_params_changed: is_offset=False, is_ratio_change=False
2026-05-07 22:27:27,287 - GT23.BorderPanel - DEBUG - v_offset: 100 -> 100, h_offset: 0 -> 0
2026-05-07 22:27:27,293 - GT23.BorderPanel - DEBUG - on_params_changed: is_offset=False, is_ratio_change=False
2026-05-07 22:27:27,294 - GT23.BorderPanel - DEBUG - v_offset: 100 -> 100, h_offset: 0 -> 0
2026-05-07 22:27:27,303 - GT23.BorderPanel - DEBUG - on_params_changed: is_offset=False, is_ratio_change=False
2026-05-07 22:27:27,303 - GT23.BorderPanel - DEBUG - v_offset: 100 -> 100, h_offset: 0 -> 0
2026-05-07 22:27:29,770 - GT23.BorderPanel - DEBUG - on_params_changed: is_offset=True, is_ratio_change=False
2026-05-07 22:27:29,770 - GT23.BorderPanel - DEBUG - v_offset: 100 -> 93, h_offset: 0 -> 0
2026-05-07 22:27:29,770 - GT23.BorderPanel - DEBUG - Processing offset change (is_offset=True)
2026-05-07 22:27:29,771 - GT23.BorderPanel - DEBUG - _handle_ratio_locked_sync: ratio=原图, is_offset=True
2026-05-07 22:27:29,771 - GT23.BorderPanel - DEBUG - Input margins: l=10, r=10, t=10, b=10
2026-05-07 22:27:29,771 - GT23.BorderPanel - DEBUG - Tight vertical space (20 <= 540): Using 50/50 split.
2026-05-07 22:27:29,772 - GT23.BorderPanel - DEBUG - Final margins (Offset-based): left=10, right=10, top=10, bottom=10
2026-05-07 22:27:29,772 - GT23.BorderPanel - DEBUG - After offset: left=10, right=10, top=10, bottom=10
2026-05-07 22:27:29,782 - GT23.BorderPanel - DEBUG - on_params_changed: is_offset=True, is_ratio_change=False
2026-05-07 22:27:29,782 - GT23.BorderPanel - DEBUG - v_offset: 93 -> 91, h_offset: 0 -> 0
2026-05-07 22:27:29,782 - GT23.BorderPanel - DEBUG - Processing offset change (is_offset=True)
2026-05-07 22:27:29,782 - GT23.BorderPanel - DEBUG - _handle_ratio_locked_sync: ratio=原图, is_offset=True
2026-05-07 22:27:29,782 - GT23.BorderPanel - DEBUG - Input margins: l=10, r=10, t=10, b=10
2026-05-07 22:27:29,783 - GT23.BorderPanel - DEBUG - Tight vertical space (20 <= 540): Using 50/50 split.
2026-05-07 22:27:29,783 - GT23.BorderPanel - DEBUG - Final margins (Offset-based): left=10, right=10, top=10, bottom=10
2026-05-07 22:27:29,783 - GT23.BorderPanel - DEBUG - After offset: left=10, right=10, top=10, bottom=10
2026-05-07 22:27:29,786 - GT23.BorderPanel - DEBUG - on_params_changed: is_offset=True, is_ratio_change=False
2026-05-07 22:27:29,786 - GT23.BorderPanel - DEBUG - v_offset: 91 -> 84, h_offset: 0 -> 0
2026-05-07 22:27:29,786 - GT23.BorderPanel - DEBUG - Processing offset change (is_offset=True)
2026-05-07 22:27:29,786 - GT23.BorderPanel - DEBUG - _handle_ratio_locked_sync: ratio=原图, is_offset=True
2026-05-07 22:27:29,786 - GT23.BorderPanel - DEBUG - Input margins: l=10, r=10, t=10, b=10
2026-05-07 22:27:29,786 - GT23.BorderPanel - DEBUG - Tight vertical space (20 <= 540): Using 50/50 split.
2026-05-07 22:27:29,786 - GT23.BorderPanel - DEBUG - Final margins (Offset-based): left=10, right=10, top=10, bottom=10
2026-05-07 22:27:29,786 - GT23.BorderPanel - DEBUG - After offset: left=10, right=10, top=10, bottom=10
2026-05-07 22:27:29,791 - GT23.BorderPanel - DEBUG - on_params_changed: is_offset=True, is_ratio_change=False
2026-05-07 22:27:29,791 - GT23.BorderPanel - DEBUG - v_offset: 84 -> 75, h_offset: 0 -> 0
2026-05-07 22:27:29,791 - GT23.BorderPanel - DEBUG - Processing offset change (is_offset=True)
2026-05-07 22:27:29,791 - GT23.BorderPanel - DEBUG - _handle_ratio_locked_sync: ratio=原图, is_offset=True
2026-05-07 22:27:29,792 - GT23.BorderPanel - DEBUG - Input margins: l=10, r=10, t=10, b=10
2026-05-07 22:27:29,792 - GT23.BorderPanel - DEBUG - Tight vertical space (20 <= 540): Using 50/50 split.
2026-05-07 22:27:29,792 - GT23.BorderPanel - DEBUG - Final margins (Offset-based): left=10, right=10, top=10, bottom=10
2026-05-07 22:27:29,792 - GT23.BorderPanel - DEBUG - After offset: left=10, right=10, top=10, bottom=10
2026-05-07 22:27:29,799 - GT23.BorderPanel - DEBUG - on_params_changed: is_offset=True, is_ratio_change=False
2026-05-07 22:27:29,799 - GT23.BorderPanel - DEBUG - v_offset: 75 -> 61, h_offset: 0 -> 0
2026-05-07 22:27:29,799 - GT23.BorderPanel - DEBUG - Processing offset change (is_offset=True)
2026-05-07 22:27:29,799 - GT23.BorderPanel - DEBUG - _handle_ratio_locked_sync: ratio=原图, is_offset=True
2026-05-07 22:27:29,799 - GT23.BorderPanel - DEBUG - Input margins: l=10, r=10, t=10, b=10
2026-05-07 22:27:29,799 - GT23.BorderPanel - DEBUG - Tight vertical space (20 <= 540): Using 50/50 split.
2026-05-07 22:27:29,800 - GT23.BorderPanel - DEBUG - Final margins (Offset-based): left=10, right=10, top=10, bottom=10
2026-05-07 22:27:29,800 - GT23.BorderPanel - DEBUG - After offset: left=10, right=10, top=10, bottom=10
2026-05-07 22:27:29,807 - GT23.BorderPanel - DEBUG - on_params_changed: is_offset=True, is_ratio_change=False
2026-05-07 22:27:29,807 - GT23.BorderPanel - DEBUG - v_offset: 61 -> 46, h_offset: 0 -> 0
2026-05-07 22:27:29,808 - GT23.BorderPanel - DEBUG - Processing offset change (is_offset=True)
2026-05-07 22:27:29,808 - GT23.BorderPanel - DEBUG - _handle_ratio_locked_sync: ratio=原图, is_offset=True
2026-05-07 22:27:29,808 - GT23.BorderPanel - DEBUG - Input margins: l=10, r=10, t=10, b=10
2026-05-07 22:27:29,808 - GT23.BorderPanel - DEBUG - Tight vertical space (20 <= 540): Using 50/50 split.
2026-05-07 22:27:29,808 - GT23.BorderPanel - DEBUG - Final margins (Offset-based): left=10, right=10, top=10, bottom=10
2026-05-07 22:27:29,808 - GT23.BorderPanel - DEBUG - After offset: left=10, right=10, top=10, bottom=10
2026-05-07 22:27:29,815 - GT23.BorderPanel - DEBUG - on_params_changed: is_offset=True, is_ratio_change=False
2026-05-07 22:27:29,815 - GT23.BorderPanel - DEBUG - v_offset: 46 -> 27, h_offset: 0 -> 0
2026-05-07 22:27:29,815 - GT23.BorderPanel - DEBUG - Processing offset change (is_offset=True)
2026-05-07 22:27:29,815 - GT23.BorderPanel - DEBUG - _handle_ratio_locked_sync: ratio=原图, is_offset=True
2026-05-07 22:27:29,815 - GT23.BorderPanel - DEBUG - Input margins: l=10, r=10, t=10, b=10
2026-05-07 22:27:29,816 - GT23.BorderPanel - DEBUG - Tight vertical space (20 <= 540): Using 50/50 split.
2026-05-07 22:27:29,816 - GT23.BorderPanel - DEBUG - Final margins (Offset-based): left=10, right=10, top=10, bottom=10
2026-05-07 22:27:29,816 - GT23.BorderPanel - DEBUG - After offset: left=10, right=10, top=10, bottom=10
2026-05-07 22:27:29,823 - GT23.BorderPanel - DEBUG - on_params_changed: is_offset=True, is_ratio_change=False
2026-05-07 22:27:29,823 - GT23.BorderPanel - DEBUG - v_offset: 27 -> 7, h_offset: 0 -> 0
2026-05-07 22:27:29,824 - GT23.BorderPanel - DEBUG - Processing offset change (is_offset=True)
2026-05-07 22:27:29,824 - GT23.BorderPanel - DEBUG - _handle_ratio_locked_sync: ratio=原图, is_offset=True
2026-05-07 22:27:29,824 - GT23.BorderPanel - DEBUG - Input margins: l=10, r=10, t=10, b=10
2026-05-07 22:27:29,824 - GT23.BorderPanel - DEBUG - Tight vertical space (20 <= 540): Using 50/50 split.
2026-05-07 22:27:29,824 - GT23.BorderPanel - DEBUG - Final margins (Offset-based): left=10, right=10, top=10, bottom=10
2026-05-07 22:27:29,824 - GT23.BorderPanel - DEBUG - After offset: left=10, right=10, top=10, bottom=10
2026-05-07 22:27:29,831 - GT23.BorderPanel - DEBUG - on_params_changed: is_offset=True, is_ratio_change=False
2026-05-07 22:27:29,832 - GT23.BorderPanel - DEBUG - v_offset: 7 -> -22, h_offset: 0 -> 0
2026-05-07 22:27:29,832 - GT23.BorderPanel - DEBUG - Processing offset change (is_offset=True)
2026-05-07 22:27:29,832 - GT23.BorderPanel - DEBUG - _handle_ratio_locked_sync: ratio=原图, is_offset=True
2026-05-07 22:27:29,832 - GT23.BorderPanel - DEBUG - Input margins: l=10, r=10, t=10, b=10
2026-05-07 22:27:29,832 - GT23.BorderPanel - DEBUG - Tight vertical space (20 <= 540): Using 50/50 split.
2026-05-07 22:27:29,832 - GT23.BorderPanel - DEBUG - Final margins (Offset-based): left=10, right=10, top=10, bottom=10
2026-05-07 22:27:29,832 - GT23.BorderPanel - DEBUG - After offset: left=10, right=10, top=10, bottom=10
2026-05-07 22:27:29,839 - GT23.BorderPanel - DEBUG - on_params_changed: is_offset=True, is_ratio_change=False
2026-05-07 22:27:29,840 - GT23.BorderPanel - DEBUG - v_offset: -22 -> -60, h_offset: 0 -> 0
2026-05-07 22:27:29,840 - GT23.BorderPanel - DEBUG - Processing offset change (is_offset=True)
2026-05-07 22:27:29,840 - GT23.BorderPanel - DEBUG - _handle_ratio_locked_sync: ratio=原图, is_offset=True
2026-05-07 22:27:29,840 - GT23.BorderPanel - DEBUG - Input margins: l=10, r=10, t=10, b=10
2026-05-07 22:27:29,840 - GT23.BorderPanel - DEBUG - Tight vertical space (20 <= 540): Using 50/50 split.
2026-05-07 22:27:29,840 - GT23.BorderPanel - DEBUG - Final margins (Offset-based): left=10, right=10, top=10, bottom=10
2026-05-07 22:27:29,840 - GT23.BorderPanel - DEBUG - After offset: left=10, right=10, top=10, bottom=10
2026-05-07 22:27:29,848 - GT23.BorderPanel - DEBUG - on_params_changed: is_offset=True, is_ratio_change=False
2026-05-07 22:27:29,848 - GT23.BorderPanel - DEBUG - v_offset: -60 -> -94, h_offset: 0 -> 0
2026-05-07 22:27:29,848 - GT23.BorderPanel - DEBUG - Processing offset change (is_offset=True)
2026-05-07 22:27:29,848 - GT23.BorderPanel - DEBUG - _handle_ratio_locked_sync: ratio=原图, is_offset=True
2026-05-07 22:27:29,848 - GT23.BorderPanel - DEBUG - Input margins: l=10, r=10, t=10, b=10
2026-05-07 22:27:29,848 - GT23.BorderPanel - DEBUG - Tight vertical space (20 <= 540): Using 50/50 split.
2026-05-07 22:27:29,848 - GT23.BorderPanel - DEBUG - Final margins (Offset-based): left=10, right=10, top=10, bottom=10
2026-05-07 22:27:29,848 - GT23.BorderPanel - DEBUG - After offset: left=10, right=10, top=10, bottom=10
2026-05-07 22:27:29,856 - GT23.BorderPanel - DEBUG - on_params_changed: is_offset=True, is_ratio_change=False
2026-05-07 22:27:29,856 - GT23.BorderPanel - DEBUG - v_offset: -94 -> -100, h_offset: 0 -> 0
2026-05-07 22:27:29,856 - GT23.BorderPanel - DEBUG - Processing offset change (is_offset=True)
2026-05-07 22:27:29,856 - GT23.BorderPanel - DEBUG - _handle_ratio_locked_sync: ratio=原图, is_offset=True
2026-05-07 22:27:29,856 - GT23.BorderPanel - DEBUG - Input margins: l=10, r=10, t=10, b=10
2026-05-07 22:27:29,856 - GT23.BorderPanel - DEBUG - Tight vertical space (20 <= 540): Using 50/50 split.
2026-05-07 22:27:29,856 - GT23.BorderPanel - DEBUG - Final margins (Offset-based): left=10, right=10, top=10, bottom=10
2026-05-07 22:27:29,856 - GT23.BorderPanel - DEBUG - After offset: left=10, right=10, top=10, bottom=10
2026-05-07 22:27:29,863 - GT23.BorderPanel - DEBUG - on_params_changed: is_offset=False, is_ratio_change=False
2026-05-07 22:27:29,864 - GT23.BorderPanel - DEBUG - v_offset: -100 -> -100, h_offset: 0 -> 0
2026-05-07 22:27:29,872 - GT23.BorderPanel - DEBUG - on_params_changed: is_offset=False, is_ratio_change=False
2026-05-07 22:27:29,872 - GT23.BorderPanel - DEBUG - v_offset: -100 -> -100, h_offset: 0 -> 0
2026-05-07 22:27:29,880 - GT23.BorderPanel - DEBUG - on_params_changed: is_offset=False, is_ratio_change=False
2026-05-07 22:27:29,880 - GT23.BorderPanel - DEBUG - v_offset: -100 -> -100, h_offset: 0 -> 0
2026-05-07 22:27:29,888 - GT23.BorderPanel - DEBUG - on_params_changed: is_offset=False, is_ratio_change=False
2026-05-07 22:27:29,888 - GT23.BorderPanel - DEBUG - v_offset: -100 -> -100, h_offset: 0 -> 0
2026-05-07 22:27:32,996 - GT23.BorderPanel - DEBUG - on_params_changed: is_offset=False, is_ratio_change=False
2026-05-07 22:27:32,996 - GT23.BorderPanel - DEBUG - v_offset: -100 -> -100, h_offset: 0 -> 0
2026-05-07 22:27:37,684 - GT23.BorderPanel - DEBUG - on_params_changed: is_offset=True, is_ratio_change=False
2026-05-07 22:27:37,685 - GT23.BorderPanel - DEBUG - v_offset: -100 -> -93, h_offset: 0 -> 0
2026-05-07 22:27:37,685 - GT23.BorderPanel - DEBUG - Processing offset change (is_offset=True)
2026-05-07 22:27:37,685 - GT23.BorderPanel - DEBUG - _handle_ratio_locked_sync: ratio=原图, is_offset=True
2026-05-07 22:27:37,685 - GT23.BorderPanel - DEBUG - Input margins: l=10, r=10, t=10, b=500
2026-05-07 22:27:37,685 - GT23.BorderPanel - DEBUG - Tight vertical space (510 <= 540): Using 50/50 split.
2026-05-07 22:27:37,686 - GT23.BorderPanel - DEBUG - Final margins (Offset-based): left=10, right=10, top=255, bottom=255
2026-05-07 22:27:37,686 - GT23.BorderPanel - DEBUG - After offset: left=10, right=10, top=255, bottom=255
2026-05-07 22:27:37,691 - GT23.BorderPanel - DEBUG - on_params_changed: is_offset=True, is_ratio_change=False
2026-05-07 22:27:37,691 - GT23.BorderPanel - DEBUG - v_offset: -93 -> -91, h_offset: 0 -> 0
2026-05-07 22:27:37,691 - GT23.BorderPanel - DEBUG - Processing offset change (is_offset=True)
2026-05-07 22:27:37,691 - GT23.BorderPanel - DEBUG - _handle_ratio_locked_sync: ratio=原图, is_offset=True
2026-05-07 22:27:37,691 - GT23.BorderPanel - DEBUG - Input margins: l=10, r=10, t=255, b=255
2026-05-07 22:27:37,691 - GT23.BorderPanel - DEBUG - Tight vertical space (510 <= 540): Using 50/50 split.
2026-05-07 22:27:37,691 - GT23.BorderPanel - DEBUG - Final margins (Offset-based): left=10, right=10, top=255, bottom=255
2026-05-07 22:27:37,691 - GT23.BorderPanel - DEBUG - After offset: left=10, right=10, top=255, bottom=255
2026-05-07 22:27:37,698 - GT23.BorderPanel - DEBUG - on_params_changed: is_offset=True, is_ratio_change=False
2026-05-07 22:27:37,698 - GT23.BorderPanel - DEBUG - v_offset: -91 -> -84, h_offset: 0 -> 0
2026-05-07 22:27:37,698 - GT23.BorderPanel - DEBUG - Processing offset change (is_offset=True)
2026-05-07 22:27:37,698 - GT23.BorderPanel - DEBUG - _handle_ratio_locked_sync: ratio=原图, is_offset=True
2026-05-07 22:27:37,698 - GT23.BorderPanel - DEBUG - Input margins: l=10, r=10, t=255, b=255
2026-05-07 22:27:37,699 - GT23.BorderPanel - DEBUG - Tight vertical space (510 <= 540): Using 50/50 split.
2026-05-07 22:27:37,699 - GT23.BorderPanel - DEBUG - Final margins (Offset-based): left=10, right=10, top=255, bottom=255
2026-05-07 22:27:37,699 - GT23.BorderPanel - DEBUG - After offset: left=10, right=10, top=255, bottom=255
2026-05-07 22:27:37,706 - GT23.BorderPanel - DEBUG - on_params_changed: is_offset=True, is_ratio_change=False
2026-05-07 22:27:37,706 - GT23.BorderPanel - DEBUG - v_offset: -84 -> -78, h_offset: 0 -> 0
2026-05-07 22:27:37,706 - GT23.BorderPanel - DEBUG - Processing offset change (is_offset=True)
2026-05-07 22:27:37,707 - GT23.BorderPanel - DEBUG - _handle_ratio_locked_sync: ratio=原图, is_offset=True
2026-05-07 22:27:37,707 - GT23.BorderPanel - DEBUG - Input margins: l=10, r=10, t=255, b=255
2026-05-07 22:27:37,707 - GT23.BorderPanel - DEBUG - Tight vertical space (510 <= 540): Using 50/50 split.
2026-05-07 22:27:37,707 - GT23.BorderPanel - DEBUG - Final margins (Offset-based): left=10, right=10, top=255, bottom=255
2026-05-07 22:27:37,707 - GT23.BorderPanel - DEBUG - After offset: left=10, right=10, top=255, bottom=255
2026-05-07 22:27:37,714 - GT23.BorderPanel - DEBUG - on_params_changed: is_offset=True, is_ratio_change=False
2026-05-07 22:27:37,714 - GT23.BorderPanel - DEBUG - v_offset: -78 -> -66, h_offset: 0 -> 0
2026-05-07 22:27:37,714 - GT23.BorderPanel - DEBUG - Processing offset change (is_offset=True)
2026-05-07 22:27:37,714 - GT23.BorderPanel - DEBUG - _handle_ratio_locked_sync: ratio=原图, is_offset=True
2026-05-07 22:27:37,714 - GT23.BorderPanel - DEBUG - Input margins: l=10, r=10, t=255, b=255
2026-05-07 22:27:37,714 - GT23.BorderPanel - DEBUG - Tight vertical space (510 <= 540): Using 50/50 split.
2026-05-07 22:27:37,715 - GT23.BorderPanel - DEBUG - Final margins (Offset-based): left=10, right=10, top=255, bottom=255
2026-05-07 22:27:37,715 - GT23.BorderPanel - DEBUG - After offset: left=10, right=10, top=255, bottom=255
2026-05-07 22:27:37,722 - GT23.BorderPanel - DEBUG - on_params_changed: is_offset=True, is_ratio_change=False
2026-05-07 22:27:37,722 - GT23.BorderPanel - DEBUG - v_offset: -66 -> -51, h_offset: 0 -> 0
2026-05-07 22:27:37,722 - GT23.BorderPanel - DEBUG - Processing offset change (is_offset=True)
2026-05-07 22:27:37,723 - GT23.BorderPanel - DEBUG - _handle_ratio_locked_sync: ratio=原图, is_offset=True
2026-05-07 22:27:37,723 - GT23.BorderPanel - DEBUG - Input margins: l=10, r=10, t=255, b=255
2026-05-07 22:27:37,723 - GT23.BorderPanel - DEBUG - Tight vertical space (510 <= 540): Using 50/50 split.
2026-05-07 22:27:37,723 - GT23.BorderPanel - DEBUG - Final margins (Offset-based): left=10, right=10, top=255, bottom=255
2026-05-07 22:27:37,723 - GT23.BorderPanel - DEBUG - After offset: left=10, right=10, top=255, bottom=255
2026-05-07 22:27:37,730 - GT23.BorderPanel - DEBUG - on_params_changed: is_offset=True, is_ratio_change=False
2026-05-07 22:27:37,730 - GT23.BorderPanel - DEBUG - v_offset: -51 -> -34, h_offset: 0 -> 0
2026-05-07 22:27:37,731 - GT23.BorderPanel - DEBUG - Processing offset change (is_offset=True)
2026-05-07 22:27:37,731 - GT23.BorderPanel - DEBUG - _handle_ratio_locked_sync: ratio=原图, is_offset=True
2026-05-07 22:27:37,731 - GT23.BorderPanel - DEBUG - Input margins: l=10, r=10, t=255, b=255
2026-05-07 22:27:37,731 - GT23.BorderPanel - DEBUG - Tight vertical space (510 <= 540): Using 50/50 split.
2026-05-07 22:27:37,731 - GT23.BorderPanel - DEBUG - Final margins (Offset-based): left=10, right=10, top=255, bottom=255
2026-05-07 22:27:37,731 - GT23.BorderPanel - DEBUG - After offset: left=10, right=10, top=255, bottom=255
2026-05-07 22:27:37,738 - GT23.BorderPanel - DEBUG - on_params_changed: is_offset=True, is_ratio_change=False
2026-05-07 22:27:37,739 - GT23.BorderPanel - DEBUG - v_offset: -34 -> -16, h_offset: 0 -> 0
2026-05-07 22:27:37,739 - GT23.BorderPanel - DEBUG - Processing offset change (is_offset=True)
2026-05-07 22:27:37,739 - GT23.BorderPanel - DEBUG - _handle_ratio_locked_sync: ratio=原图, is_offset=True
2026-05-07 22:27:37,739 - GT23.BorderPanel - DEBUG - Input margins: l=10, r=10, t=255, b=255
2026-05-07 22:27:37,739 - GT23.BorderPanel - DEBUG - Tight vertical space (510 <= 540): Using 50/50 split.
2026-05-07 22:27:37,739 - GT23.BorderPanel - DEBUG - Final margins (Offset-based): left=10, right=10, top=255, bottom=255
2026-05-07 22:27:37,739 - GT23.BorderPanel - DEBUG - After offset: left=10, right=10, top=255, bottom=255
2026-05-07 22:27:37,746 - GT23.BorderPanel - DEBUG - on_params_changed: is_offset=True, is_ratio_change=False
2026-05-07 22:27:37,746 - GT23.BorderPanel - DEBUG - v_offset: -16 -> 3, h_offset: 0 -> 0
2026-05-07 22:27:37,747 - GT23.BorderPanel - DEBUG - Processing offset change (is_offset=True)
2026-05-07 22:27:37,747 - GT23.BorderPanel - DEBUG - _handle_ratio_locked_sync: ratio=原图, is_offset=True
2026-05-07 22:27:37,747 - GT23.BorderPanel - DEBUG - Input margins: l=10, r=10, t=255, b=255
2026-05-07 22:27:37,747 - GT23.BorderPanel - DEBUG - Tight vertical space (510 <= 540): Using 50/50 split.
2026-05-07 22:27:37,747 - GT23.BorderPanel - DEBUG - Final margins (Offset-based): left=10, right=10, top=255, bottom=255
2026-05-07 22:27:37,747 - GT23.BorderPanel - DEBUG - After offset: left=10, right=10, top=255, bottom=255
2026-05-07 22:27:37,755 - GT23.BorderPanel - DEBUG - on_params_changed: is_offset=True, is_ratio_change=False
2026-05-07 22:27:37,755 - GT23.BorderPanel - DEBUG - v_offset: 3 -> 27, h_offset: 0 -> 0
2026-05-07 22:27:37,755 - GT23.BorderPanel - DEBUG - Processing offset change (is_offset=True)
2026-05-07 22:27:37,755 - GT23.BorderPanel - DEBUG - _handle_ratio_locked_sync: ratio=原图, is_offset=True
2026-05-07 22:27:37,755 - GT23.BorderPanel - DEBUG - Input margins: l=10, r=10, t=255, b=255
2026-05-07 22:27:37,755 - GT23.BorderPanel - DEBUG - Tight vertical space (510 <= 540): Using 50/50 split.
2026-05-07 22:27:37,755 - GT23.BorderPanel - DEBUG - Final margins (Offset-based): left=10, right=10, top=255, bottom=255
2026-05-07 22:27:37,755 - GT23.BorderPanel - DEBUG - After offset: left=10, right=10, top=255, bottom=255
2026-05-07 22:27:37,763 - GT23.BorderPanel - DEBUG - on_params_changed: is_offset=True, is_ratio_change=False
2026-05-07 22:27:37,763 - GT23.BorderPanel - DEBUG - v_offset: 27 -> 51, h_offset: 0 -> 0
2026-05-07 22:27:37,763 - GT23.BorderPanel - DEBUG - Processing offset change (is_offset=True)
2026-05-07 22:27:37,763 - GT23.BorderPanel - DEBUG - _handle_ratio_locked_sync: ratio=原图, is_offset=True
2026-05-07 22:27:37,763 - GT23.BorderPanel - DEBUG - Input margins: l=10, r=10, t=255, b=255
2026-05-07 22:27:37,763 - GT23.BorderPanel - DEBUG - Tight vertical space (510 <= 540): Using 50/50 split.
2026-05-07 22:27:37,763 - GT23.BorderPanel - DEBUG - Final margins (Offset-based): left=10, right=10, top=255, bottom=255
2026-05-07 22:27:37,763 - GT23.BorderPanel - DEBUG - After offset: left=10, right=10, top=255, bottom=255
2026-05-07 22:27:37,770 - GT23.BorderPanel - DEBUG - on_params_changed: is_offset=True, is_ratio_change=False
2026-05-07 22:27:37,770 - GT23.BorderPanel - DEBUG - v_offset: 51 -> 75, h_offset: 0 -> 0
2026-05-07 22:27:37,771 - GT23.BorderPanel - DEBUG - Processing offset change (is_offset=True)
2026-05-07 22:27:37,771 - GT23.BorderPanel - DEBUG - _handle_ratio_locked_sync: ratio=原图, is_offset=True
2026-05-07 22:27:37,771 - GT23.BorderPanel - DEBUG - Input margins: l=10, r=10, t=255, b=255
2026-05-07 22:27:37,771 - GT23.BorderPanel - DEBUG - Tight vertical space (510 <= 540): Using 50/50 split.
2026-05-07 22:27:37,771 - GT23.BorderPanel - DEBUG - Final margins (Offset-based): left=10, right=10, top=255, bottom=255
2026-05-07 22:27:37,771 - GT23.BorderPanel - DEBUG - After offset: left=10, right=10, top=255, bottom=255
2026-05-07 22:27:37,779 - GT23.BorderPanel - DEBUG - on_params_changed: is_offset=True, is_ratio_change=False
2026-05-07 22:27:37,779 - GT23.BorderPanel - DEBUG - v_offset: 75 -> 99, h_offset: 0 -> 0
2026-05-07 22:27:37,779 - GT23.BorderPanel - DEBUG - Processing offset change (is_offset=True)
2026-05-07 22:27:37,779 - GT23.BorderPanel - DEBUG - _handle_ratio_locked_sync: ratio=原图, is_offset=True
2026-05-07 22:27:37,779 - GT23.BorderPanel - DEBUG - Input margins: l=10, r=10, t=255, b=255
2026-05-07 22:27:37,779 - GT23.BorderPanel - DEBUG - Tight vertical space (510 <= 540): Using 50/50 split.
2026-05-07 22:27:37,779 - GT23.BorderPanel - DEBUG - Final margins (Offset-based): left=10, right=10, top=255, bottom=255
2026-05-07 22:27:37,779 - GT23.BorderPanel - DEBUG - After offset: left=10, right=10, top=255, bottom=255
2026-05-07 22:27:37,787 - GT23.BorderPanel - DEBUG - on_params_changed: is_offset=True, is_ratio_change=False
2026-05-07 22:27:37,787 - GT23.BorderPanel - DEBUG - v_offset: 99 -> 100, h_offset: 0 -> 0
2026-05-07 22:27:37,787 - GT23.BorderPanel - DEBUG - Processing offset change (is_offset=True)
2026-05-07 22:27:37,787 - GT23.BorderPanel - DEBUG - _handle_ratio_locked_sync: ratio=原图, is_offset=True
2026-05-07 22:27:37,787 - GT23.BorderPanel - DEBUG - Input margins: l=10, r=10, t=255, b=255
2026-05-07 22:27:37,788 - GT23.BorderPanel - DEBUG - Tight vertical space (510 <= 540): Using 50/50 split.
2026-05-07 22:27:37,788 - GT23.BorderPanel - DEBUG - Final margins (Offset-based): left=10, right=10, top=255, bottom=255
2026-05-07 22:27:37,788 - GT23.BorderPanel - DEBUG - After offset: left=10, right=10, top=255, bottom=255
2026-05-07 22:27:37,794 - GT23.BorderPanel - DEBUG - on_params_changed: is_offset=False, is_ratio_change=False
2026-05-07 22:27:37,794 - GT23.BorderPanel - DEBUG - v_offset: 100 -> 100, h_offset: 0 -> 0
2026-05-07 22:27:37,802 - GT23.BorderPanel - DEBUG - on_params_changed: is_offset=False, is_ratio_change=False
2026-05-07 22:27:37,802 - GT23.BorderPanel - DEBUG - v_offset: 100 -> 100, h_offset: 0 -> 0
2026-05-07 22:27:37,810 - GT23.BorderPanel - DEBUG - on_params_changed: is_offset=False, is_ratio_change=False
2026-05-07 22:27:37,811 - GT23.BorderPanel - DEBUG - v_offset: 100 -> 100, h_offset: 0 -> 0
2026-05-07 22:27:37,819 - GT23.BorderPanel - DEBUG - on_params_changed: is_offset=False, is_ratio_change=False
2026-05-07 22:27:37,819 - GT23.BorderPanel - DEBUG - v_offset: 100 -> 100, h_offset: 0 -> 0
2026-05-07 22:27:37,827 - GT23.BorderPanel - DEBUG - on_params_changed: is_offset=False, is_ratio_change=False
2026-05-07 22:27:37,827 - GT23.BorderPanel - DEBUG - v_offset: 100 -> 100, h_offset: 0 -> 0
2026-05-07 22:27:37,835 - GT23.BorderPanel - DEBUG - on_params_changed: is_offset=False, is_ratio_change=False
2026-05-07 22:27:37,835 - GT23.BorderPanel - DEBUG - v_offset: 100 -> 100, h_offset: 0 -> 0
2026-05-07 22:27:37,843 - GT23.BorderPanel - DEBUG - on_params_changed: is_offset=False, is_ratio_change=False
2026-05-07 22:27:37,843 - GT23.BorderPanel - DEBUG - v_offset: 100 -> 100, h_offset: 0 -> 0
2026-05-07 22:27:37,850 - GT23.BorderPanel - DEBUG - on_params_changed: is_offset=False, is_ratio_change=False
2026-05-07 22:27:37,851 - GT23.BorderPanel - DEBUG - v_offset: 100 -> 100, h_offset: 0 -> 0
2026-05-07 22:27:37,859 - GT23.BorderPanel - DEBUG - on_params_changed: is_offset=False, is_ratio_change=False
2026-05-07 22:27:37,859 - GT23.BorderPanel - DEBUG - v_offset: 100 -> 100, h_offset: 0 -> 0
2026-05-07 22:27:37,875 - GT23.BorderPanel - DEBUG - on_params_changed: is_offset=False, is_ratio_change=False
2026-05-07 22:27:37,875 - GT23.BorderPanel - DEBUG - v_offset: 100 -> 100, h_offset: 0 -> 0
2026-05-07 22:27:40,158 - GT23.BorderPanel - DEBUG - on_params_changed: is_offset=False, is_ratio_change=False
2026-05-07 22:27:40,158 - GT23.BorderPanel - DEBUG - v_offset: 100 -> 100, h_offset: 0 -> 0
2026-05-07 22:27:50,870 - GT23.BorderPanel - DEBUG - on_params_changed: is_offset=False, is_ratio_change=False
2026-05-07 22:27:50,871 - GT23.BorderPanel - DEBUG - v_offset: 100 -> 100, h_offset: 0 -> 0
2026-05-07 22:27:55,276 - GT23.BorderPanel - DEBUG - on_params_changed: is_offset=False, is_ratio_change=False
2026-05-07 22:27:55,276 - GT23.BorderPanel - DEBUG - v_offset: 100 -> 100, h_offset: 0 -> 0
2026-05-07 22:28:04,629 - GT23.BorderPanel - DEBUG - on_params_changed: is_offset=False, is_ratio_change=False
2026-05-07 22:28:04,629 - GT23.BorderPanel - DEBUG - v_offset: 100 -> 100, h_offset: 0 -> 0
2026-05-07 22:28:20,524 - GT23.BorderPanel - DEBUG - === _on_ratio_changed_aesthetic called ===
2026-05-07 22:28:20,524 - GT23.BorderPanel - DEBUG - Before: left=180, right=180, top=180, bottom=585
2026-05-07 22:28:20,524 - GT23.BorderPanel - DEBUG - v_offset=0, h_offset=0
2026-05-07 22:28:20,524 - GT23.BorderPanel - DEBUG - Resetting offsets to 0 due to ratio change.
2026-05-07 22:28:20,524 - GT23.BorderPanel - DEBUG - After preset: left=180, right=180, top=180, bottom=585
2026-05-07 22:28:20,524 - GT23.BorderPanel - DEBUG - _ratio_just_changed = True
2026-05-07 22:28:20,624 - GT23.BorderPanel - DEBUG - on_params_changed: is_offset=False, is_ratio_change=True
2026-05-07 22:28:20,624 - GT23.BorderPanel - DEBUG - v_offset: 0 -> 0, h_offset: 0 -> 0
2026-05-07 22:28:20,624 - GT23.BorderPanel - DEBUG - Processing ratio change (is_offset=False)
2026-05-07 22:28:20,624 - GT23.BorderPanel - DEBUG - _handle_ratio_locked_sync: ratio=原图, is_offset=False
2026-05-07 22:28:20,624 - GT23.BorderPanel - DEBUG - Input margins: l=180, r=180, t=180, b=585
2026-05-07 22:28:20,624 - GT23.BorderPanel - DEBUG - Final margins: left=180, right=180, top=180, bottom=585
2026-05-07 22:28:20,624 - GT23.BorderPanel - DEBUG - After ratio: left=180, right=180, top=180, bottom=585
2026-05-07 22:28:20,844 - GT23.BorderPanel - DEBUG - on_params_changed: is_offset=False, is_ratio_change=False
2026-05-07 22:28:20,844 - GT23.BorderPanel - DEBUG - v_offset: 0 -> 0, h_offset: 0 -> 0
2026-05-07 22:28:20,866 - GT23.BorderPanel - DEBUG - on_params_changed: is_offset=False, is_ratio_change=False
2026-05-07 22:28:20,866 - GT23.BorderPanel - DEBUG - v_offset: 0 -> 0, h_offset: 0 -> 0
2026-05-07 22:28:20,866 - GT23.BorderPanel - DEBUG - === _on_ratio_changed_aesthetic called ===
2026-05-07 22:28:20,866 - GT23.BorderPanel - DEBUG - Before: left=180, right=180, top=180, bottom=585
2026-05-07 22:28:20,866 - GT23.BorderPanel - DEBUG - v_offset=0, h_offset=0
2026-05-07 22:28:20,866 - GT23.BorderPanel - DEBUG - Resetting offsets to 0 due to ratio change.
2026-05-07 22:28:20,867 - GT23.BorderPanel - DEBUG - After preset: left=180, right=180, top=180, bottom=585
2026-05-07 22:28:20,867 - GT23.BorderPanel - DEBUG - _ratio_just_changed = True
2026-05-07 22:28:20,867 - GT23.BorderPanel - DEBUG - on_params_changed: is_offset=False, is_ratio_change=True
2026-05-07 22:28:20,867 - GT23.BorderPanel - DEBUG - v_offset: 0 -> 0, h_offset: 0 -> 0
2026-05-07 22:28:20,867 - GT23.BorderPanel - DEBUG - Processing ratio change (is_offset=False)
2026-05-07 22:28:20,867 - GT23.BorderPanel - DEBUG - _handle_ratio_locked_sync: ratio=原图, is_offset=False
2026-05-07 22:28:20,867 - GT23.BorderPanel - DEBUG - Input margins: l=180, r=180, t=180, b=585
2026-05-07 22:28:20,867 - GT23.BorderPanel - DEBUG - Final margins: left=180, right=180, top=180, bottom=585
2026-05-07 22:28:20,867 - GT23.BorderPanel - DEBUG - After ratio: left=180, right=180, top=180, bottom=585
2026-05-07 22:28:28,957 - GT23.BorderPanel - DEBUG - === _on_ratio_changed_aesthetic called ===
2026-05-07 22:28:28,957 - GT23.BorderPanel - DEBUG - Before: left=180, right=180, top=180, bottom=585
2026-05-07 22:28:28,957 - GT23.BorderPanel - DEBUG - v_offset=0, h_offset=0
2026-05-07 22:28:28,957 - GT23.BorderPanel - DEBUG - Resetting offsets to 0 due to ratio change.
2026-05-07 22:28:28,957 - GT23.BorderPanel - DEBUG - After preset: left=180, right=180, top=180, bottom=585
2026-05-07 22:28:28,957 - GT23.BorderPanel - DEBUG - _ratio_just_changed = True
2026-05-07 22:28:28,957 - GT23.BorderPanel - DEBUG - on_params_changed: is_offset=False, is_ratio_change=True
2026-05-07 22:28:28,957 - GT23.BorderPanel - DEBUG - v_offset: 0 -> 0, h_offset: 0 -> 0
2026-05-07 22:28:28,957 - GT23.BorderPanel - DEBUG - Processing ratio change (is_offset=False)
2026-05-07 22:28:28,957 - GT23.BorderPanel - DEBUG - _handle_ratio_locked_sync: ratio=原图, is_offset=False
2026-05-07 22:28:28,957 - GT23.BorderPanel - DEBUG - Input margins: l=180, r=180, t=180, b=585
2026-05-07 22:28:28,957 - GT23.BorderPanel - DEBUG - Final margins: left=180, right=180, top=180, bottom=585
2026-05-07 22:28:28,957 - GT23.BorderPanel - DEBUG - After ratio: left=180, right=180, top=180, bottom=585
2026-05-07 22:28:28,959 - GT23.BorderPanel - DEBUG - on_params_changed: is_offset=False, is_ratio_change=False
2026-05-07 22:28:28,959 - GT23.BorderPanel - DEBUG - v_offset: 0 -> 0, h_offset: 0 -> 0
2026-05-07 22:28:31,063 - GT23.BorderPanel - DEBUG - === _on_ratio_changed_aesthetic called ===
2026-05-07 22:28:31,063 - GT23.BorderPanel - DEBUG - Before: left=180, right=180, top=180, bottom=585
2026-05-07 22:28:31,063 - GT23.BorderPanel - DEBUG - v_offset=0, h_offset=0
2026-05-07 22:28:31,063 - GT23.BorderPanel - DEBUG - Resetting offsets to 0 due to ratio change.
2026-05-07 22:28:31,063 - GT23.BorderPanel - DEBUG - After preset: left=500, right=500, top=500, bottom=1200
2026-05-07 22:28:31,064 - GT23.BorderPanel - DEBUG - _ratio_just_changed = True
2026-05-07 22:28:31,064 - GT23.BorderPanel - DEBUG - on_params_changed: is_offset=False, is_ratio_change=True
2026-05-07 22:28:31,064 - GT23.BorderPanel - DEBUG - v_offset: 0 -> 0, h_offset: 0 -> 0
2026-05-07 22:28:31,064 - GT23.BorderPanel - DEBUG - Processing ratio change (is_offset=False)
2026-05-07 22:28:31,064 - GT23.BorderPanel - DEBUG - _handle_ratio_locked_sync: ratio=1:1, is_offset=False
2026-05-07 22:28:31,064 - GT23.BorderPanel - DEBUG - Input margins: l=500, r=500, t=500, b=1200
2026-05-07 22:28:31,064 - GT23.BorderPanel - DEBUG - Final margins (Offset-based): left=850, right=850, top=348, bottom=1352
2026-05-07 22:28:31,064 - GT23.BorderPanel - DEBUG - After ratio: left=850, right=850, top=348, bottom=1352
2026-05-07 22:28:31,067 - GT23.BorderPanel - DEBUG - on_params_changed: is_offset=False, is_ratio_change=False
2026-05-07 22:28:31,067 - GT23.BorderPanel - DEBUG - v_offset: 0 -> 0, h_offset: 0 -> 0
2026-05-07 22:28:33,208 - GT23.BorderPanel - DEBUG - === _on_ratio_changed_aesthetic called ===
2026-05-07 22:28:33,209 - GT23.BorderPanel - DEBUG - Before: left=850, right=850, top=348, bottom=1352
2026-05-07 22:28:33,209 - GT23.BorderPanel - DEBUG - v_offset=0, h_offset=0
2026-05-07 22:28:33,209 - GT23.BorderPanel - DEBUG - Resetting offsets to 0 due to ratio change.
2026-05-07 22:28:33,209 - GT23.BorderPanel - DEBUG - After preset: left=850, right=850, top=348, bottom=1352
2026-05-07 22:28:33,209 - GT23.BorderPanel - DEBUG - _ratio_just_changed = True
2026-05-07 22:28:33,209 - GT23.BorderPanel - DEBUG - on_params_changed: is_offset=False, is_ratio_change=True
2026-05-07 22:28:33,209 - GT23.BorderPanel - DEBUG - v_offset: 0 -> 0, h_offset: 0 -> 0
2026-05-07 22:28:33,209 - GT23.BorderPanel - DEBUG - Processing ratio change (is_offset=False)
2026-05-07 22:28:33,209 - GT23.BorderPanel - DEBUG - _handle_ratio_locked_sync: ratio=原图, is_offset=False
2026-05-07 22:28:33,209 - GT23.BorderPanel - DEBUG - Input margins: l=850, r=850, t=348, b=1352
2026-05-07 22:28:33,209 - GT23.BorderPanel - DEBUG - Final margins: left=850, right=850, top=348, bottom=1352
2026-05-07 22:28:33,209 - GT23.BorderPanel - DEBUG - After ratio: left=850, right=850, top=348, bottom=1352
2026-05-07 22:28:33,211 - GT23.BorderPanel - DEBUG - on_params_changed: is_offset=False, is_ratio_change=False
2026-05-07 22:28:33,211 - GT23.BorderPanel - DEBUG - v_offset: 0 -> 0, h_offset: 0 -> 0
2026-05-07 22:28:35,755 - GT23.BorderPanel - DEBUG - === _on_ratio_changed_aesthetic called ===
2026-05-07 22:28:35,755 - GT23.BorderPanel - DEBUG - Before: left=850, right=850, top=348, bottom=1352
2026-05-07 22:28:35,755 - GT23.BorderPanel - DEBUG - v_offset=0, h_offset=0
2026-05-07 22:28:35,755 - GT23.BorderPanel - DEBUG - Resetting offsets to 0 due to ratio change.
2026-05-07 22:28:35,755 - GT23.BorderPanel - DEBUG - After preset: left=350, right=350, top=350, bottom=1100
2026-05-07 22:28:35,755 - GT23.BorderPanel - DEBUG - _ratio_just_changed = True
2026-05-07 22:28:35,755 - GT23.BorderPanel - DEBUG - on_params_changed: is_offset=False, is_ratio_change=True
2026-05-07 22:28:35,755 - GT23.BorderPanel - DEBUG - v_offset: 0 -> 0, h_offset: 0 -> 0
2026-05-07 22:28:35,755 - GT23.BorderPanel - DEBUG - Processing ratio change (is_offset=False)
2026-05-07 22:28:35,755 - GT23.BorderPanel - DEBUG - _handle_ratio_locked_sync: ratio=5:7, is_offset=False
2026-05-07 22:28:35,755 - GT23.BorderPanel - DEBUG - Input margins: l=350, r=350, t=350, b=1100
2026-05-07 22:28:35,756 - GT23.BorderPanel - DEBUG - Final margins (Offset-based): left=350, right=350, top=612, bottom=1968
2026-05-07 22:28:35,756 - GT23.BorderPanel - DEBUG - After ratio: left=350, right=350, top=612, bottom=1968
2026-05-07 22:28:35,757 - GT23.BorderPanel - DEBUG - on_params_changed: is_offset=False, is_ratio_change=False
2026-05-07 22:28:35,757 - GT23.BorderPanel - DEBUG - v_offset: 0 -> 0, h_offset: 0 -> 0
2026-05-07 22:28:38,148 - GT23.BorderPanel - DEBUG - === _on_ratio_changed_aesthetic called ===
2026-05-07 22:28:38,148 - GT23.BorderPanel - DEBUG - Before: left=350, right=350, top=612, bottom=1968
2026-05-07 22:28:38,148 - GT23.BorderPanel - DEBUG - v_offset=0, h_offset=0
2026-05-07 22:28:38,149 - GT23.BorderPanel - DEBUG - Resetting offsets to 0 due to ratio change.
2026-05-07 22:28:38,149 - GT23.BorderPanel - DEBUG - After preset: left=300, right=300, top=600, bottom=2000
2026-05-07 22:28:38,149 - GT23.BorderPanel - DEBUG - _ratio_just_changed = True
2026-05-07 22:28:38,149 - GT23.BorderPanel - DEBUG - on_params_changed: is_offset=False, is_ratio_change=True
2026-05-07 22:28:38,149 - GT23.BorderPanel - DEBUG - v_offset: 0 -> 0, h_offset: 0 -> 0
2026-05-07 22:28:38,149 - GT23.BorderPanel - DEBUG - Processing ratio change (is_offset=False)
2026-05-07 22:28:38,149 - GT23.BorderPanel - DEBUG - _handle_ratio_locked_sync: ratio=9:16, is_offset=False
2026-05-07 22:28:38,149 - GT23.BorderPanel - DEBUG - Input margins: l=300, r=300, t=600, b=2000
2026-05-07 22:28:38,149 - GT23.BorderPanel - DEBUG - Final margins (Offset-based): left=300, right=300, top=1091, bottom=3086
2026-05-07 22:28:38,149 - GT23.BorderPanel - DEBUG - After ratio: left=300, right=300, top=1091, bottom=3086
2026-05-07 22:28:38,151 - GT23.BorderPanel - DEBUG - on_params_changed: is_offset=False, is_ratio_change=False
2026-05-07 22:28:38,151 - GT23.BorderPanel - DEBUG - v_offset: 0 -> 0, h_offset: 0 -> 0
2026-05-07 22:28:40,366 - GT23.BorderPanel - DEBUG - === _on_ratio_changed_aesthetic called ===
2026-05-07 22:28:40,367 - GT23.BorderPanel - DEBUG - Before: left=300, right=300, top=1091, bottom=3086
2026-05-07 22:28:40,367 - GT23.BorderPanel - DEBUG - v_offset=0, h_offset=0
2026-05-07 22:28:40,367 - GT23.BorderPanel - DEBUG - Resetting offsets to 0 due to ratio change.
2026-05-07 22:28:40,367 - GT23.BorderPanel - DEBUG - After preset: left=300, right=300, top=500, bottom=950
2026-05-07 22:28:40,367 - GT23.BorderPanel - DEBUG - _ratio_just_changed = True
2026-05-07 22:28:40,367 - GT23.BorderPanel - DEBUG - on_params_changed: is_offset=False, is_ratio_change=True
2026-05-07 22:28:40,367 - GT23.BorderPanel - DEBUG - v_offset: 0 -> 0, h_offset: 0 -> 0
2026-05-07 22:28:40,367 - GT23.BorderPanel - DEBUG - Processing ratio change (is_offset=False)
2026-05-07 22:28:40,367 - GT23.BorderPanel - DEBUG - _handle_ratio_locked_sync: ratio=16:9, is_offset=False
2026-05-07 22:28:40,367 - GT23.BorderPanel - DEBUG - Input margins: l=300, r=300, t=500, b=950
2026-05-07 22:28:40,368 - GT23.BorderPanel - DEBUG - Final margins (Offset-based): left=2844, right=2844, top=273, bottom=1177
2026-05-07 22:28:40,368 - GT23.BorderPanel - DEBUG - After ratio: left=2844, right=2844, top=273, bottom=1177
2026-05-07 22:28:40,369 - GT23.BorderPanel - DEBUG - on_params_changed: is_offset=False, is_ratio_change=False
2026-05-07 22:28:40,369 - GT23.BorderPanel - DEBUG - v_offset: 0 -> 0, h_offset: 0 -> 0
2026-05-07 22:28:42,353 - GT23.BorderPanel - DEBUG - === _on_ratio_changed_aesthetic called ===
2026-05-07 22:28:42,353 - GT23.BorderPanel - DEBUG - Before: left=2844, right=2844, top=273, bottom=1177
2026-05-07 22:28:42,353 - GT23.BorderPanel - DEBUG - v_offset=0, h_offset=0
2026-05-07 22:28:42,353 - GT23.BorderPanel - DEBUG - Resetting offsets to 0 due to ratio change.
2026-05-07 22:28:42,353 - GT23.BorderPanel - DEBUG - After preset: left=2844, right=2844, top=273, bottom=1177
2026-05-07 22:28:42,354 - GT23.BorderPanel - DEBUG - _ratio_just_changed = True
2026-05-07 22:28:42,354 - GT23.BorderPanel - DEBUG - on_params_changed: is_offset=False, is_ratio_change=True
2026-05-07 22:28:42,354 - GT23.BorderPanel - DEBUG - v_offset: 0 -> 0, h_offset: 0 -> 0
2026-05-07 22:28:42,354 - GT23.BorderPanel - DEBUG - Processing ratio change (is_offset=False)
2026-05-07 22:28:42,354 - GT23.BorderPanel - DEBUG - _handle_ratio_locked_sync: ratio=原图, is_offset=False
2026-05-07 22:28:42,354 - GT23.BorderPanel - DEBUG - Input margins: l=2844, r=2844, t=273, b=1177
2026-05-07 22:28:42,354 - GT23.BorderPanel - DEBUG - Final margins: left=2844, right=2844, top=273, bottom=1177
2026-05-07 22:28:42,354 - GT23.BorderPanel - DEBUG - After ratio: left=2844, right=2844, top=273, bottom=1177
2026-05-07 22:28:42,355 - GT23.BorderPanel - DEBUG - on_params_changed: is_offset=False, is_ratio_change=False
2026-05-07 22:28:42,355 - GT23.BorderPanel - DEBUG - v_offset: 0 -> 0, h_offset: 0 -> 0
2026-05-07 22:28:44,643 - GT23.BorderPanel - DEBUG - === _on_ratio_changed_aesthetic called ===
2026-05-07 22:28:44,643 - GT23.BorderPanel - DEBUG - Before: left=2844, right=2844, top=273, bottom=1177
2026-05-07 22:28:44,643 - GT23.BorderPanel - DEBUG - v_offset=0, h_offset=0
2026-05-07 22:28:44,643 - GT23.BorderPanel - DEBUG - Resetting offsets to 0 due to ratio change.
2026-05-07 22:28:44,643 - GT23.BorderPanel - DEBUG - After preset: left=400, right=400, top=400, bottom=1300
2026-05-07 22:28:44,643 - GT23.BorderPanel - DEBUG - _ratio_just_changed = True
2026-05-07 22:28:44,643 - GT23.BorderPanel - DEBUG - on_params_changed: is_offset=False, is_ratio_change=True
2026-05-07 22:28:44,643 - GT23.BorderPanel - DEBUG - v_offset: 0 -> 0, h_offset: 0 -> 0
2026-05-07 22:28:44,643 - GT23.BorderPanel - DEBUG - Processing ratio change (is_offset=False)
2026-05-07 22:28:44,643 - GT23.BorderPanel - DEBUG - _handle_ratio_locked_sync: ratio=3:4, is_offset=False
2026-05-07 22:28:44,643 - GT23.BorderPanel - DEBUG - Input margins: l=400, r=400, t=400, b=1300
2026-05-07 22:28:44,644 - GT23.BorderPanel - DEBUG - Final margins (Offset-based): left=400, right=400, top=558, bottom=1842
2026-05-07 22:28:44,644 - GT23.BorderPanel - DEBUG - After ratio: left=400, right=400, top=558, bottom=1842
2026-05-07 22:28:44,645 - GT23.BorderPanel - DEBUG - on_params_changed: is_offset=False, is_ratio_change=False
2026-05-07 22:28:44,645 - GT23.BorderPanel - DEBUG - v_offset: 0 -> 0, h_offset: 0 -> 0
2026-05-07 22:28:46,909 - GT23.BorderPanel - DEBUG - on_params_changed: is_offset=True, is_ratio_change=False
2026-05-07 22:28:46,909 - GT23.BorderPanel - DEBUG - v_offset: 0 -> -4, h_offset: 0 -> 0
2026-05-07 22:28:46,909 - GT23.BorderPanel - DEBUG - Processing offset change (is_offset=True)
2026-05-07 22:28:46,909 - GT23.BorderPanel - DEBUG - _handle_ratio_locked_sync: ratio=3:4, is_offset=True
2026-05-07 22:28:46,909 - GT23.BorderPanel - DEBUG - Input margins: l=400, r=400, t=558, b=1842
2026-05-07 22:28:46,910 - GT23.BorderPanel - DEBUG - Final margins (Offset-based): left=400, right=400, top=535, bottom=1865
2026-05-07 22:28:46,910 - GT23.BorderPanel - DEBUG - After offset: left=400, right=400, top=535, bottom=1865
2026-05-07 22:28:46,918 - GT23.BorderPanel - DEBUG - on_params_changed: is_offset=True, is_ratio_change=False
2026-05-07 22:28:46,918 - GT23.BorderPanel - DEBUG - v_offset: -4 -> -6, h_offset: 0 -> 0
2026-05-07 22:28:46,918 - GT23.BorderPanel - DEBUG - Processing offset change (is_offset=True)
2026-05-07 22:28:46,918 - GT23.BorderPanel - DEBUG - _handle_ratio_locked_sync: ratio=3:4, is_offset=True
2026-05-07 22:28:46,918 - GT23.BorderPanel - DEBUG - Input margins: l=400, r=400, t=535, b=1865
2026-05-07 22:28:46,919 - GT23.BorderPanel - DEBUG - Final margins (Offset-based): left=400, right=400, top=524, bottom=1876
2026-05-07 22:28:46,919 - GT23.BorderPanel - DEBUG - After offset: left=400, right=400, top=524, bottom=1876
2026-05-07 22:28:46,923 - GT23.BorderPanel - DEBUG - on_params_changed: is_offset=True, is_ratio_change=False
2026-05-07 22:28:46,924 - GT23.BorderPanel - DEBUG - v_offset: -6 -> -10, h_offset: 0 -> 0
2026-05-07 22:28:46,924 - GT23.BorderPanel - DEBUG - Processing offset change (is_offset=True)
2026-05-07 22:28:46,924 - GT23.BorderPanel - DEBUG - _handle_ratio_locked_sync: ratio=3:4, is_offset=True
2026-05-07 22:28:46,924 - GT23.BorderPanel - DEBUG - Input margins: l=400, r=400, t=524, b=1876
2026-05-07 22:28:46,924 - GT23.BorderPanel - DEBUG - Final margins (Offset-based): left=400, right=400, top=502, bottom=1898
2026-05-07 22:28:46,924 - GT23.BorderPanel - DEBUG - After offset: left=400, right=400, top=502, bottom=1898
2026-05-07 22:28:46,932 - GT23.BorderPanel - DEBUG - on_params_changed: is_offset=True, is_ratio_change=False
2026-05-07 22:28:46,932 - GT23.BorderPanel - DEBUG - v_offset: -10 -> -16, h_offset: 0 -> 0
2026-05-07 22:28:46,932 - GT23.BorderPanel - DEBUG - Processing offset change (is_offset=True)
2026-05-07 22:28:46,932 - GT23.BorderPanel - DEBUG - _handle_ratio_locked_sync: ratio=3:4, is_offset=True
2026-05-07 22:28:46,932 - GT23.BorderPanel - DEBUG - Input margins: l=400, r=400, t=502, b=1898
2026-05-07 22:28:46,932 - GT23.BorderPanel - DEBUG - Final margins (Offset-based): left=400, right=400, top=468, bottom=1932
2026-05-07 22:28:46,932 - GT23.BorderPanel - DEBUG - After offset: left=400, right=400, top=468, bottom=1932
2026-05-07 22:28:46,940 - GT23.BorderPanel - DEBUG - on_params_changed: is_offset=True, is_ratio_change=False
2026-05-07 22:28:46,940 - GT23.BorderPanel - DEBUG - v_offset: -16 -> -20, h_offset: 0 -> 0
2026-05-07 22:28:46,940 - GT23.BorderPanel - DEBUG - Processing offset change (is_offset=True)
2026-05-07 22:28:46,940 - GT23.BorderPanel - DEBUG - _handle_ratio_locked_sync: ratio=3:4, is_offset=True
2026-05-07 22:28:46,940 - GT23.BorderPanel - DEBUG - Input margins: l=400, r=400, t=468, b=1932
2026-05-07 22:28:46,940 - GT23.BorderPanel - DEBUG - Final margins (Offset-based): left=400, right=400, top=446, bottom=1954
2026-05-07 22:28:46,940 - GT23.BorderPanel - DEBUG - After offset: left=400, right=400, top=446, bottom=1954
2026-05-07 22:28:46,948 - GT23.BorderPanel - DEBUG - on_params_changed: is_offset=True, is_ratio_change=False
2026-05-07 22:28:46,948 - GT23.BorderPanel - DEBUG - v_offset: -20 -> -25, h_offset: 0 -> 0
2026-05-07 22:28:46,948 - GT23.BorderPanel - DEBUG - Processing offset change (is_offset=True)
2026-05-07 22:28:46,948 - GT23.BorderPanel - DEBUG - _handle_ratio_locked_sync: ratio=3:4, is_offset=True
2026-05-07 22:28:46,948 - GT23.BorderPanel - DEBUG - Input margins: l=400, r=400, t=446, b=1954
2026-05-07 22:28:46,948 - GT23.BorderPanel - DEBUG - Final margins (Offset-based): left=400, right=400, top=418, bottom=1982
2026-05-07 22:28:46,948 - GT23.BorderPanel - DEBUG - After offset: left=400, right=400, top=418, bottom=1982
2026-05-07 22:28:46,955 - GT23.BorderPanel - DEBUG - on_params_changed: is_offset=True, is_ratio_change=False
2026-05-07 22:28:46,956 - GT23.BorderPanel - DEBUG - v_offset: -25 -> -34, h_offset: 0 -> 0
2026-05-07 22:28:46,956 - GT23.BorderPanel - DEBUG - Processing offset change (is_offset=True)
2026-05-07 22:28:46,956 - GT23.BorderPanel - DEBUG - _handle_ratio_locked_sync: ratio=3:4, is_offset=True
2026-05-07 22:28:46,956 - GT23.BorderPanel - DEBUG - Input margins: l=400, r=400, t=418, b=1982
2026-05-07 22:28:46,956 - GT23.BorderPanel - DEBUG - Final margins (Offset-based): left=400, right=400, top=368, bottom=2032
2026-05-07 22:28:46,956 - GT23.BorderPanel - DEBUG - After offset: left=400, right=400, top=368, bottom=2032
2026-05-07 22:28:46,963 - GT23.BorderPanel - DEBUG - on_params_changed: is_offset=True, is_ratio_change=False
2026-05-07 22:28:46,963 - GT23.BorderPanel - DEBUG - v_offset: -34 -> -42, h_offset: 0 -> 0
2026-05-07 22:28:46,963 - GT23.BorderPanel - DEBUG - Processing offset change (is_offset=True)
2026-05-07 22:28:46,963 - GT23.BorderPanel - DEBUG - _handle_ratio_locked_sync: ratio=3:4, is_offset=True
2026-05-07 22:28:46,963 - GT23.BorderPanel - DEBUG - Input margins: l=400, r=400, t=368, b=2032
2026-05-07 22:28:46,964 - GT23.BorderPanel - DEBUG - Final margins (Offset-based): left=400, right=400, top=323, bottom=2077
2026-05-07 22:28:46,964 - GT23.BorderPanel - DEBUG - After offset: left=400, right=400, top=323, bottom=2077
2026-05-07 22:28:46,971 - GT23.BorderPanel - DEBUG - on_params_changed: is_offset=True, is_ratio_change=False
2026-05-07 22:28:46,971 - GT23.BorderPanel - DEBUG - v_offset: -42 -> -49, h_offset: 0 -> 0
2026-05-07 22:28:46,972 - GT23.BorderPanel - DEBUG - Processing offset change (is_offset=True)
2026-05-07 22:28:46,972 - GT23.BorderPanel - DEBUG - _handle_ratio_locked_sync: ratio=3:4, is_offset=True
2026-05-07 22:28:46,972 - GT23.BorderPanel - DEBUG - Input margins: l=400, r=400, t=323, b=2077
2026-05-07 22:28:46,972 - GT23.BorderPanel - DEBUG - Final margins (Offset-based): left=400, right=400, top=284, bottom=2116
2026-05-07 22:28:46,972 - GT23.BorderPanel - DEBUG - After offset: left=400, right=400, top=284, bottom=2116
2026-05-07 22:28:46,979 - GT23.BorderPanel - DEBUG - on_params_changed: is_offset=True, is_ratio_change=False
2026-05-07 22:28:46,979 - GT23.BorderPanel - DEBUG - v_offset: -49 -> -56, h_offset: 0 -> 0
2026-05-07 22:28:46,980 - GT23.BorderPanel - DEBUG - Processing offset change (is_offset=True)
2026-05-07 22:28:46,980 - GT23.BorderPanel - DEBUG - _handle_ratio_locked_sync: ratio=3:4, is_offset=True
2026-05-07 22:28:46,980 - GT23.BorderPanel - DEBUG - Input margins: l=400, r=400, t=284, b=2116
2026-05-07 22:28:46,980 - GT23.BorderPanel - DEBUG - Final margins (Offset-based): left=400, right=400, top=245, bottom=2155
2026-05-07 22:28:46,980 - GT23.BorderPanel - DEBUG - After offset: left=400, right=400, top=245, bottom=2155
2026-05-07 22:28:46,987 - GT23.BorderPanel - DEBUG - on_params_changed: is_offset=True, is_ratio_change=False
2026-05-07 22:28:46,988 - GT23.BorderPanel - DEBUG - v_offset: -56 -> -62, h_offset: 0 -> 0
2026-05-07 22:28:46,988 - GT23.BorderPanel - DEBUG - Processing offset change (is_offset=True)
2026-05-07 22:28:46,988 - GT23.BorderPanel - DEBUG - _handle_ratio_locked_sync: ratio=3:4, is_offset=True
2026-05-07 22:28:46,988 - GT23.BorderPanel - DEBUG - Input margins: l=400, r=400, t=245, b=2155
2026-05-07 22:28:46,988 - GT23.BorderPanel - DEBUG - Final margins (Offset-based): left=400, right=400, top=212, bottom=2188
2026-05-07 22:28:46,988 - GT23.BorderPanel - DEBUG - After offset: left=400, right=400, top=212, bottom=2188
2026-05-07 22:28:46,995 - GT23.BorderPanel - DEBUG - on_params_changed: is_offset=True, is_ratio_change=False
2026-05-07 22:28:46,995 - GT23.BorderPanel - DEBUG - v_offset: -62 -> -69, h_offset: 0 -> 0
2026-05-07 22:28:46,995 - GT23.BorderPanel - DEBUG - Processing offset change (is_offset=True)
2026-05-07 22:28:46,995 - GT23.BorderPanel - DEBUG - _handle_ratio_locked_sync: ratio=3:4, is_offset=True
2026-05-07 22:28:46,995 - GT23.BorderPanel - DEBUG - Input margins: l=400, r=400, t=212, b=2188
2026-05-07 22:28:46,996 - GT23.BorderPanel - DEBUG - Final margins (Offset-based): left=400, right=400, top=172, bottom=2228
2026-05-07 22:28:46,996 - GT23.BorderPanel - DEBUG - After offset: left=400, right=400, top=172, bottom=2228
2026-05-07 22:28:47,003 - GT23.BorderPanel - DEBUG - on_params_changed: is_offset=True, is_ratio_change=False
2026-05-07 22:28:47,003 - GT23.BorderPanel - DEBUG - v_offset: -69 -> -71, h_offset: 0 -> 0
2026-05-07 22:28:47,003 - GT23.BorderPanel - DEBUG - Processing offset change (is_offset=True)
2026-05-07 22:28:47,003 - GT23.BorderPanel - DEBUG - _handle_ratio_locked_sync: ratio=3:4, is_offset=True
2026-05-07 22:28:47,003 - GT23.BorderPanel - DEBUG - Input margins: l=400, r=400, t=172, b=2228
2026-05-07 22:28:47,004 - GT23.BorderPanel - DEBUG - Final margins (Offset-based): left=400, right=400, top=161, bottom=2239
2026-05-07 22:28:47,004 - GT23.BorderPanel - DEBUG - After offset: left=400, right=400, top=161, bottom=2239
2026-05-07 22:28:47,012 - GT23.BorderPanel - DEBUG - on_params_changed: is_offset=True, is_ratio_change=False
2026-05-07 22:28:47,012 - GT23.BorderPanel - DEBUG - v_offset: -71 -> -72, h_offset: 0 -> 0
2026-05-07 22:28:47,012 - GT23.BorderPanel - DEBUG - Processing offset change (is_offset=True)
2026-05-07 22:28:47,012 - GT23.BorderPanel - DEBUG - _handle_ratio_locked_sync: ratio=3:4, is_offset=True
2026-05-07 22:28:47,012 - GT23.BorderPanel - DEBUG - Input margins: l=400, r=400, t=161, b=2239
2026-05-07 22:28:47,012 - GT23.BorderPanel - DEBUG - Final margins (Offset-based): left=400, right=400, top=156, bottom=2244
2026-05-07 22:28:47,012 - GT23.BorderPanel - DEBUG - After offset: left=400, right=400, top=156, bottom=2244
2026-05-07 22:28:47,019 - GT23.BorderPanel - DEBUG - on_params_changed: is_offset=True, is_ratio_change=False
2026-05-07 22:28:47,019 - GT23.BorderPanel - DEBUG - v_offset: -72 -> -73, h_offset: 0 -> 0
2026-05-07 22:28:47,020 - GT23.BorderPanel - DEBUG - Processing offset change (is_offset=True)
2026-05-07 22:28:47,020 - GT23.BorderPanel - DEBUG - _handle_ratio_locked_sync: ratio=3:4, is_offset=True
2026-05-07 22:28:47,020 - GT23.BorderPanel - DEBUG - Input margins: l=400, r=400, t=156, b=2244
2026-05-07 22:28:47,020 - GT23.BorderPanel - DEBUG - Final margins (Offset-based): left=400, right=400, top=150, bottom=2250
2026-05-07 22:28:47,020 - GT23.BorderPanel - DEBUG - After offset: left=400, right=400, top=150, bottom=2250
2026-05-07 22:28:47,035 - GT23.BorderPanel - DEBUG - on_params_changed: is_offset=True, is_ratio_change=False
2026-05-07 22:28:47,035 - GT23.BorderPanel - DEBUG - v_offset: -73 -> -74, h_offset: 0 -> 0
2026-05-07 22:28:47,036 - GT23.BorderPanel - DEBUG - Processing offset change (is_offset=True)
2026-05-07 22:28:47,036 - GT23.BorderPanel - DEBUG - _handle_ratio_locked_sync: ratio=3:4, is_offset=True
2026-05-07 22:28:47,036 - GT23.BorderPanel - DEBUG - Input margins: l=400, r=400, t=150, b=2250
2026-05-07 22:28:47,036 - GT23.BorderPanel - DEBUG - Final margins (Offset-based): left=400, right=400, top=145, bottom=2255
2026-05-07 22:28:47,036 - GT23.BorderPanel - DEBUG - After offset: left=400, right=400, top=145, bottom=2255
2026-05-07 22:28:49,535 - GT23.BorderPanel - DEBUG - === _on_ratio_changed_aesthetic called ===
2026-05-07 22:28:49,535 - GT23.BorderPanel - DEBUG - Before: left=400, right=400, top=145, bottom=2255
2026-05-07 22:28:49,535 - GT23.BorderPanel - DEBUG - v_offset=-74, h_offset=0
2026-05-07 22:28:49,535 - GT23.BorderPanel - DEBUG - Resetting offsets to 0 due to ratio change.
2026-05-07 22:28:49,535 - GT23.BorderPanel - DEBUG - After preset: left=350, right=350, top=350, bottom=1100
2026-05-07 22:28:49,535 - GT23.BorderPanel - DEBUG - _ratio_just_changed = True
2026-05-07 22:28:49,535 - GT23.BorderPanel - DEBUG - on_params_changed: is_offset=False, is_ratio_change=True
2026-05-07 22:28:49,535 - GT23.BorderPanel - DEBUG - v_offset: 0 -> 0, h_offset: 0 -> 0
2026-05-07 22:28:49,535 - GT23.BorderPanel - DEBUG - Processing ratio change (is_offset=False)
2026-05-07 22:28:49,535 - GT23.BorderPanel - DEBUG - _handle_ratio_locked_sync: ratio=5:7, is_offset=False
2026-05-07 22:28:49,535 - GT23.BorderPanel - DEBUG - Input margins: l=350, r=350, t=350, b=1100
2026-05-07 22:28:49,535 - GT23.BorderPanel - DEBUG - Final margins (Offset-based): left=350, right=350, top=612, bottom=1968
2026-05-07 22:28:49,536 - GT23.BorderPanel - DEBUG - After ratio: left=350, right=350, top=612, bottom=1968
2026-05-07 22:28:49,537 - GT23.BorderPanel - DEBUG - on_params_changed: is_offset=False, is_ratio_change=False
2026-05-07 22:28:49,537 - GT23.BorderPanel - DEBUG - v_offset: 0 -> 0, h_offset: 0 -> 0
2026-05-07 22:28:52,970 - GT23.BorderPanel - DEBUG - === _on_ratio_changed_aesthetic called ===
2026-05-07 22:28:52,970 - GT23.BorderPanel - DEBUG - Before: left=350, right=350, top=612, bottom=1968
2026-05-07 22:28:52,970 - GT23.BorderPanel - DEBUG - v_offset=0, h_offset=0
2026-05-07 22:28:52,970 - GT23.BorderPanel - DEBUG - Resetting offsets to 0 due to ratio change.
2026-05-07 22:28:52,970 - GT23.BorderPanel - DEBUG - After preset: left=350, right=350, top=350, bottom=850
2026-05-07 22:28:52,970 - GT23.BorderPanel - DEBUG - _ratio_just_changed = True
2026-05-07 22:28:52,970 - GT23.BorderPanel - DEBUG - on_params_changed: is_offset=False, is_ratio_change=True
2026-05-07 22:28:52,970 - GT23.BorderPanel - DEBUG - v_offset: 0 -> 0, h_offset: 0 -> 0
2026-05-07 22:28:52,970 - GT23.BorderPanel - DEBUG - Processing ratio change (is_offset=False)
2026-05-07 22:28:52,970 - GT23.BorderPanel - DEBUG - _handle_ratio_locked_sync: ratio=3:2, is_offset=False
2026-05-07 22:28:52,970 - GT23.BorderPanel - DEBUG - Input margins: l=350, r=350, t=350, b=850
2026-05-07 22:28:52,971 - GT23.BorderPanel - DEBUG - Final margins (Offset-based): left=1900, right=1900, top=198, bottom=1002
2026-05-07 22:28:52,971 - GT23.BorderPanel - DEBUG - After ratio: left=1900, right=1900, top=198, bottom=1002
2026-05-07 22:28:52,972 - GT23.BorderPanel - DEBUG - on_params_changed: is_offset=False, is_ratio_change=False
2026-05-07 22:28:52,972 - GT23.BorderPanel - DEBUG - v_offset: 0 -> 0, h_offset: 0 -> 0
2026-05-07 22:28:56,836 - GT23.BorderPanel - DEBUG - === _on_ratio_changed_aesthetic called ===
2026-05-07 22:28:56,836 - GT23.BorderPanel - DEBUG - Before: left=1900, right=1900, top=198, bottom=1002
2026-05-07 22:28:56,836 - GT23.BorderPanel - DEBUG - v_offset=0, h_offset=0
2026-05-07 22:28:56,837 - GT23.BorderPanel - DEBUG - Resetting offsets to 0 due to ratio change.
2026-05-07 22:28:56,837 - GT23.BorderPanel - DEBUG - After preset: left=300, right=300, top=600, bottom=2000
2026-05-07 22:28:56,837 - GT23.BorderPanel - DEBUG - _ratio_just_changed = True
2026-05-07 22:28:56,837 - GT23.BorderPanel - DEBUG - on_params_changed: is_offset=False, is_ratio_change=True
2026-05-07 22:28:56,837 - GT23.BorderPanel - DEBUG - v_offset: 0 -> 0, h_offset: 0 -> 0
2026-05-07 22:28:56,837 - GT23.BorderPanel - DEBUG - Processing ratio change (is_offset=False)
2026-05-07 22:28:56,837 - GT23.BorderPanel - DEBUG - _handle_ratio_locked_sync: ratio=9:16, is_offset=False
2026-05-07 22:28:56,837 - GT23.BorderPanel - DEBUG - Input margins: l=300, r=300, t=600, b=2000
2026-05-07 22:28:56,837 - GT23.BorderPanel - DEBUG - Final margins (Offset-based): left=300, right=300, top=1091, bottom=3086
2026-05-07 22:28:56,838 - GT23.BorderPanel - DEBUG - After ratio: left=300, right=300, top=1091, bottom=3086
2026-05-07 22:28:56,839 - GT23.BorderPanel - DEBUG - on_params_changed: is_offset=False, is_ratio_change=False
2026-05-07 22:28:56,839 - GT23.BorderPanel - DEBUG - v_offset: 0 -> 0, h_offset: 0 -> 0
2026-05-07 22:28:57,789 - GT23.BorderPanel - DEBUG - on_params_changed: is_offset=False, is_ratio_change=False
2026-05-07 22:28:57,790 - GT23.BorderPanel - DEBUG - v_offset: 0 -> 0, h_offset: 0 -> 0
2026-05-07 22:28:57,797 - GT23.BorderPanel - DEBUG - on_params_changed: is_offset=True, is_ratio_change=False
2026-05-07 22:28:57,797 - GT23.BorderPanel - DEBUG - v_offset: 0 -> -4, h_offset: 0 -> 0
2026-05-07 22:28:57,798 - GT23.BorderPanel - DEBUG - Processing offset change (is_offset=True)
2026-05-07 22:28:57,798 - GT23.BorderPanel - DEBUG - _handle_ratio_locked_sync: ratio=9:16, is_offset=True
2026-05-07 22:28:57,798 - GT23.BorderPanel - DEBUG - Input margins: l=300, r=300, t=1091, b=3086
2026-05-07 22:28:57,798 - GT23.BorderPanel - DEBUG - Final margins (Offset-based): left=300, right=300, top=1047, bottom=3130
2026-05-07 22:28:57,798 - GT23.BorderPanel - DEBUG - After offset: left=300, right=300, top=1047, bottom=3130
2026-05-07 22:28:57,805 - GT23.BorderPanel - DEBUG - on_params_changed: is_offset=True, is_ratio_change=False
2026-05-07 22:28:57,805 - GT23.BorderPanel - DEBUG - v_offset: -4 -> -10, h_offset: 0 -> 0
2026-05-07 22:28:57,805 - GT23.BorderPanel - DEBUG - Processing offset change (is_offset=True)
2026-05-07 22:28:57,805 - GT23.BorderPanel - DEBUG - _handle_ratio_locked_sync: ratio=9:16, is_offset=True
2026-05-07 22:28:57,805 - GT23.BorderPanel - DEBUG - Input margins: l=300, r=300, t=1047, b=3130
2026-05-07 22:28:57,806 - GT23.BorderPanel - DEBUG - Final margins (Offset-based): left=300, right=300, top=981, bottom=3196
2026-05-07 22:28:57,806 - GT23.BorderPanel - DEBUG - After offset: left=300, right=300, top=981, bottom=3196
2026-05-07 22:28:57,813 - GT23.BorderPanel - DEBUG - on_params_changed: is_offset=True, is_ratio_change=False
2026-05-07 22:28:57,813 - GT23.BorderPanel - DEBUG - v_offset: -10 -> -19, h_offset: 0 -> 0
2026-05-07 22:28:57,813 - GT23.BorderPanel - DEBUG - Processing offset change (is_offset=True)
2026-05-07 22:28:57,813 - GT23.BorderPanel - DEBUG - _handle_ratio_locked_sync: ratio=9:16, is_offset=True
2026-05-07 22:28:57,813 - GT23.BorderPanel - DEBUG - Input margins: l=300, r=300, t=981, b=3196
2026-05-07 22:28:57,813 - GT23.BorderPanel - DEBUG - Final margins (Offset-based): left=300, right=300, top=883, bottom=3294
2026-05-07 22:28:57,813 - GT23.BorderPanel - DEBUG - After offset: left=300, right=300, top=883, bottom=3294
2026-05-07 22:28:57,820 - GT23.BorderPanel - DEBUG - on_params_changed: is_offset=True, is_ratio_change=False
2026-05-07 22:28:57,821 - GT23.BorderPanel - DEBUG - v_offset: -19 -> -28, h_offset: 0 -> 0
2026-05-07 22:28:57,821 - GT23.BorderPanel - DEBUG - Processing offset change (is_offset=True)
2026-05-07 22:28:57,821 - GT23.BorderPanel - DEBUG - _handle_ratio_locked_sync: ratio=9:16, is_offset=True
2026-05-07 22:28:57,821 - GT23.BorderPanel - DEBUG - Input margins: l=300, r=300, t=883, b=3294
2026-05-07 22:28:57,821 - GT23.BorderPanel - DEBUG - Final margins (Offset-based): left=300, right=300, top=785, bottom=3392
2026-05-07 22:28:57,821 - GT23.BorderPanel - DEBUG - After offset: left=300, right=300, top=785, bottom=3392
2026-05-07 22:28:57,828 - GT23.BorderPanel - DEBUG - on_params_changed: is_offset=True, is_ratio_change=False
2026-05-07 22:28:57,828 - GT23.BorderPanel - DEBUG - v_offset: -28 -> -40, h_offset: 0 -> 0
2026-05-07 22:28:57,828 - GT23.BorderPanel - DEBUG - Processing offset change (is_offset=True)
2026-05-07 22:28:57,829 - GT23.BorderPanel - DEBUG - _handle_ratio_locked_sync: ratio=9:16, is_offset=True
2026-05-07 22:28:57,829 - GT23.BorderPanel - DEBUG - Input margins: l=300, r=300, t=785, b=3392
2026-05-07 22:28:57,829 - GT23.BorderPanel - DEBUG - Final margins (Offset-based): left=300, right=300, top=654, bottom=3523
2026-05-07 22:28:57,829 - GT23.BorderPanel - DEBUG - After offset: left=300, right=300, top=654, bottom=3523
2026-05-07 22:28:57,836 - GT23.BorderPanel - DEBUG - on_params_changed: is_offset=True, is_ratio_change=False
2026-05-07 22:28:57,836 - GT23.BorderPanel - DEBUG - v_offset: -40 -> -54, h_offset: 0 -> 0
2026-05-07 22:28:57,836 - GT23.BorderPanel - DEBUG - Processing offset change (is_offset=True)
2026-05-07 22:28:57,836 - GT23.BorderPanel - DEBUG - _handle_ratio_locked_sync: ratio=9:16, is_offset=True
2026-05-07 22:28:57,836 - GT23.BorderPanel - DEBUG - Input margins: l=300, r=300, t=654, b=3523
2026-05-07 22:28:57,837 - GT23.BorderPanel - DEBUG - Final margins (Offset-based): left=300, right=300, top=501, bottom=3676
2026-05-07 22:28:57,837 - GT23.BorderPanel - DEBUG - After offset: left=300, right=300, top=501, bottom=3676
2026-05-07 22:28:57,844 - GT23.BorderPanel - DEBUG - on_params_changed: is_offset=True, is_ratio_change=False
2026-05-07 22:28:57,844 - GT23.BorderPanel - DEBUG - v_offset: -54 -> -66, h_offset: 0 -> 0
2026-05-07 22:28:57,845 - GT23.BorderPanel - DEBUG - Processing offset change (is_offset=True)
2026-05-07 22:28:57,845 - GT23.BorderPanel - DEBUG - _handle_ratio_locked_sync: ratio=9:16, is_offset=True
2026-05-07 22:28:57,845 - GT23.BorderPanel - DEBUG - Input margins: l=300, r=300, t=501, b=3676
2026-05-07 22:28:57,845 - GT23.BorderPanel - DEBUG - Final margins (Offset-based): left=300, right=300, top=370, bottom=3807
2026-05-07 22:28:57,845 - GT23.BorderPanel - DEBUG - After offset: left=300, right=300, top=370, bottom=3807
2026-05-07 22:28:57,852 - GT23.BorderPanel - DEBUG - on_params_changed: is_offset=True, is_ratio_change=False
2026-05-07 22:28:57,852 - GT23.BorderPanel - DEBUG - v_offset: -66 -> -79, h_offset: 0 -> 0
2026-05-07 22:28:57,853 - GT23.BorderPanel - DEBUG - Processing offset change (is_offset=True)
2026-05-07 22:28:57,853 - GT23.BorderPanel - DEBUG - _handle_ratio_locked_sync: ratio=9:16, is_offset=True
2026-05-07 22:28:57,853 - GT23.BorderPanel - DEBUG - Input margins: l=300, r=300, t=370, b=3807
2026-05-07 22:28:57,853 - GT23.BorderPanel - DEBUG - Final margins (Offset-based): left=300, right=300, top=229, bottom=3948
2026-05-07 22:28:57,853 - GT23.BorderPanel - DEBUG - After offset: left=300, right=300, top=229, bottom=3948
2026-05-07 22:28:57,861 - GT23.BorderPanel - DEBUG - on_params_changed: is_offset=True, is_ratio_change=False
2026-05-07 22:28:57,861 - GT23.BorderPanel - DEBUG - v_offset: -79 -> -92, h_offset: 0 -> 0
2026-05-07 22:28:57,861 - GT23.BorderPanel - DEBUG - Processing offset change (is_offset=True)
2026-05-07 22:28:57,861 - GT23.BorderPanel - DEBUG - _handle_ratio_locked_sync: ratio=9:16, is_offset=True
2026-05-07 22:28:57,861 - GT23.BorderPanel - DEBUG - Input margins: l=300, r=300, t=229, b=3948
2026-05-07 22:28:57,861 - GT23.BorderPanel - DEBUG - Final margins (Offset-based): left=300, right=300, top=87, bottom=4090
2026-05-07 22:28:57,861 - GT23.BorderPanel - DEBUG - After offset: left=300, right=300, top=87, bottom=4090
2026-05-07 22:28:57,869 - GT23.BorderPanel - DEBUG - on_params_changed: is_offset=True, is_ratio_change=False
2026-05-07 22:28:57,869 - GT23.BorderPanel - DEBUG - v_offset: -92 -> -100, h_offset: 0 -> 0
2026-05-07 22:28:57,869 - GT23.BorderPanel - DEBUG - Processing offset change (is_offset=True)
2026-05-07 22:28:57,869 - GT23.BorderPanel - DEBUG - _handle_ratio_locked_sync: ratio=9:16, is_offset=True
2026-05-07 22:28:57,869 - GT23.BorderPanel - DEBUG - Input margins: l=300, r=300, t=87, b=4090
2026-05-07 22:28:57,869 - GT23.BorderPanel - DEBUG - Final margins (Offset-based): left=300, right=300, top=0, bottom=4177
2026-05-07 22:28:57,869 - GT23.BorderPanel - DEBUG - After offset: left=300, right=300, top=0, bottom=4177
2026-05-07 22:28:57,877 - GT23.BorderPanel - DEBUG - on_params_changed: is_offset=False, is_ratio_change=False
2026-05-07 22:28:57,877 - GT23.BorderPanel - DEBUG - v_offset: -100 -> -100, h_offset: 0 -> 0
2026-05-07 22:28:57,884 - GT23.BorderPanel - DEBUG - on_params_changed: is_offset=False, is_ratio_change=False
2026-05-07 22:28:57,885 - GT23.BorderPanel - DEBUG - v_offset: -100 -> -100, h_offset: 0 -> 0
2026-05-07 22:28:57,892 - GT23.BorderPanel - DEBUG - on_params_changed: is_offset=False, is_ratio_change=False
2026-05-07 22:28:57,893 - GT23.BorderPanel - DEBUG - v_offset: -100 -> -100, h_offset: 0 -> 0
2026-05-07 22:28:57,901 - GT23.BorderPanel - DEBUG - on_params_changed: is_offset=False, is_ratio_change=False
2026-05-07 22:28:57,901 - GT23.BorderPanel - DEBUG - v_offset: -100 -> -100, h_offset: 0 -> 0
2026-05-07 22:28:57,909 - GT23.BorderPanel - DEBUG - on_params_changed: is_offset=False, is_ratio_change=False
2026-05-07 22:28:57,909 - GT23.BorderPanel - DEBUG - v_offset: -100 -> -100, h_offset: 0 -> 0
2026-05-07 22:28:57,917 - GT23.BorderPanel - DEBUG - on_params_changed: is_offset=False, is_ratio_change=False
2026-05-07 22:28:57,917 - GT23.BorderPanel - DEBUG - v_offset: -100 -> -100, h_offset: 0 -> 0
2026-05-07 22:28:57,924 - GT23.BorderPanel - DEBUG - on_params_changed: is_offset=False, is_ratio_change=False
2026-05-07 22:28:57,925 - GT23.BorderPanel - DEBUG - v_offset: -100 -> -100, h_offset: 0 -> 0
2026-05-07 22:28:57,933 - GT23.BorderPanel - DEBUG - on_params_changed: is_offset=False, is_ratio_change=False
2026-05-07 22:28:57,933 - GT23.BorderPanel - DEBUG - v_offset: -100 -> -100, h_offset: 0 -> 0
2026-05-07 22:28:57,944 - GT23.BorderPanel - DEBUG - on_params_changed: is_offset=False, is_ratio_change=False
2026-05-07 22:28:57,944 - GT23.BorderPanel - DEBUG - v_offset: -100 -> -100, h_offset: 0 -> 0
2026-05-07 22:28:57,949 - GT23.BorderPanel - DEBUG - on_params_changed: is_offset=False, is_ratio_change=False
2026-05-07 22:28:57,949 - GT23.BorderPanel - DEBUG - v_offset: -100 -> -100, h_offset: 0 -> 0
2026-05-07 22:28:57,957 - GT23.BorderPanel - DEBUG - on_params_changed: is_offset=False, is_ratio_change=False
2026-05-07 22:28:57,957 - GT23.BorderPanel - DEBUG - v_offset: -100 -> -100, h_offset: 0 -> 0
2026-05-07 22:28:57,965 - GT23.BorderPanel - DEBUG - on_params_changed: is_offset=False, is_ratio_change=False
2026-05-07 22:28:57,965 - GT23.BorderPanel - DEBUG - v_offset: -100 -> -100, h_offset: 0 -> 0
2026-05-07 22:28:57,973 - GT23.BorderPanel - DEBUG - on_params_changed: is_offset=False, is_ratio_change=False
2026-05-07 22:28:57,973 - GT23.BorderPanel - DEBUG - v_offset: -100 -> -100, h_offset: 0 -> 0
2026-05-07 22:28:57,981 - GT23.BorderPanel - DEBUG - on_params_changed: is_offset=False, is_ratio_change=False
2026-05-07 22:28:57,981 - GT23.BorderPanel - DEBUG - v_offset: -100 -> -100, h_offset: 0 -> 0
2026-05-07 22:28:57,989 - GT23.BorderPanel - DEBUG - on_params_changed: is_offset=False, is_ratio_change=False
2026-05-07 22:28:57,989 - GT23.BorderPanel - DEBUG - v_offset: -100 -> -100, h_offset: 0 -> 0
2026-05-07 22:28:57,997 - GT23.BorderPanel - DEBUG - on_params_changed: is_offset=False, is_ratio_change=False
2026-05-07 22:28:57,997 - GT23.BorderPanel - DEBUG - v_offset: -100 -> -100, h_offset: 0 -> 0
2026-05-07 22:28:58,005 - GT23.BorderPanel - DEBUG - on_params_changed: is_offset=False, is_ratio_change=False
2026-05-07 22:28:58,005 - GT23.BorderPanel - DEBUG - v_offset: -100 -> -100, h_offset: 0 -> 0
2026-05-07 22:28:58,013 - GT23.BorderPanel - DEBUG - on_params_changed: is_offset=False, is_ratio_change=False
2026-05-07 22:28:58,013 - GT23.BorderPanel - DEBUG - v_offset: -100 -> -100, h_offset: 0 -> 0
2026-05-07 22:28:58,021 - GT23.BorderPanel - DEBUG - on_params_changed: is_offset=False, is_ratio_change=False
2026-05-07 22:28:58,021 - GT23.BorderPanel - DEBUG - v_offset: -100 -> -100, h_offset: 0 -> 0
2026-05-07 22:28:58,037 - GT23.BorderPanel - DEBUG - on_params_changed: is_offset=False, is_ratio_change=False
2026-05-07 22:28:58,037 - GT23.BorderPanel - DEBUG - v_offset: -100 -> -100, h_offset: 0 -> 0
2026-05-07 22:28:58,070 - GT23.BorderPanel - DEBUG - on_params_changed: is_offset=False, is_ratio_change=False
2026-05-07 22:28:58,070 - GT23.BorderPanel - DEBUG - v_offset: -100 -> -100, h_offset: 0 -> 0
2026-05-07 22:29:01,904 - GT23.BorderPanel - DEBUG - === _on_ratio_changed_aesthetic called ===
2026-05-07 22:29:01,904 - GT23.BorderPanel - DEBUG - Before: left=300, right=300, top=0, bottom=4177
2026-05-07 22:29:01,905 - GT23.BorderPanel - DEBUG - v_offset=-100, h_offset=0
2026-05-07 22:29:01,905 - GT23.BorderPanel - DEBUG - Resetting offsets to 0 due to ratio change.
2026-05-07 22:29:01,905 - GT23.BorderPanel - DEBUG - After preset: left=500, right=500, top=500, bottom=1200
2026-05-07 22:29:01,905 - GT23.BorderPanel - DEBUG - _ratio_just_changed = True
2026-05-07 22:29:01,905 - GT23.BorderPanel - DEBUG - on_params_changed: is_offset=False, is_ratio_change=True
2026-05-07 22:29:01,905 - GT23.BorderPanel - DEBUG - v_offset: 0 -> 0, h_offset: 0 -> 0
2026-05-07 22:29:01,905 - GT23.BorderPanel - DEBUG - Processing ratio change (is_offset=False)
2026-05-07 22:29:01,905 - GT23.BorderPanel - DEBUG - _handle_ratio_locked_sync: ratio=1:1, is_offset=False
2026-05-07 22:29:01,905 - GT23.BorderPanel - DEBUG - Input margins: l=500, r=500, t=500, b=1200
2026-05-07 22:29:01,905 - GT23.BorderPanel - DEBUG - Final margins (Offset-based): left=850, right=850, top=348, bottom=1352
2026-05-07 22:29:01,906 - GT23.BorderPanel - DEBUG - After ratio: left=850, right=850, top=348, bottom=1352
2026-05-07 22:29:01,907 - GT23.BorderPanel - DEBUG - on_params_changed: is_offset=False, is_ratio_change=False
2026-05-07 22:29:01,907 - GT23.BorderPanel - DEBUG - v_offset: 0 -> 0, h_offset: 0 -> 0
2026-05-07 22:29:56,655 - GT23.BorderPanel - DEBUG - === _on_ratio_changed_aesthetic called ===
2026-05-07 22:29:56,655 - GT23.BorderPanel - DEBUG - Before: left=180, right=180, top=180, bottom=585
2026-05-07 22:29:56,656 - GT23.BorderPanel - DEBUG - v_offset=0, h_offset=0
2026-05-07 22:29:56,656 - GT23.BorderPanel - DEBUG - Resetting offsets to 0 due to ratio change.
2026-05-07 22:29:56,656 - GT23.BorderPanel - DEBUG - After preset: left=180, right=180, top=180, bottom=585
2026-05-07 22:29:56,656 - GT23.BorderPanel - DEBUG - _ratio_just_changed = True
2026-05-07 22:29:56,793 - GT23.BorderPanel - DEBUG - on_params_changed: is_offset=False, is_ratio_change=True
2026-05-07 22:29:56,793 - GT23.BorderPanel - DEBUG - v_offset: 0 -> 0, h_offset: 0 -> 0
2026-05-07 22:29:56,793 - GT23.BorderPanel - DEBUG - Processing ratio change (is_offset=False)
2026-05-07 22:29:56,793 - GT23.BorderPanel - DEBUG - _handle_ratio_locked_sync: ratio=原图, is_offset=False
2026-05-07 22:29:56,793 - GT23.BorderPanel - DEBUG - Input margins: l=180, r=180, t=180, b=585
2026-05-07 22:29:56,793 - GT23.BorderPanel - DEBUG - Final margins: left=180, right=180, top=180, bottom=585
2026-05-07 22:29:56,793 - GT23.BorderPanel - DEBUG - After ratio: left=180, right=180, top=180, bottom=585
2026-05-07 22:29:56,988 - GT23.BorderPanel - DEBUG - on_params_changed: is_offset=False, is_ratio_change=False
2026-05-07 22:29:56,988 - GT23.BorderPanel - DEBUG - v_offset: 0 -> 0, h_offset: 0 -> 0
2026-05-07 22:29:57,011 - GT23.BorderPanel - DEBUG - on_params_changed: is_offset=False, is_ratio_change=False
2026-05-07 22:29:57,011 - GT23.BorderPanel - DEBUG - v_offset: 0 -> 0, h_offset: 0 -> 0
2026-05-07 22:29:57,012 - GT23.BorderPanel - DEBUG - === _on_ratio_changed_aesthetic called ===
2026-05-07 22:29:57,012 - GT23.BorderPanel - DEBUG - Before: left=180, right=180, top=180, bottom=585
2026-05-07 22:29:57,012 - GT23.BorderPanel - DEBUG - v_offset=0, h_offset=0
2026-05-07 22:29:57,012 - GT23.BorderPanel - DEBUG - Resetting offsets to 0 due to ratio change.
2026-05-07 22:29:57,012 - GT23.BorderPanel - DEBUG - After preset: left=180, right=180, top=180, bottom=585
2026-05-07 22:29:57,012 - GT23.BorderPanel - DEBUG - _ratio_just_changed = True
2026-05-07 22:29:57,012 - GT23.BorderPanel - DEBUG - on_params_changed: is_offset=False, is_ratio_change=True
2026-05-07 22:29:57,012 - GT23.BorderPanel - DEBUG - v_offset: 0 -> 0, h_offset: 0 -> 0
2026-05-07 22:29:57,012 - GT23.BorderPanel - DEBUG - Processing ratio change (is_offset=False)
2026-05-07 22:29:57,012 - GT23.BorderPanel - DEBUG - _handle_ratio_locked_sync: ratio=原图, is_offset=False
2026-05-07 22:29:57,012 - GT23.BorderPanel - DEBUG - Input margins: l=180, r=180, t=180, b=585
2026-05-07 22:29:57,012 - GT23.BorderPanel - DEBUG - Final margins: left=180, right=180, top=180, bottom=585
2026-05-07 22:29:57,012 - GT23.BorderPanel - DEBUG - After ratio: left=180, right=180, top=180, bottom=585
2026-05-07 22:30:30,001 - GT23.BorderPanel - DEBUG - === _on_ratio_changed_aesthetic called ===
2026-05-07 22:30:30,002 - GT23.BorderPanel - DEBUG - Before: left=180, right=180, top=180, bottom=585
2026-05-07 22:30:30,002 - GT23.BorderPanel - DEBUG - v_offset=0, h_offset=0
2026-05-07 22:30:30,003 - GT23.BorderPanel - DEBUG - Resetting offsets to 0 due to ratio change.
2026-05-07 22:30:30,004 - GT23.BorderPanel - DEBUG - After preset: left=500, right=500, top=500, bottom=1200
2026-05-07 22:30:30,004 - GT23.BorderPanel - DEBUG - _ratio_just_changed = True
2026-05-07 22:30:30,004 - GT23.BorderPanel - DEBUG - on_params_changed: is_offset=False, is_ratio_change=True
2026-05-07 22:30:30,004 - GT23.BorderPanel - DEBUG - v_offset: 0 -> 0, h_offset: 0 -> 0
2026-05-07 22:30:30,004 - GT23.BorderPanel - DEBUG - Processing ratio change (is_offset=False)
2026-05-07 22:30:30,004 - GT23.BorderPanel - DEBUG - _handle_ratio_locked_sync: ratio=1:1, is_offset=False
2026-05-07 22:30:30,004 - GT23.BorderPanel - DEBUG - Input margins: l=500, r=500, t=500, b=1200
2026-05-07 22:30:30,004 - GT23.BorderPanel - DEBUG - Final margins (Offset-based): left=500, right=500, top=537, bottom=1796
2026-05-07 22:30:30,004 - GT23.BorderPanel - DEBUG - After ratio: left=500, right=500, top=537, bottom=1796
2026-05-07 22:30:30,005 - GT23.BorderPanel - DEBUG - on_params_changed: is_offset=False, is_ratio_change=False
2026-05-07 22:30:30,006 - GT23.BorderPanel - DEBUG - v_offset: 0 -> 0, h_offset: 0 -> 0
2026-05-07 22:30:31,514 - GT23.BorderPanel - DEBUG - === _on_ratio_changed_aesthetic called ===
2026-05-07 22:30:31,514 - GT23.BorderPanel - DEBUG - Before: left=500, right=500, top=537, bottom=1796
2026-05-07 22:30:31,514 - GT23.BorderPanel - DEBUG - v_offset=0, h_offset=0
2026-05-07 22:30:31,514 - GT23.BorderPanel - DEBUG - Resetting offsets to 0 due to ratio change.
2026-05-07 22:30:31,514 - GT23.BorderPanel - DEBUG - After preset: left=400, right=400, top=400, bottom=1300
2026-05-07 22:30:31,514 - GT23.BorderPanel - DEBUG - _ratio_just_changed = True
2026-05-07 22:30:31,514 - GT23.BorderPanel - DEBUG - on_params_changed: is_offset=False, is_ratio_change=True
2026-05-07 22:30:31,514 - GT23.BorderPanel - DEBUG - v_offset: 0 -> 0, h_offset: 0 -> 0
2026-05-07 22:30:31,514 - GT23.BorderPanel - DEBUG - Processing ratio change (is_offset=False)
2026-05-07 22:30:31,514 - GT23.BorderPanel - DEBUG - _handle_ratio_locked_sync: ratio=3:4, is_offset=False
2026-05-07 22:30:31,514 - GT23.BorderPanel - DEBUG - Input margins: l=400, r=400, t=400, b=1300
2026-05-07 22:30:31,515 - GT23.BorderPanel - DEBUG - Final margins (Offset-based): left=400, right=400, top=957, bottom=2776
2026-05-07 22:30:31,515 - GT23.BorderPanel - DEBUG - After ratio: left=400, right=400, top=957, bottom=2776
2026-05-07 22:30:31,516 - GT23.BorderPanel - DEBUG - on_params_changed: is_offset=False, is_ratio_change=False
2026-05-07 22:30:31,516 - GT23.BorderPanel - DEBUG - v_offset: 0 -> 0, h_offset: 0 -> 0
2026-05-07 22:30:35,796 - GT23.BorderPanel - DEBUG - on_params_changed: is_offset=False, is_ratio_change=False
2026-05-07 22:30:35,797 - GT23.BorderPanel - DEBUG - v_offset: 0 -> 0, h_offset: 0 -> 0
2026-05-07 22:30:37,703 - GT23.BorderPanel - DEBUG - on_params_changed: is_offset=False, is_ratio_change=False
2026-05-07 22:30:37,703 - GT23.BorderPanel - DEBUG - v_offset: 0 -> 0, h_offset: 0 -> 0
2026-05-07 22:30:39,825 - GT23.BorderPanel - DEBUG - on_params_changed: is_offset=False, is_ratio_change=False
2026-05-07 22:30:39,825 - GT23.BorderPanel - DEBUG - v_offset: 0 -> 0, h_offset: 0 -> 0
2026-05-07 22:30:41,111 - GT23.BorderPanel - DEBUG - on_params_changed: is_offset=False, is_ratio_change=False
2026-05-07 22:30:41,112 - GT23.BorderPanel - DEBUG - v_offset: 0 -> 0, h_offset: 0 -> 0
2026-05-07 22:30:42,113 - GT23.BorderPanel - DEBUG - on_params_changed: is_offset=False, is_ratio_change=False
2026-05-07 22:30:42,113 - GT23.BorderPanel - DEBUG - v_offset: 0 -> 0, h_offset: 0 -> 0
2026-05-07 22:30:43,232 - GT23.BorderPanel - DEBUG - on_params_changed: is_offset=False, is_ratio_change=False
2026-05-07 22:30:43,233 - GT23.BorderPanel - DEBUG - v_offset: 0 -> 0, h_offset: 0 -> 0
2026-05-07 22:30:44,394 - GT23.BorderPanel - DEBUG - on_params_changed: is_offset=False, is_ratio_change=False
2026-05-07 22:30:44,394 - GT23.BorderPanel - DEBUG - v_offset: 0 -> 0, h_offset: 0 -> 0
2026-05-07 22:30:45,353 - GT23.BorderPanel - DEBUG - on_params_changed: is_offset=False, is_ratio_change=False
2026-05-07 22:30:45,354 - GT23.BorderPanel - DEBUG - v_offset: 0 -> 0, h_offset: 0 -> 0
2026-05-07 22:34:50,369 - GT23.BorderPanel - DEBUG - === _on_ratio_changed_aesthetic called ===
2026-05-07 22:34:50,369 - GT23.BorderPanel - DEBUG - Before: left=180, right=180, top=180, bottom=585
2026-05-07 22:34:50,369 - GT23.BorderPanel - DEBUG - v_offset=0, h_offset=0
2026-05-07 22:34:50,369 - GT23.BorderPanel - DEBUG - Resetting offsets to 0 due to ratio change.
2026-05-07 22:34:50,369 - GT23.BorderPanel - DEBUG - After preset: left=180, right=180, top=180, bottom=585
2026-05-07 22:34:50,369 - GT23.BorderPanel - DEBUG - _ratio_just_changed = True
2026-05-07 22:34:50,521 - GT23.BorderPanel - DEBUG - on_params_changed: is_offset=False, is_ratio_change=True
2026-05-07 22:34:50,521 - GT23.BorderPanel - DEBUG - v_offset: 0 -> 0, h_offset: 0 -> 0
2026-05-07 22:34:50,521 - GT23.BorderPanel - DEBUG - Processing ratio change (is_offset=False)
2026-05-07 22:34:50,521 - GT23.BorderPanel - DEBUG - _handle_ratio_locked_sync: ratio=原图, is_offset=False
2026-05-07 22:34:50,521 - GT23.BorderPanel - DEBUG - Input margins: l=180, r=180, t=180, b=585
2026-05-07 22:34:50,521 - GT23.BorderPanel - DEBUG - Final margins: left=180, right=180, top=180, bottom=585
2026-05-07 22:34:50,521 - GT23.BorderPanel - DEBUG - After ratio: left=180, right=180, top=180, bottom=585
2026-05-07 22:34:50,764 - GT23.BorderPanel - DEBUG - on_params_changed: is_offset=False, is_ratio_change=False
2026-05-07 22:34:50,764 - GT23.BorderPanel - DEBUG - v_offset: 0 -> 0, h_offset: 0 -> 0
2026-05-07 22:34:50,787 - GT23.BorderPanel - DEBUG - on_params_changed: is_offset=False, is_ratio_change=False
2026-05-07 22:34:50,787 - GT23.BorderPanel - DEBUG - v_offset: 0 -> 0, h_offset: 0 -> 0
2026-05-07 22:34:50,787 - GT23.BorderPanel - DEBUG - === _on_ratio_changed_aesthetic called ===
2026-05-07 22:34:50,788 - GT23.BorderPanel - DEBUG - Before: left=180, right=180, top=180, bottom=585
2026-05-07 22:34:50,788 - GT23.BorderPanel - DEBUG - v_offset=0, h_offset=0
2026-05-07 22:34:50,788 - GT23.BorderPanel - DEBUG - Resetting offsets to 0 due to ratio change.
2026-05-07 22:34:50,788 - GT23.BorderPanel - DEBUG - After preset: left=180, right=180, top=180, bottom=585
2026-05-07 22:34:50,788 - GT23.BorderPanel - DEBUG - _ratio_just_changed = True
2026-05-07 22:34:50,788 - GT23.BorderPanel - DEBUG - on_params_changed: is_offset=False, is_ratio_change=True
2026-05-07 22:34:50,788 - GT23.BorderPanel - DEBUG - v_offset: 0 -> 0, h_offset: 0 -> 0
2026-05-07 22:34:50,788 - GT23.BorderPanel - DEBUG - Processing ratio change (is_offset=False)
2026-05-07 22:34:50,788 - GT23.BorderPanel - DEBUG - _handle_ratio_locked_sync: ratio=原图, is_offset=False
2026-05-07 22:34:50,788 - GT23.BorderPanel - DEBUG - Input margins: l=180, r=180, t=180, b=585
2026-05-07 22:34:50,788 - GT23.BorderPanel - DEBUG - Final margins: left=180, right=180, top=180, bottom=585
2026-05-07 22:34:50,788 - GT23.BorderPanel - DEBUG - After ratio: left=180, right=180, top=180, bottom=585
2026-05-07 22:34:53,892 - GT23.BorderPanel - DEBUG - === _on_ratio_changed_aesthetic called ===
2026-05-07 22:34:53,893 - GT23.BorderPanel - DEBUG - Before: left=180, right=180, top=180, bottom=585
2026-05-07 22:34:53,893 - GT23.BorderPanel - DEBUG - v_offset=0, h_offset=0
2026-05-07 22:34:53,893 - GT23.BorderPanel - DEBUG - Resetting offsets to 0 due to ratio change.
2026-05-07 22:34:53,893 - GT23.BorderPanel - DEBUG - After preset: left=300, right=300, top=500, bottom=950
2026-05-07 22:34:53,893 - GT23.BorderPanel - DEBUG - _ratio_just_changed = True
2026-05-07 22:34:53,893 - GT23.BorderPanel - DEBUG - on_params_changed: is_offset=False, is_ratio_change=True
2026-05-07 22:34:53,893 - GT23.BorderPanel - DEBUG - v_offset: 0 -> 0, h_offset: 0 -> 0
2026-05-07 22:34:53,893 - GT23.BorderPanel - DEBUG - Processing ratio change (is_offset=False)
2026-05-07 22:34:53,893 - GT23.BorderPanel - DEBUG - _handle_ratio_locked_sync: ratio=16:9, is_offset=False
2026-05-07 22:34:53,893 - GT23.BorderPanel - DEBUG - Input margins: l=300, r=300, t=500, b=950
2026-05-07 22:34:53,893 - GT23.BorderPanel - DEBUG - Final margins (Proportional): left=2844, right=2844.8888888888887, top=500, bottom=950
2026-05-07 22:34:53,893 - GT23.BorderPanel - DEBUG - After ratio: left=2844, right=2844, top=500, bottom=950
2026-05-07 22:34:53,894 - GT23.BorderPanel - DEBUG - on_params_changed: is_offset=False, is_ratio_change=False
2026-05-07 22:34:53,894 - GT23.BorderPanel - DEBUG - v_offset: 0 -> 0, h_offset: 0 -> 0
2026-05-07 22:34:56,687 - GT23.BorderPanel - DEBUG - === _on_ratio_changed_aesthetic called ===
2026-05-07 22:34:56,687 - GT23.BorderPanel - DEBUG - Before: left=2844, right=2844, top=500, bottom=950
2026-05-07 22:34:56,687 - GT23.BorderPanel - DEBUG - v_offset=0, h_offset=0
2026-05-07 22:34:56,687 - GT23.BorderPanel - DEBUG - Resetting offsets to 0 due to ratio change.
2026-05-07 22:34:56,687 - GT23.BorderPanel - DEBUG - After preset: left=300, right=300, top=600, bottom=2000
2026-05-07 22:34:56,687 - GT23.BorderPanel - DEBUG - _ratio_just_changed = True
2026-05-07 22:34:56,687 - GT23.BorderPanel - DEBUG - on_params_changed: is_offset=False, is_ratio_change=True
2026-05-07 22:34:56,687 - GT23.BorderPanel - DEBUG - v_offset: 0 -> 0, h_offset: 0 -> 0
2026-05-07 22:34:56,687 - GT23.BorderPanel - DEBUG - Processing ratio change (is_offset=False)
2026-05-07 22:34:56,687 - GT23.BorderPanel - DEBUG - _handle_ratio_locked_sync: ratio=9:16, is_offset=False
2026-05-07 22:34:56,687 - GT23.BorderPanel - DEBUG - Input margins: l=300, r=300, t=600, b=2000
2026-05-07 22:34:56,688 - GT23.BorderPanel - DEBUG - Final margins (Proportional): left=300, right=300, top=964, bottom=3213.7777777777774
2026-05-07 22:34:56,688 - GT23.BorderPanel - DEBUG - After ratio: left=300, right=300, top=964, bottom=3213
2026-05-07 22:34:56,689 - GT23.BorderPanel - DEBUG - on_params_changed: is_offset=False, is_ratio_change=False
2026-05-07 22:34:56,689 - GT23.BorderPanel - DEBUG - v_offset: 0 -> 0, h_offset: 0 -> 0
2026-05-07 22:34:59,057 - GT23.BorderPanel - DEBUG - === _on_ratio_changed_aesthetic called ===
2026-05-07 22:34:59,057 - GT23.BorderPanel - DEBUG - Before: left=300, right=300, top=964, bottom=3213
2026-05-07 22:34:59,057 - GT23.BorderPanel - DEBUG - v_offset=0, h_offset=0
2026-05-07 22:34:59,057 - GT23.BorderPanel - DEBUG - Resetting offsets to 0 due to ratio change.
2026-05-07 22:34:59,057 - GT23.BorderPanel - DEBUG - After preset: left=300, right=300, top=964, bottom=3213
2026-05-07 22:34:59,057 - GT23.BorderPanel - DEBUG - _ratio_just_changed = True
2026-05-07 22:34:59,057 - GT23.BorderPanel - DEBUG - on_params_changed: is_offset=False, is_ratio_change=True
2026-05-07 22:34:59,057 - GT23.BorderPanel - DEBUG - v_offset: 0 -> 0, h_offset: 0 -> 0
2026-05-07 22:34:59,057 - GT23.BorderPanel - DEBUG - Processing ratio change (is_offset=False)
2026-05-07 22:34:59,057 - GT23.BorderPanel - DEBUG - _handle_ratio_locked_sync: ratio=原图, is_offset=False
2026-05-07 22:34:59,057 - GT23.BorderPanel - DEBUG - Input margins: l=300, r=300, t=964, b=3213
2026-05-07 22:34:59,057 - GT23.BorderPanel - DEBUG - Final margins: left=300, right=300, top=964, bottom=3213
2026-05-07 22:34:59,057 - GT23.BorderPanel - DEBUG - After ratio: left=300, right=300, top=964, bottom=3213
2026-05-07 22:34:59,059 - GT23.BorderPanel - DEBUG - on_params_changed: is_offset=False, is_ratio_change=False
2026-05-07 22:34:59,059 - GT23.BorderPanel - DEBUG - v_offset: 0 -> 0, h_offset: 0 -> 0
2026-05-07 22:35:01,513 - GT23.BorderPanel - DEBUG - === _on_ratio_changed_aesthetic called ===
2026-05-07 22:35:01,513 - GT23.BorderPanel - DEBUG - Before: left=300, right=300, top=964, bottom=3213
2026-05-07 22:35:01,514 - GT23.BorderPanel - DEBUG - v_offset=0, h_offset=0
2026-05-07 22:35:01,514 - GT23.BorderPanel - DEBUG - Resetting offsets to 0 due to ratio change.
2026-05-07 22:35:01,514 - GT23.BorderPanel - DEBUG - After preset: left=500, right=500, top=500, bottom=1200
2026-05-07 22:35:01,514 - GT23.BorderPanel - DEBUG - _ratio_just_changed = True
2026-05-07 22:35:01,514 - GT23.BorderPanel - DEBUG - on_params_changed: is_offset=False, is_ratio_change=True
2026-05-07 22:35:01,514 - GT23.BorderPanel - DEBUG - v_offset: 0 -> 0, h_offset: 0 -> 0
2026-05-07 22:35:01,514 - GT23.BorderPanel - DEBUG - Processing ratio change (is_offset=False)
2026-05-07 22:35:01,514 - GT23.BorderPanel - DEBUG - _handle_ratio_locked_sync: ratio=1:1, is_offset=False
2026-05-07 22:35:01,514 - GT23.BorderPanel - DEBUG - Input margins: l=500, r=500, t=500, b=1200
2026-05-07 22:35:01,514 - GT23.BorderPanel - DEBUG - Final margins (Proportional): left=850, right=850.0, top=500, bottom=1200
2026-05-07 22:35:01,514 - GT23.BorderPanel - DEBUG - After ratio: left=850, right=850, top=500, bottom=1200
2026-05-07 22:35:01,515 - GT23.BorderPanel - DEBUG - on_params_changed: is_offset=False, is_ratio_change=False
2026-05-07 22:35:01,515 - GT23.BorderPanel - DEBUG - v_offset: 0 -> 0, h_offset: 0 -> 0
2026-05-07 22:35:03,267 - GT23.BorderPanel - DEBUG - === _on_ratio_changed_aesthetic called ===
2026-05-07 22:35:03,267 - GT23.BorderPanel - DEBUG - Before: left=850, right=850, top=500, bottom=1200
2026-05-07 22:35:03,267 - GT23.BorderPanel - DEBUG - v_offset=0, h_offset=0
2026-05-07 22:35:03,268 - GT23.BorderPanel - DEBUG - Resetting offsets to 0 due to ratio change.
2026-05-07 22:35:03,268 - GT23.BorderPanel - DEBUG - After preset: left=400, right=400, top=400, bottom=1300
2026-05-07 22:35:03,268 - GT23.BorderPanel - DEBUG - _ratio_just_changed = True
2026-05-07 22:35:03,268 - GT23.BorderPanel - DEBUG - on_params_changed: is_offset=False, is_ratio_change=True
2026-05-07 22:35:03,268 - GT23.BorderPanel - DEBUG - v_offset: 0 -> 0, h_offset: 0 -> 0
2026-05-07 22:35:03,268 - GT23.BorderPanel - DEBUG - Processing ratio change (is_offset=False)
2026-05-07 22:35:03,268 - GT23.BorderPanel - DEBUG - _handle_ratio_locked_sync: ratio=3:4, is_offset=False
2026-05-07 22:35:03,268 - GT23.BorderPanel - DEBUG - Input margins: l=400, r=400, t=400, b=1300
2026-05-07 22:35:03,268 - GT23.BorderPanel - DEBUG - Final margins (Proportional): left=400, right=400, top=564, bottom=1836.0
2026-05-07 22:35:03,268 - GT23.BorderPanel - DEBUG - After ratio: left=400, right=400, top=564, bottom=1836
2026-05-07 22:35:03,270 - GT23.BorderPanel - DEBUG - on_params_changed: is_offset=False, is_ratio_change=False
2026-05-07 22:35:03,270 - GT23.BorderPanel - DEBUG - v_offset: 0 -> 0, h_offset: 0 -> 0
2026-05-07 22:35:04,796 - GT23.BorderPanel - DEBUG - === _on_ratio_changed_aesthetic called ===
2026-05-07 22:35:04,796 - GT23.BorderPanel - DEBUG - Before: left=400, right=400, top=564, bottom=1836
2026-05-07 22:35:04,796 - GT23.BorderPanel - DEBUG - v_offset=0, h_offset=0
2026-05-07 22:35:04,797 - GT23.BorderPanel - DEBUG - Resetting offsets to 0 due to ratio change.
2026-05-07 22:35:04,797 - GT23.BorderPanel - DEBUG - After preset: left=450, right=450, top=400, bottom=900
2026-05-07 22:35:04,797 - GT23.BorderPanel - DEBUG - _ratio_just_changed = True
2026-05-07 22:35:04,797 - GT23.BorderPanel - DEBUG - on_params_changed: is_offset=False, is_ratio_change=True
2026-05-07 22:35:04,797 - GT23.BorderPanel - DEBUG - v_offset: 0 -> 0, h_offset: 0 -> 0
2026-05-07 22:35:04,797 - GT23.BorderPanel - DEBUG - Processing ratio change (is_offset=False)
2026-05-07 22:35:04,797 - GT23.BorderPanel - DEBUG - _handle_ratio_locked_sync: ratio=4:3, is_offset=False
2026-05-07 22:35:04,797 - GT23.BorderPanel - DEBUG - Input margins: l=450, r=450, t=400, b=900
2026-05-07 22:35:04,797 - GT23.BorderPanel - DEBUG - Final margins (Proportional): left=1533, right=1533.666666666666, top=400, bottom=900
2026-05-07 22:35:04,797 - GT23.BorderPanel - DEBUG - After ratio: left=1533, right=1533, top=400, bottom=900
2026-05-07 22:35:04,799 - GT23.BorderPanel - DEBUG - on_params_changed: is_offset=False, is_ratio_change=False
2026-05-07 22:35:04,799 - GT23.BorderPanel - DEBUG - v_offset: 0 -> 0, h_offset: 0 -> 0
2026-05-07 22:35:06,565 - GT23.BorderPanel - DEBUG - === _on_ratio_changed_aesthetic called ===
2026-05-07 22:35:06,565 - GT23.BorderPanel - DEBUG - Before: left=1533, right=1533, top=400, bottom=900
2026-05-07 22:35:06,565 - GT23.BorderPanel - DEBUG - v_offset=0, h_offset=0
2026-05-07 22:35:06,565 - GT23.BorderPanel - DEBUG - Resetting offsets to 0 due to ratio change.
2026-05-07 22:35:06,566 - GT23.BorderPanel - DEBUG - After preset: left=400, right=400, top=400, bottom=1200
2026-05-07 22:35:06,566 - GT23.BorderPanel - DEBUG - _ratio_just_changed = True
2026-05-07 22:35:06,566 - GT23.BorderPanel - DEBUG - on_params_changed: is_offset=False, is_ratio_change=True
2026-05-07 22:35:06,566 - GT23.BorderPanel - DEBUG - v_offset: 0 -> 0, h_offset: 0 -> 0
2026-05-07 22:35:06,566 - GT23.BorderPanel - DEBUG - Processing ratio change (is_offset=False)
2026-05-07 22:35:06,566 - GT23.BorderPanel - DEBUG - _handle_ratio_locked_sync: ratio=4:5, is_offset=False
2026-05-07 22:35:06,566 - GT23.BorderPanel - DEBUG - Input margins: l=400, r=400, t=400, b=1200
2026-05-07 22:35:06,566 - GT23.BorderPanel - DEBUG - Final margins (Proportional): left=400, right=400, top=500, bottom=1500.0
2026-05-07 22:35:06,566 - GT23.BorderPanel - DEBUG - After ratio: left=400, right=400, top=500, bottom=1500
2026-05-07 22:35:06,568 - GT23.BorderPanel - DEBUG - on_params_changed: is_offset=False, is_ratio_change=False
2026-05-07 22:35:06,568 - GT23.BorderPanel - DEBUG - v_offset: 0 -> 0, h_offset: 0 -> 0
2026-05-07 22:35:10,469 - GT23.BorderPanel - DEBUG - on_params_changed: is_offset=False, is_ratio_change=False
2026-05-07 22:35:10,469 - GT23.BorderPanel - DEBUG - v_offset: 0 -> 0, h_offset: 0 -> 0
2026-05-07 22:35:11,935 - GT23.BorderPanel - DEBUG - on_params_changed: is_offset=False, is_ratio_change=False
2026-05-07 22:35:11,935 - GT23.BorderPanel - DEBUG - v_offset: 0 -> 0, h_offset: 0 -> 0
2026-05-07 22:35:12,999 - GT23.BorderPanel - DEBUG - on_params_changed: is_offset=False, is_ratio_change=False
2026-05-07 22:35:13,000 - GT23.BorderPanel - DEBUG - v_offset: 0 -> 0, h_offset: 0 -> 0
2026-05-07 22:35:14,241 - GT23.BorderPanel - DEBUG - on_params_changed: is_offset=False, is_ratio_change=False
2026-05-07 22:35:14,241 - GT23.BorderPanel - DEBUG - v_offset: 0 -> 0, h_offset: 0 -> 0
2026-05-07 22:35:18,500 - GT23.BorderPanel - DEBUG - === _on_ratio_changed_aesthetic called ===
2026-05-07 22:35:18,500 - GT23.BorderPanel - DEBUG - Before: left=400, right=400, top=500, bottom=1500
2026-05-07 22:35:18,500 - GT23.BorderPanel - DEBUG - v_offset=0, h_offset=0
2026-05-07 22:35:18,500 - GT23.BorderPanel - DEBUG - Resetting offsets to 0 due to ratio change.
2026-05-07 22:35:18,500 - GT23.BorderPanel - DEBUG - After preset: left=300, right=300, top=500, bottom=950
2026-05-07 22:35:18,500 - GT23.BorderPanel - DEBUG - _ratio_just_changed = True
2026-05-07 22:35:18,500 - GT23.BorderPanel - DEBUG - on_params_changed: is_offset=False, is_ratio_change=True
2026-05-07 22:35:18,500 - GT23.BorderPanel - DEBUG - v_offset: 0 -> 0, h_offset: 0 -> 0
2026-05-07 22:35:18,500 - GT23.BorderPanel - DEBUG - Processing ratio change (is_offset=False)
2026-05-07 22:35:18,500 - GT23.BorderPanel - DEBUG - _handle_ratio_locked_sync: ratio=16:9, is_offset=False
2026-05-07 22:35:18,501 - GT23.BorderPanel - DEBUG - Input margins: l=300, r=300, t=500, b=950
2026-05-07 22:35:18,502 - GT23.BorderPanel - DEBUG - Final margins (Proportional): left=1659, right=1660.0318079014469, top=500, bottom=950
2026-05-07 22:35:18,502 - GT23.BorderPanel - DEBUG - After ratio: left=1660, right=1660, top=500, bottom=950
2026-05-07 22:35:18,503 - GT23.BorderPanel - DEBUG - on_params_changed: is_offset=False, is_ratio_change=False
2026-05-07 22:35:18,503 - GT23.BorderPanel - DEBUG - v_offset: 0 -> 0, h_offset: 0 -> 0
2026-05-07 22:35:20,308 - GT23.BorderPanel - DEBUG - === _on_ratio_changed_aesthetic called ===
2026-05-07 22:35:20,309 - GT23.BorderPanel - DEBUG - Before: left=1660, right=1660, top=500, bottom=950
2026-05-07 22:35:20,309 - GT23.BorderPanel - DEBUG - v_offset=0, h_offset=0
2026-05-07 22:35:20,309 - GT23.BorderPanel - DEBUG - Resetting offsets to 0 due to ratio change.
2026-05-07 22:35:20,309 - GT23.BorderPanel - DEBUG - After preset: left=1660, right=1660, top=500, bottom=950
2026-05-07 22:35:20,309 - GT23.BorderPanel - DEBUG - _ratio_just_changed = True
2026-05-07 22:35:20,309 - GT23.BorderPanel - DEBUG - on_params_changed: is_offset=False, is_ratio_change=True
2026-05-07 22:35:20,309 - GT23.BorderPanel - DEBUG - v_offset: 0 -> 0, h_offset: 0 -> 0
2026-05-07 22:35:20,309 - GT23.BorderPanel - DEBUG - Processing ratio change (is_offset=False)
2026-05-07 22:35:20,309 - GT23.BorderPanel - DEBUG - _handle_ratio_locked_sync: ratio=原图, is_offset=False
2026-05-07 22:35:20,309 - GT23.BorderPanel - DEBUG - Input margins: l=1660, r=1660, t=500, b=950
2026-05-07 22:35:20,309 - GT23.BorderPanel - DEBUG - Final margins: left=1660, right=1660, top=500, bottom=950
2026-05-07 22:35:20,309 - GT23.BorderPanel - DEBUG - After ratio: left=1660, right=1660, top=500, bottom=950
2026-05-07 22:35:20,311 - GT23.BorderPanel - DEBUG - on_params_changed: is_offset=False, is_ratio_change=False
2026-05-07 22:35:20,311 - GT23.BorderPanel - DEBUG - v_offset: 0 -> 0, h_offset: 0 -> 0
2026-05-07 22:36:45,239 - GT23.BorderPanel - DEBUG - === _on_ratio_changed_aesthetic called ===
2026-05-07 22:36:45,239 - GT23.BorderPanel - DEBUG - Before: left=180, right=180, top=180, bottom=585
2026-05-07 22:36:45,239 - GT23.BorderPanel - DEBUG - v_offset=0, h_offset=0
2026-05-07 22:36:45,239 - GT23.BorderPanel - DEBUG - Resetting offsets to 0 due to ratio change.
2026-05-07 22:36:45,239 - GT23.BorderPanel - DEBUG - After preset: left=180, right=180, top=180, bottom=585
2026-05-07 22:36:45,239 - GT23.BorderPanel - DEBUG - _ratio_just_changed = True
2026-05-07 22:36:45,377 - GT23.BorderPanel - DEBUG - on_params_changed: is_offset=False, is_ratio_change=True
2026-05-07 22:36:45,378 - GT23.BorderPanel - DEBUG - v_offset: 0 -> 0, h_offset: 0 -> 0
2026-05-07 22:36:45,378 - GT23.BorderPanel - DEBUG - Processing ratio change (is_offset=False)
2026-05-07 22:36:45,378 - GT23.BorderPanel - DEBUG - _handle_ratio_locked_sync: ratio=原图, is_offset=False
2026-05-07 22:36:45,378 - GT23.BorderPanel - DEBUG - Input margins: l=180, r=180, t=180, b=585
2026-05-07 22:36:45,378 - GT23.BorderPanel - DEBUG - Final margins: left=180, right=180, top=180, bottom=585
2026-05-07 22:36:45,378 - GT23.BorderPanel - DEBUG - After ratio: left=180, right=180, top=180, bottom=585
2026-05-07 22:36:45,593 - GT23.BorderPanel - DEBUG - on_params_changed: is_offset=False, is_ratio_change=False
2026-05-07 22:36:45,593 - GT23.BorderPanel - DEBUG - v_offset: 0 -> 0, h_offset: 0 -> 0
2026-05-07 22:36:45,622 - GT23.BorderPanel - DEBUG - on_params_changed: is_offset=False, is_ratio_change=False
2026-05-07 22:36:45,622 - GT23.BorderPanel - DEBUG - v_offset: 0 -> 0, h_offset: 0 -> 0
2026-05-07 22:36:45,622 - GT23.BorderPanel - DEBUG - === _on_ratio_changed_aesthetic called ===
2026-05-07 22:36:45,622 - GT23.BorderPanel - DEBUG - Before: left=180, right=180, top=180, bottom=585
2026-05-07 22:36:45,622 - GT23.BorderPanel - DEBUG - v_offset=0, h_offset=0
2026-05-07 22:36:45,622 - GT23.BorderPanel - DEBUG - Resetting offsets to 0 due to ratio change.
2026-05-07 22:36:45,622 - GT23.BorderPanel - DEBUG - After preset: left=180, right=180, top=180, bottom=585
2026-05-07 22:36:45,622 - GT23.BorderPanel - DEBUG - _ratio_just_changed = True
2026-05-07 22:36:45,622 - GT23.BorderPanel - DEBUG - on_params_changed: is_offset=False, is_ratio_change=True
2026-05-07 22:36:45,622 - GT23.BorderPanel - DEBUG - v_offset: 0 -> 0, h_offset: 0 -> 0
2026-05-07 22:36:45,622 - GT23.BorderPanel - DEBUG - Processing ratio change (is_offset=False)
2026-05-07 22:36:45,622 - GT23.BorderPanel - DEBUG - _handle_ratio_locked_sync: ratio=原图, is_offset=False
2026-05-07 22:36:45,622 - GT23.BorderPanel - DEBUG - Input margins: l=180, r=180, t=180, b=585
2026-05-07 22:36:45,622 - GT23.BorderPanel - DEBUG - Final margins: left=180, right=180, top=180, bottom=585
2026-05-07 22:36:45,623 - GT23.BorderPanel - DEBUG - After ratio: left=180, right=180, top=180, bottom=585
2026-05-07 22:40:29,712 - GT23.BorderPanel - DEBUG - === _on_ratio_changed_aesthetic called ===
2026-05-07 22:40:29,713 - GT23.BorderPanel - DEBUG - Before: left=180, right=180, top=180, bottom=585
2026-05-07 22:40:29,713 - GT23.BorderPanel - DEBUG - v_offset=0, h_offset=0
2026-05-07 22:40:29,713 - GT23.BorderPanel - DEBUG - Ratio is 'Original' or non-preset. Restoring free-mode margins.
2026-05-07 22:40:29,713 - GT23.BorderPanel - DEBUG - Resetting offsets to 0 due to ratio change.
2026-05-07 22:40:29,713 - GT23.BorderPanel - DEBUG - After reset/preset: left=180, right=180, top=180, bottom=585
2026-05-07 22:40:29,713 - GT23.BorderPanel - DEBUG - _ratio_just_changed = True
2026-05-07 22:40:29,823 - GT23.BorderPanel - DEBUG - on_params_changed: is_offset=False, is_ratio_change=True
2026-05-07 22:40:29,823 - GT23.BorderPanel - DEBUG - v_offset: 0 -> 0, h_offset: 0 -> 0
2026-05-07 22:40:29,824 - GT23.BorderPanel - DEBUG - Processing ratio change (is_offset=False)
2026-05-07 22:40:29,824 - GT23.BorderPanel - DEBUG - _handle_ratio_locked_sync: ratio=原图, is_offset=False
2026-05-07 22:40:29,824 - GT23.BorderPanel - DEBUG - Input margins: l=180, r=180, t=180, b=585
2026-05-07 22:40:29,824 - GT23.BorderPanel - DEBUG - Final margins: left=180, right=180, top=180, bottom=585
2026-05-07 22:40:29,824 - GT23.BorderPanel - DEBUG - After ratio: left=180, right=180, top=180, bottom=585
2026-05-07 22:40:30,041 - GT23.BorderPanel - DEBUG - on_params_changed: is_offset=False, is_ratio_change=False
2026-05-07 22:40:30,041 - GT23.BorderPanel - DEBUG - v_offset: 0 -> 0, h_offset: 0 -> 0
2026-05-07 22:40:30,068 - GT23.BorderPanel - DEBUG - on_params_changed: is_offset=False, is_ratio_change=False
2026-05-07 22:40:30,068 - GT23.BorderPanel - DEBUG - v_offset: 0 -> 0, h_offset: 0 -> 0
2026-05-07 22:40:30,068 - GT23.BorderPanel - DEBUG - === _on_ratio_changed_aesthetic called ===
2026-05-07 22:40:30,068 - GT23.BorderPanel - DEBUG - Before: left=180, right=180, top=180, bottom=585
2026-05-07 22:40:30,068 - GT23.BorderPanel - DEBUG - v_offset=0, h_offset=0
2026-05-07 22:40:30,068 - GT23.BorderPanel - DEBUG - Ratio is 'Original' or non-preset. Restoring free-mode margins.
2026-05-07 22:40:30,068 - GT23.BorderPanel - DEBUG - Resetting offsets to 0 due to ratio change.
2026-05-07 22:40:30,068 - GT23.BorderPanel - DEBUG - After reset/preset: left=180, right=180, top=180, bottom=585
2026-05-07 22:40:30,068 - GT23.BorderPanel - DEBUG - _ratio_just_changed = True
2026-05-07 22:40:30,068 - GT23.BorderPanel - DEBUG - on_params_changed: is_offset=False, is_ratio_change=True
2026-05-07 22:40:30,068 - GT23.BorderPanel - DEBUG - v_offset: 0 -> 0, h_offset: 0 -> 0
2026-05-07 22:40:30,068 - GT23.BorderPanel - DEBUG - Processing ratio change (is_offset=False)
2026-05-07 22:40:30,068 - GT23.BorderPanel - DEBUG - _handle_ratio_locked_sync: ratio=原图, is_offset=False
2026-05-07 22:40:30,068 - GT23.BorderPanel - DEBUG - Input margins: l=180, r=180, t=180, b=585
2026-05-07 22:40:30,068 - GT23.BorderPanel - DEBUG - Final margins: left=180, right=180, top=180, bottom=585
2026-05-07 22:40:30,068 - GT23.BorderPanel - DEBUG - After ratio: left=180, right=180, top=180, bottom=585
2026-05-07 22:40:33,206 - GT23.BorderPanel - DEBUG - === _on_ratio_changed_aesthetic called ===
2026-05-07 22:40:33,206 - GT23.BorderPanel - DEBUG - Before: left=180, right=180, top=180, bottom=585
2026-05-07 22:40:33,206 - GT23.BorderPanel - DEBUG - v_offset=0, h_offset=0
2026-05-07 22:40:33,207 - GT23.BorderPanel - DEBUG - Resetting offsets to 0 due to ratio change.
2026-05-07 22:40:33,207 - GT23.BorderPanel - DEBUG - After reset/preset: left=300, right=300, top=500, bottom=950
2026-05-07 22:40:33,207 - GT23.BorderPanel - DEBUG - _ratio_just_changed = True
2026-05-07 22:40:33,207 - GT23.BorderPanel - DEBUG - on_params_changed: is_offset=False, is_ratio_change=True
2026-05-07 22:40:33,207 - GT23.BorderPanel - DEBUG - v_offset: 0 -> 0, h_offset: 0 -> 0
2026-05-07 22:40:33,207 - GT23.BorderPanel - DEBUG - Processing ratio change (is_offset=False)
2026-05-07 22:40:33,207 - GT23.BorderPanel - DEBUG - _handle_ratio_locked_sync: ratio=16:9, is_offset=False
2026-05-07 22:40:33,207 - GT23.BorderPanel - DEBUG - Input margins: l=300, r=300, t=500, b=950
2026-05-07 22:40:33,207 - GT23.BorderPanel - DEBUG - Final margins (Proportional): left=2844, right=2844.8888888888887, top=500, bottom=950
2026-05-07 22:40:33,207 - GT23.BorderPanel - DEBUG - After ratio: left=2844, right=2844, top=500, bottom=950
2026-05-07 22:40:33,209 - GT23.BorderPanel - DEBUG - on_params_changed: is_offset=False, is_ratio_change=False
2026-05-07 22:40:33,209 - GT23.BorderPanel - DEBUG - v_offset: 0 -> 0, h_offset: 0 -> 0
2026-05-07 22:40:34,959 - GT23.BorderPanel - DEBUG - === _on_ratio_changed_aesthetic called ===
2026-05-07 22:40:34,959 - GT23.BorderPanel - DEBUG - Before: left=2844, right=2844, top=500, bottom=950
2026-05-07 22:40:34,959 - GT23.BorderPanel - DEBUG - v_offset=0, h_offset=0
2026-05-07 22:40:34,959 - GT23.BorderPanel - DEBUG - Ratio is 'Original' or non-preset. Restoring free-mode margins.
2026-05-07 22:40:34,960 - GT23.BorderPanel - DEBUG - Resetting offsets to 0 due to ratio change.
2026-05-07 22:40:34,960 - GT23.BorderPanel - DEBUG - After reset/preset: left=2844, right=2844, top=500, bottom=950
2026-05-07 22:40:34,960 - GT23.BorderPanel - DEBUG - _ratio_just_changed = True
2026-05-07 22:40:34,960 - GT23.BorderPanel - DEBUG - on_params_changed: is_offset=False, is_ratio_change=True
2026-05-07 22:40:34,960 - GT23.BorderPanel - DEBUG - v_offset: 0 -> 0, h_offset: 0 -> 0
2026-05-07 22:40:34,960 - GT23.BorderPanel - DEBUG - Processing ratio change (is_offset=False)
2026-05-07 22:40:34,960 - GT23.BorderPanel - DEBUG - _handle_ratio_locked_sync: ratio=原图, is_offset=False
2026-05-07 22:40:34,960 - GT23.BorderPanel - DEBUG - Input margins: l=2844, r=2844, t=500, b=950
2026-05-07 22:40:34,960 - GT23.BorderPanel - DEBUG - Final margins: left=2844, right=2844, top=500, bottom=950
2026-05-07 22:40:34,960 - GT23.BorderPanel - DEBUG - After ratio: left=2844, right=2844, top=500, bottom=950
2026-05-07 22:40:34,962 - GT23.BorderPanel - DEBUG - on_params_changed: is_offset=False, is_ratio_change=False
2026-05-07 22:40:34,962 - GT23.BorderPanel - DEBUG - v_offset: 0 -> 0, h_offset: 0 -> 0
2026-05-07 22:42:10,854 - GT23.BorderPanel - DEBUG - === _on_ratio_changed_aesthetic called ===
2026-05-07 22:42:10,854 - GT23.BorderPanel - DEBUG - Before: left=180, right=180, top=180, bottom=585
2026-05-07 22:42:10,854 - GT23.BorderPanel - DEBUG - v_offset=0, h_offset=0
2026-05-07 22:42:10,854 - GT23.BorderPanel - DEBUG - Ratio is 'Original' or non-preset. Triggering dynamic redetection.
2026-05-07 22:42:10,854 - GT23.BorderPanel - DEBUG - Resetting offsets to 0 due to ratio change.
2026-05-07 22:42:10,854 - GT23.BorderPanel - DEBUG - After reset/preset: left=180, right=180, top=180, bottom=585
2026-05-07 22:42:10,854 - GT23.BorderPanel - DEBUG - _ratio_just_changed = True
2026-05-07 22:42:10,999 - GT23.BorderPanel - DEBUG - on_params_changed: is_offset=False, is_ratio_change=True
2026-05-07 22:42:10,999 - GT23.BorderPanel - DEBUG - v_offset: 0 -> 0, h_offset: 0 -> 0
2026-05-07 22:42:10,999 - GT23.BorderPanel - DEBUG - Processing ratio change (is_offset=False)
2026-05-07 22:42:10,999 - GT23.BorderPanel - DEBUG - _handle_ratio_locked_sync: ratio=原图, is_offset=False
2026-05-07 22:42:10,999 - GT23.BorderPanel - DEBUG - Input margins: l=180, r=180, t=180, b=585
2026-05-07 22:42:10,999 - GT23.BorderPanel - DEBUG - Final margins: left=180, right=180, top=180, bottom=585
2026-05-07 22:42:10,999 - GT23.BorderPanel - DEBUG - After ratio: left=180, right=180, top=180, bottom=585
2026-05-07 22:42:11,221 - GT23.BorderPanel - DEBUG - on_params_changed: is_offset=False, is_ratio_change=False
2026-05-07 22:42:11,221 - GT23.BorderPanel - DEBUG - v_offset: 0 -> 0, h_offset: 0 -> 0
2026-05-07 22:42:11,252 - GT23.BorderPanel - DEBUG - on_params_changed: is_offset=False, is_ratio_change=False
2026-05-07 22:42:11,252 - GT23.BorderPanel - DEBUG - v_offset: 0 -> 0, h_offset: 0 -> 0
2026-05-07 22:42:11,252 - GT23.BorderPanel - DEBUG - === _on_ratio_changed_aesthetic called ===
2026-05-07 22:42:11,252 - GT23.BorderPanel - DEBUG - Before: left=180, right=180, top=180, bottom=585
2026-05-07 22:42:11,253 - GT23.BorderPanel - DEBUG - v_offset=0, h_offset=0
2026-05-07 22:42:11,253 - GT23.BorderPanel - DEBUG - Ratio is 'Original' or non-preset. Triggering dynamic redetection.
2026-05-07 22:42:11,253 - GT23.BorderPanel - DEBUG - Resetting offsets to 0 due to ratio change.
2026-05-07 22:42:11,253 - GT23.BorderPanel - DEBUG - After reset/preset: left=180, right=180, top=180, bottom=585
2026-05-07 22:42:11,253 - GT23.BorderPanel - DEBUG - _ratio_just_changed = True
2026-05-07 22:42:11,253 - GT23.BorderPanel - DEBUG - on_params_changed: is_offset=False, is_ratio_change=True
2026-05-07 22:42:11,253 - GT23.BorderPanel - DEBUG - v_offset: 0 -> 0, h_offset: 0 -> 0
2026-05-07 22:42:11,253 - GT23.BorderPanel - DEBUG - Processing ratio change (is_offset=False)
2026-05-07 22:42:11,253 - GT23.BorderPanel - DEBUG - _handle_ratio_locked_sync: ratio=原图, is_offset=False
2026-05-07 22:42:11,253 - GT23.BorderPanel - DEBUG - Input margins: l=180, r=180, t=180, b=585
2026-05-07 22:42:11,253 - GT23.BorderPanel - DEBUG - Final margins: left=180, right=180, top=180, bottom=585
2026-05-07 22:42:11,253 - GT23.BorderPanel - DEBUG - After ratio: left=180, right=180, top=180, bottom=585
2026-05-07 22:42:17,249 - GT23.BorderPanel - DEBUG - on_params_changed: is_offset=False, is_ratio_change=False
2026-05-07 22:42:17,249 - GT23.BorderPanel - DEBUG - v_offset: 0 -> 0, h_offset: 0 -> 0
2026-05-07 22:42:22,069 - GT23.BorderPanel - DEBUG - === _on_ratio_changed_aesthetic called ===
2026-05-07 22:42:22,069 - GT23.BorderPanel - DEBUG - Before: left=180, right=180, top=180, bottom=585
2026-05-07 22:42:22,069 - GT23.BorderPanel - DEBUG - v_offset=0, h_offset=0
2026-05-07 22:42:22,069 - GT23.BorderPanel - DEBUG - Resetting offsets to 0 due to ratio change.
2026-05-07 22:42:22,069 - GT23.BorderPanel - DEBUG - After reset/preset: left=500, right=500, top=500, bottom=1200
2026-05-07 22:42:22,069 - GT23.BorderPanel - DEBUG - _ratio_just_changed = True
2026-05-07 22:42:22,069 - GT23.BorderPanel - DEBUG - on_params_changed: is_offset=False, is_ratio_change=True
2026-05-07 22:42:22,069 - GT23.BorderPanel - DEBUG - v_offset: 0 -> 0, h_offset: 0 -> 0
2026-05-07 22:42:22,069 - GT23.BorderPanel - DEBUG - Processing ratio change (is_offset=False)
2026-05-07 22:42:22,069 - GT23.BorderPanel - DEBUG - _handle_ratio_locked_sync: ratio=1:1, is_offset=False
2026-05-07 22:42:22,070 - GT23.BorderPanel - DEBUG - Input margins: l=500, r=500, t=500, b=1200
2026-05-07 22:42:22,070 - GT23.BorderPanel - DEBUG - Final margins (Proportional): left=850, right=850.0, top=500, bottom=1200
2026-05-07 22:42:22,070 - GT23.BorderPanel - DEBUG - After ratio: left=850, right=850, top=500, bottom=1200
2026-05-07 22:42:22,071 - GT23.BorderPanel - DEBUG - on_params_changed: is_offset=False, is_ratio_change=False
2026-05-07 22:42:22,071 - GT23.BorderPanel - DEBUG - v_offset: 0 -> 0, h_offset: 0 -> 0
2026-05-07 22:42:25,814 - GT23.BorderPanel - DEBUG - === _on_ratio_changed_aesthetic called ===
2026-05-07 22:42:25,814 - GT23.BorderPanel - DEBUG - Before: left=850, right=850, top=500, bottom=1200
2026-05-07 22:42:25,814 - GT23.BorderPanel - DEBUG - v_offset=0, h_offset=0
2026-05-07 22:42:25,814 - GT23.BorderPanel - DEBUG - Ratio is 'Original' or non-preset. Triggering dynamic redetection.
2026-05-07 22:42:25,815 - GT23.BorderPanel - DEBUG - Resetting offsets to 0 due to ratio change.
2026-05-07 22:42:25,815 - GT23.BorderPanel - DEBUG - After reset/preset: left=850, right=850, top=500, bottom=1200
2026-05-07 22:42:25,815 - GT23.BorderPanel - DEBUG - _ratio_just_changed = True
2026-05-07 22:42:25,815 - GT23.BorderPanel - DEBUG - on_params_changed: is_offset=False, is_ratio_change=True
2026-05-07 22:42:25,815 - GT23.BorderPanel - DEBUG - v_offset: 0 -> 0, h_offset: 0 -> 0
2026-05-07 22:42:25,815 - GT23.BorderPanel - DEBUG - Processing ratio change (is_offset=False)
2026-05-07 22:42:25,815 - GT23.BorderPanel - DEBUG - _handle_ratio_locked_sync: ratio=原图, is_offset=False
2026-05-07 22:42:25,815 - GT23.BorderPanel - DEBUG - Input margins: l=850, r=850, t=500, b=1200
2026-05-07 22:42:25,815 - GT23.BorderPanel - DEBUG - Final margins: left=850, right=850, top=500, bottom=1200
2026-05-07 22:42:25,815 - GT23.BorderPanel - DEBUG - After ratio: left=850, right=850, top=500, bottom=1200
2026-05-07 22:42:25,817 - GT23.BorderPanel - DEBUG - on_params_changed: is_offset=False, is_ratio_change=False
2026-05-07 22:42:25,817 - GT23.BorderPanel - DEBUG - v_offset: 0 -> 0, h_offset: 0 -> 0
2026-05-07 22:42:28,615 - GT23.BorderPanel - DEBUG - === _on_ratio_changed_aesthetic called ===
2026-05-07 22:42:28,615 - GT23.BorderPanel - DEBUG - Before: left=850, right=850, top=500, bottom=1200
2026-05-07 22:42:28,615 - GT23.BorderPanel - DEBUG - v_offset=0, h_offset=0
2026-05-07 22:42:28,616 - GT23.BorderPanel - DEBUG - Resetting offsets to 0 due to ratio change.
2026-05-07 22:42:28,616 - GT23.BorderPanel - DEBUG - After reset/preset: left=300, right=300, top=500, bottom=950
2026-05-07 22:42:28,616 - GT23.BorderPanel - DEBUG - _ratio_just_changed = True
2026-05-07 22:42:28,616 - GT23.BorderPanel - DEBUG - on_params_changed: is_offset=False, is_ratio_change=True
2026-05-07 22:42:28,616 - GT23.BorderPanel - DEBUG - v_offset: 0 -> 0, h_offset: 0 -> 0
2026-05-07 22:42:28,616 - GT23.BorderPanel - DEBUG - Processing ratio change (is_offset=False)
2026-05-07 22:42:28,616 - GT23.BorderPanel - DEBUG - _handle_ratio_locked_sync: ratio=16:9, is_offset=False
2026-05-07 22:42:28,616 - GT23.BorderPanel - DEBUG - Input margins: l=300, r=300, t=500, b=950
2026-05-07 22:42:28,616 - GT23.BorderPanel - DEBUG - Final margins (Proportional): left=2844, right=2844.8888888888887, top=500, bottom=950
2026-05-07 22:42:28,616 - GT23.BorderPanel - DEBUG - After ratio: left=2844, right=2844, top=500, bottom=950
2026-05-07 22:42:28,617 - GT23.BorderPanel - DEBUG - on_params_changed: is_offset=False, is_ratio_change=False
2026-05-07 22:42:28,617 - GT23.BorderPanel - DEBUG - v_offset: 0 -> 0, h_offset: 0 -> 0
2026-05-07 22:42:30,880 - GT23.BorderPanel - DEBUG - === _on_ratio_changed_aesthetic called ===
2026-05-07 22:42:30,880 - GT23.BorderPanel - DEBUG - Before: left=2844, right=2844, top=500, bottom=950
2026-05-07 22:42:30,880 - GT23.BorderPanel - DEBUG - v_offset=0, h_offset=0
2026-05-07 22:42:30,880 - GT23.BorderPanel - DEBUG - Ratio is 'Original' or non-preset. Triggering dynamic redetection.
2026-05-07 22:42:30,881 - GT23.BorderPanel - DEBUG - Resetting offsets to 0 due to ratio change.
2026-05-07 22:42:30,881 - GT23.BorderPanel - DEBUG - After reset/preset: left=2844, right=2844, top=500, bottom=950
2026-05-07 22:42:30,881 - GT23.BorderPanel - DEBUG - _ratio_just_changed = True
2026-05-07 22:42:30,881 - GT23.BorderPanel - DEBUG - on_params_changed: is_offset=False, is_ratio_change=True
2026-05-07 22:42:30,881 - GT23.BorderPanel - DEBUG - v_offset: 0 -> 0, h_offset: 0 -> 0
2026-05-07 22:42:30,881 - GT23.BorderPanel - DEBUG - Processing ratio change (is_offset=False)
2026-05-07 22:42:30,881 - GT23.BorderPanel - DEBUG - _handle_ratio_locked_sync: ratio=原图, is_offset=False
2026-05-07 22:42:30,881 - GT23.BorderPanel - DEBUG - Input margins: l=2844, r=2844, t=500, b=950
2026-05-07 22:42:30,881 - GT23.BorderPanel - DEBUG - Final margins: left=2844, right=2844, top=500, bottom=950
2026-05-07 22:42:30,881 - GT23.BorderPanel - DEBUG - After ratio: left=2844, right=2844, top=500, bottom=950
2026-05-07 22:42:30,882 - GT23.BorderPanel - DEBUG - on_params_changed: is_offset=False, is_ratio_change=False
2026-05-07 22:42:30,882 - GT23.BorderPanel - DEBUG - v_offset: 0 -> 0, h_offset: 0 -> 0
2026-05-07 22:44:59,160 - GT23.BorderPanel - DEBUG - === _on_ratio_changed_aesthetic called ===
2026-05-07 22:44:59,160 - GT23.BorderPanel - DEBUG - Before: left=180, right=180, top=180, bottom=585
2026-05-07 22:44:59,161 - GT23.BorderPanel - DEBUG - v_offset=0, h_offset=0
2026-05-07 22:44:59,161 - GT23.BorderPanel - DEBUG - Ratio is 'Original' or non-preset. Triggering dynamic redetection.
2026-05-07 22:44:59,161 - GT23.BorderPanel - DEBUG - Resetting offsets to 0 due to ratio change.
2026-05-07 22:44:59,161 - GT23.BorderPanel - DEBUG - After reset/preset: left=180, right=180, top=180, bottom=585
2026-05-07 22:44:59,161 - GT23.BorderPanel - DEBUG - _ratio_just_changed = True
2026-05-07 22:44:59,288 - GT23.BorderPanel - DEBUG - No specific layout detected. Using system defaults (180, 585).
2026-05-07 22:44:59,305 - GT23.BorderPanel - DEBUG - on_params_changed: is_offset=False, is_ratio_change=True
2026-05-07 22:44:59,305 - GT23.BorderPanel - DEBUG - v_offset: 0 -> 0, h_offset: 0 -> 0
2026-05-07 22:44:59,305 - GT23.BorderPanel - DEBUG - Processing ratio change (is_offset=False)
2026-05-07 22:44:59,305 - GT23.BorderPanel - DEBUG - _handle_ratio_locked_sync: ratio=原图, is_offset=False
2026-05-07 22:44:59,305 - GT23.BorderPanel - DEBUG - Input margins: l=180, r=180, t=180, b=585
2026-05-07 22:44:59,306 - GT23.BorderPanel - DEBUG - Final margins: left=180, right=180, top=180, bottom=585
2026-05-07 22:44:59,306 - GT23.BorderPanel - DEBUG - After ratio: left=180, right=180, top=180, bottom=585
2026-05-07 22:44:59,552 - GT23.BorderPanel - DEBUG - on_params_changed: is_offset=False, is_ratio_change=False
2026-05-07 22:44:59,552 - GT23.BorderPanel - DEBUG - v_offset: 0 -> 0, h_offset: 0 -> 0
2026-05-07 22:44:59,552 - GT23.BorderPanel - DEBUG - No specific layout detected. Using system defaults (180, 585).
2026-05-07 22:44:59,575 - GT23.BorderPanel - DEBUG - on_params_changed: is_offset=False, is_ratio_change=False
2026-05-07 22:44:59,575 - GT23.BorderPanel - DEBUG - v_offset: 0 -> 0, h_offset: 0 -> 0
2026-05-07 22:44:59,575 - GT23.BorderPanel - DEBUG - === _on_ratio_changed_aesthetic called ===
2026-05-07 22:44:59,575 - GT23.BorderPanel - DEBUG - Before: left=180, right=180, top=180, bottom=585
2026-05-07 22:44:59,575 - GT23.BorderPanel - DEBUG - v_offset=0, h_offset=0
2026-05-07 22:44:59,575 - GT23.BorderPanel - DEBUG - Ratio is 'Original' or non-preset. Triggering dynamic redetection.
2026-05-07 22:44:59,575 - GT23.BorderPanel - DEBUG - No specific layout detected. Using system defaults (180, 585).
2026-05-07 22:44:59,576 - GT23.BorderPanel - DEBUG - Resetting offsets to 0 due to ratio change.
2026-05-07 22:44:59,576 - GT23.BorderPanel - DEBUG - After reset/preset: left=180, right=180, top=180, bottom=585
2026-05-07 22:44:59,576 - GT23.BorderPanel - DEBUG - _ratio_just_changed = True
2026-05-07 22:44:59,576 - GT23.BorderPanel - DEBUG - on_params_changed: is_offset=False, is_ratio_change=True
2026-05-07 22:44:59,576 - GT23.BorderPanel - DEBUG - v_offset: 0 -> 0, h_offset: 0 -> 0
2026-05-07 22:44:59,576 - GT23.BorderPanel - DEBUG - Processing ratio change (is_offset=False)
2026-05-07 22:44:59,576 - GT23.BorderPanel - DEBUG - _handle_ratio_locked_sync: ratio=原图, is_offset=False
2026-05-07 22:44:59,576 - GT23.BorderPanel - DEBUG - Input margins: l=180, r=180, t=180, b=585
2026-05-07 22:44:59,576 - GT23.BorderPanel - DEBUG - Final margins: left=180, right=180, top=180, bottom=585
2026-05-07 22:44:59,576 - GT23.BorderPanel - DEBUG - After ratio: left=180, right=180, top=180, bottom=585
2026-05-07 22:45:03,335 - GT23.BorderPanel - DEBUG - === _on_ratio_changed_aesthetic called ===
2026-05-07 22:45:03,336 - GT23.BorderPanel - DEBUG - Before: left=180, right=180, top=180, bottom=585
2026-05-07 22:45:03,336 - GT23.BorderPanel - DEBUG - v_offset=0, h_offset=0
2026-05-07 22:45:03,336 - GT23.BorderPanel - DEBUG - Resetting offsets to 0 due to ratio change.
2026-05-07 22:45:03,336 - GT23.BorderPanel - DEBUG - After reset/preset: left=350, right=350, top=350, bottom=1100
2026-05-07 22:45:03,336 - GT23.BorderPanel - DEBUG - _ratio_just_changed = True
2026-05-07 22:45:03,336 - GT23.BorderPanel - DEBUG - on_params_changed: is_offset=False, is_ratio_change=True
2026-05-07 22:45:03,336 - GT23.BorderPanel - DEBUG - v_offset: 0 -> 0, h_offset: 0 -> 0
2026-05-07 22:45:03,336 - GT23.BorderPanel - DEBUG - Processing ratio change (is_offset=False)
2026-05-07 22:45:03,336 - GT23.BorderPanel - DEBUG - _handle_ratio_locked_sync: ratio=5:7, is_offset=False
2026-05-07 22:45:03,336 - GT23.BorderPanel - DEBUG - Input margins: l=350, r=350, t=350, b=1100
2026-05-07 22:45:03,336 - GT23.BorderPanel - DEBUG - Final margins (Proportional): left=350, right=350, top=622, bottom=1958.0
2026-05-07 22:45:03,336 - GT23.BorderPanel - DEBUG - After ratio: left=350, right=350, top=622, bottom=1958
2026-05-07 22:45:03,338 - GT23.BorderPanel - DEBUG - on_params_changed: is_offset=False, is_ratio_change=False
2026-05-07 22:45:03,338 - GT23.BorderPanel - DEBUG - v_offset: 0 -> 0, h_offset: 0 -> 0
2026-05-07 22:45:04,792 - GT23.BorderPanel - DEBUG - === _on_ratio_changed_aesthetic called ===
2026-05-07 22:45:04,792 - GT23.BorderPanel - DEBUG - Before: left=350, right=350, top=622, bottom=1958
2026-05-07 22:45:04,792 - GT23.BorderPanel - DEBUG - v_offset=0, h_offset=0
2026-05-07 22:45:04,792 - GT23.BorderPanel - DEBUG - Ratio is 'Original' or non-preset. Triggering dynamic redetection.
2026-05-07 22:45:04,792 - GT23.BorderPanel - DEBUG - No specific layout detected. Using system defaults (180, 585).
2026-05-07 22:45:04,793 - GT23.BorderPanel - DEBUG - Resetting offsets to 0 due to ratio change.
2026-05-07 22:45:04,793 - GT23.BorderPanel - DEBUG - After reset/preset: left=180, right=180, top=180, bottom=585
2026-05-07 22:45:04,793 - GT23.BorderPanel - DEBUG - _ratio_just_changed = True
2026-05-07 22:45:04,793 - GT23.BorderPanel - DEBUG - on_params_changed: is_offset=False, is_ratio_change=True
2026-05-07 22:45:04,793 - GT23.BorderPanel - DEBUG - v_offset: 0 -> 0, h_offset: 0 -> 0
2026-05-07 22:45:04,793 - GT23.BorderPanel - DEBUG - Processing ratio change (is_offset=False)
2026-05-07 22:45:04,793 - GT23.BorderPanel - DEBUG - _handle_ratio_locked_sync: ratio=原图, is_offset=False
2026-05-07 22:45:04,793 - GT23.BorderPanel - DEBUG - Input margins: l=180, r=180, t=180, b=585
2026-05-07 22:45:04,793 - GT23.BorderPanel - DEBUG - Final margins: left=180, right=180, top=180, bottom=180
2026-05-07 22:45:04,793 - GT23.BorderPanel - DEBUG - After ratio: left=180, right=180, top=180, bottom=180
2026-05-07 22:45:04,795 - GT23.BorderPanel - DEBUG - on_params_changed: is_offset=False, is_ratio_change=False
2026-05-07 22:45:04,795 - GT23.BorderPanel - DEBUG - v_offset: 0 -> 0, h_offset: 0 -> 0
2026-05-07 22:46:20,220 - GT23.BorderPanel - DEBUG - === _on_ratio_changed_aesthetic called ===
2026-05-07 22:46:20,220 - GT23.BorderPanel - DEBUG - Before: left=180, right=180, top=180, bottom=585
2026-05-07 22:46:20,220 - GT23.BorderPanel - DEBUG - v_offset=0, h_offset=0
2026-05-07 22:46:20,220 - GT23.BorderPanel - DEBUG - Ratio is 'Original' or non-preset. Restoring default margins for this image's format.
2026-05-07 22:46:20,220 - GT23.BorderPanel - DEBUG - After reset/preset: left=180, right=180, top=180, bottom=585
2026-05-07 22:46:20,220 - GT23.BorderPanel - DEBUG - _ratio_just_changed = True
2026-05-07 22:46:20,317 - GT23.BorderPanel - DEBUG - No specific layout detected. Using system defaults (180, 585).
2026-05-07 22:46:20,332 - GT23.BorderPanel - DEBUG - on_params_changed: is_offset=False, is_ratio_change=True
2026-05-07 22:46:20,332 - GT23.BorderPanel - DEBUG - v_offset: 0 -> 0, h_offset: 0 -> 0
2026-05-07 22:46:20,332 - GT23.BorderPanel - DEBUG - Processing ratio change (is_offset=False)
2026-05-07 22:46:20,332 - GT23.BorderPanel - DEBUG - _handle_ratio_locked_sync: ratio=原图, is_offset=False
2026-05-07 22:46:20,332 - GT23.BorderPanel - DEBUG - Input margins: l=180, r=180, t=180, b=585
2026-05-07 22:46:20,332 - GT23.BorderPanel - DEBUG - Final margins: left=180, right=180, top=180, bottom=585
2026-05-07 22:46:20,332 - GT23.BorderPanel - DEBUG - After ratio: left=180, right=180, top=180, bottom=585
2026-05-07 22:46:20,548 - GT23.BorderPanel - DEBUG - on_params_changed: is_offset=False, is_ratio_change=False
2026-05-07 22:46:20,548 - GT23.BorderPanel - DEBUG - v_offset: 0 -> 0, h_offset: 0 -> 0
2026-05-07 22:46:20,549 - GT23.BorderPanel - DEBUG - No specific layout detected. Using system defaults (180, 585).
2026-05-07 22:46:20,578 - GT23.BorderPanel - DEBUG - on_params_changed: is_offset=False, is_ratio_change=False
2026-05-07 22:46:20,578 - GT23.BorderPanel - DEBUG - v_offset: 0 -> 0, h_offset: 0 -> 0
2026-05-07 22:46:20,578 - GT23.BorderPanel - DEBUG - === _on_ratio_changed_aesthetic called ===
2026-05-07 22:46:20,578 - GT23.BorderPanel - DEBUG - Before: left=180, right=180, top=180, bottom=585
2026-05-07 22:46:20,578 - GT23.BorderPanel - DEBUG - v_offset=0, h_offset=0
2026-05-07 22:46:20,578 - GT23.BorderPanel - DEBUG - Ratio is 'Original' or non-preset. Restoring default margins for this image's format.
2026-05-07 22:46:20,581 - GT23.BorderPanel - DEBUG - Restored default margins for format: 6x6
2026-05-07 22:46:20,581 - GT23.BorderPanel - DEBUG - After reset/preset: left=180, right=180, top=270, bottom=810
2026-05-07 22:46:20,581 - GT23.BorderPanel - DEBUG - _ratio_just_changed = True
2026-05-07 22:46:20,581 - GT23.BorderPanel - DEBUG - on_params_changed: is_offset=False, is_ratio_change=True
2026-05-07 22:46:20,581 - GT23.BorderPanel - DEBUG - v_offset: 0 -> 0, h_offset: 0 -> 0
2026-05-07 22:46:20,581 - GT23.BorderPanel - DEBUG - Processing ratio change (is_offset=False)
2026-05-07 22:46:20,581 - GT23.BorderPanel - DEBUG - _handle_ratio_locked_sync: ratio=原图, is_offset=False
2026-05-07 22:46:20,581 - GT23.BorderPanel - DEBUG - Input margins: l=180, r=180, t=270, b=810
2026-05-07 22:46:20,581 - GT23.BorderPanel - DEBUG - Final margins: left=540, right=540, top=270, bottom=810
2026-05-07 22:46:20,581 - GT23.BorderPanel - DEBUG - After ratio: left=540, right=540, top=270, bottom=810
2026-05-07 22:46:23,109 - GT23.BorderPanel - DEBUG - === _on_ratio_changed_aesthetic called ===
2026-05-07 22:46:23,109 - GT23.BorderPanel - DEBUG - Before: left=540, right=540, top=270, bottom=810
2026-05-07 22:46:23,109 - GT23.BorderPanel - DEBUG - v_offset=0, h_offset=0
2026-05-07 22:46:23,110 - GT23.BorderPanel - DEBUG - After reset/preset: left=500, right=500, top=500, bottom=1200
2026-05-07 22:46:23,110 - GT23.BorderPanel - DEBUG - _ratio_just_changed = True
2026-05-07 22:46:23,110 - GT23.BorderPanel - DEBUG - on_params_changed: is_offset=False, is_ratio_change=True
2026-05-07 22:46:23,110 - GT23.BorderPanel - DEBUG - v_offset: 0 -> 0, h_offset: 0 -> 0
2026-05-07 22:46:23,110 - GT23.BorderPanel - DEBUG - Processing ratio change (is_offset=False)
2026-05-07 22:46:23,110 - GT23.BorderPanel - DEBUG - _handle_ratio_locked_sync: ratio=1:1, is_offset=False
2026-05-07 22:46:23,110 - GT23.BorderPanel - DEBUG - Input margins: l=500, r=500, t=500, b=1200
2026-05-07 22:46:23,110 - GT23.BorderPanel - DEBUG - Final margins (Proportional): left=850, right=850.0, top=500, bottom=1200
2026-05-07 22:46:23,110 - GT23.BorderPanel - DEBUG - After ratio: left=850, right=850, top=500, bottom=1200
2026-05-07 22:46:23,111 - GT23.BorderPanel - DEBUG - on_params_changed: is_offset=False, is_ratio_change=False
2026-05-07 22:46:23,111 - GT23.BorderPanel - DEBUG - v_offset: 0 -> 0, h_offset: 0 -> 0
2026-05-07 22:46:25,085 - GT23.BorderPanel - DEBUG - === _on_ratio_changed_aesthetic called ===
2026-05-07 22:46:25,085 - GT23.BorderPanel - DEBUG - Before: left=850, right=850, top=500, bottom=1200
2026-05-07 22:46:25,085 - GT23.BorderPanel - DEBUG - v_offset=0, h_offset=0
2026-05-07 22:46:25,085 - GT23.BorderPanel - DEBUG - Ratio is 'Original' or non-preset. Restoring default margins for this image's format.
2026-05-07 22:46:25,087 - GT23.BorderPanel - DEBUG - Restored default margins for format: 6x6
2026-05-07 22:46:25,087 - GT23.BorderPanel - DEBUG - After reset/preset: left=180, right=180, top=270, bottom=810
2026-05-07 22:46:25,087 - GT23.BorderPanel - DEBUG - _ratio_just_changed = True
2026-05-07 22:46:25,087 - GT23.BorderPanel - DEBUG - on_params_changed: is_offset=False, is_ratio_change=True
2026-05-07 22:46:25,087 - GT23.BorderPanel - DEBUG - v_offset: 0 -> 0, h_offset: 0 -> 0
2026-05-07 22:46:25,087 - GT23.BorderPanel - DEBUG - Processing ratio change (is_offset=False)
2026-05-07 22:46:25,087 - GT23.BorderPanel - DEBUG - _handle_ratio_locked_sync: ratio=原图, is_offset=False
2026-05-07 22:46:25,087 - GT23.BorderPanel - DEBUG - Input margins: l=180, r=180, t=270, b=810
2026-05-07 22:46:25,087 - GT23.BorderPanel - DEBUG - Final margins: left=180, right=180, top=270, bottom=90
2026-05-07 22:46:25,087 - GT23.BorderPanel - DEBUG - After ratio: left=180, right=180, top=270, bottom=90
2026-05-07 22:46:25,089 - GT23.BorderPanel - DEBUG - on_params_changed: is_offset=False, is_ratio_change=False
2026-05-07 22:46:25,089 - GT23.BorderPanel - DEBUG - v_offset: 0 -> 0, h_offset: 0 -> 0
2026-05-07 22:49:22,169 - GT23.BorderPanel - DEBUG - === _on_ratio_changed_aesthetic called ===
2026-05-07 22:49:22,169 - GT23.BorderPanel - DEBUG - Before: left=180, right=180, top=180, bottom=585
2026-05-07 22:49:22,169 - GT23.BorderPanel - DEBUG - v_offset=0, h_offset=0
2026-05-07 22:49:22,169 - GT23.BorderPanel - DEBUG - Ratio is 'Original' or non-preset. Restoring default margins for this image's format.
2026-05-07 22:49:22,170 - GT23.BorderPanel - DEBUG - After reset/preset: left=180, right=180, top=180, bottom=585
2026-05-07 22:49:22,170 - GT23.BorderPanel - DEBUG - _ratio_just_changed = True
2026-05-07 22:49:22,296 - GT23.BorderPanel - DEBUG - No specific layout detected. Using system defaults (180, 585).
2026-05-07 22:49:22,312 - GT23.BorderPanel - DEBUG - on_params_changed: is_offset=False, is_ratio_change=True
2026-05-07 22:49:22,312 - GT23.BorderPanel - DEBUG - v_offset: 0 -> 0, h_offset: 0 -> 0
2026-05-07 22:49:22,312 - GT23.BorderPanel - DEBUG - Processing ratio change (is_offset=False)
2026-05-07 22:49:22,312 - GT23.BorderPanel - DEBUG - _handle_ratio_locked_sync: ratio=原图, is_offset=False
2026-05-07 22:49:22,312 - GT23.BorderPanel - DEBUG - Input margins: l=180, r=180, t=180, b=585
2026-05-07 22:49:22,312 - GT23.BorderPanel - DEBUG - Final margins: left=180, right=180, top=180, bottom=585
2026-05-07 22:49:22,312 - GT23.BorderPanel - DEBUG - After ratio: left=180, right=180, top=180, bottom=585
2026-05-07 22:49:22,546 - GT23.BorderPanel - DEBUG - on_params_changed: is_offset=False, is_ratio_change=False
2026-05-07 22:49:22,546 - GT23.BorderPanel - DEBUG - v_offset: 0 -> 0, h_offset: 0 -> 0
2026-05-07 22:49:22,546 - GT23.BorderPanel - DEBUG - No specific layout detected. Using system defaults (180, 585).
2026-05-07 22:49:22,571 - GT23.BorderPanel - DEBUG - on_params_changed: is_offset=False, is_ratio_change=False
2026-05-07 22:49:22,571 - GT23.BorderPanel - DEBUG - v_offset: 0 -> 0, h_offset: 0 -> 0
2026-05-07 22:49:22,571 - GT23.BorderPanel - DEBUG - === _on_ratio_changed_aesthetic called ===
2026-05-07 22:49:22,571 - GT23.BorderPanel - DEBUG - Before: left=180, right=180, top=180, bottom=585
2026-05-07 22:49:22,571 - GT23.BorderPanel - DEBUG - v_offset=0, h_offset=0
2026-05-07 22:49:22,571 - GT23.BorderPanel - DEBUG - Ratio is 'Original' or non-preset. Restoring default margins for this image's format.
2026-05-07 22:49:22,573 - GT23.BorderPanel - DEBUG - Restored default margins for format: 6x6
2026-05-07 22:49:22,573 - GT23.BorderPanel - DEBUG - After reset/preset: left=270, right=270, top=270, bottom=810
2026-05-07 22:49:22,573 - GT23.BorderPanel - DEBUG - _ratio_just_changed = True
2026-05-07 22:49:22,573 - GT23.BorderPanel - DEBUG - on_params_changed: is_offset=False, is_ratio_change=True
2026-05-07 22:49:22,573 - GT23.BorderPanel - DEBUG - v_offset: 0 -> 0, h_offset: 0 -> 0
2026-05-07 22:49:22,573 - GT23.BorderPanel - DEBUG - Processing ratio change (is_offset=False)
2026-05-07 22:49:22,573 - GT23.BorderPanel - DEBUG - _handle_ratio_locked_sync: ratio=原图, is_offset=False
2026-05-07 22:49:22,573 - GT23.BorderPanel - DEBUG - Input margins: l=270, r=270, t=270, b=810
2026-05-07 22:49:22,573 - GT23.BorderPanel - DEBUG - Final margins: left=270, right=270, top=270, bottom=270
2026-05-07 22:49:22,573 - GT23.BorderPanel - DEBUG - After ratio: left=270, right=270, top=270, bottom=270
2026-05-07 22:52:30,359 - GT23.BorderPanel - DEBUG - === _on_ratio_changed_aesthetic called ===
2026-05-07 22:52:30,359 - GT23.BorderPanel - DEBUG - Before: left=180, right=180, top=180, bottom=585
2026-05-07 22:52:30,359 - GT23.BorderPanel - DEBUG - v_offset=0, h_offset=0
2026-05-07 22:52:30,360 - GT23.BorderPanel - DEBUG - Ratio is 'Original' or non-preset. Restoring default margins for this image's format.
2026-05-07 22:52:30,360 - GT23.BorderPanel - DEBUG - After reset/preset: left=180, right=180, top=180, bottom=585
2026-05-07 22:52:30,360 - GT23.BorderPanel - DEBUG - _ratio_just_changed = True
2026-05-07 22:52:30,494 - GT23.BorderPanel - DEBUG - No specific layout detected. Using system defaults (180, 585).
2026-05-07 22:52:30,510 - GT23.BorderPanel - DEBUG - on_params_changed: is_offset=False, is_ratio_change=True
2026-05-07 22:52:30,510 - GT23.BorderPanel - DEBUG - v_offset: 0 -> 0, h_offset: 0 -> 0
2026-05-07 22:52:30,510 - GT23.BorderPanel - DEBUG - Processing ratio change (is_offset=False)
2026-05-07 22:52:30,510 - GT23.BorderPanel - DEBUG - _handle_ratio_locked_sync: ratio=原图, is_offset=False
2026-05-07 22:52:30,510 - GT23.BorderPanel - DEBUG - Input margins: l=180, r=180, t=180, b=585
2026-05-07 22:52:30,510 - GT23.BorderPanel - DEBUG - Final margins: left=180, right=180, top=180, bottom=585
2026-05-07 22:52:30,510 - GT23.BorderPanel - DEBUG - After ratio: left=180, right=180, top=180, bottom=585
2026-05-07 22:52:30,746 - GT23.BorderPanel - DEBUG - on_params_changed: is_offset=False, is_ratio_change=False
2026-05-07 22:52:30,746 - GT23.BorderPanel - DEBUG - v_offset: 0 -> 0, h_offset: 0 -> 0
2026-05-07 22:52:30,747 - GT23.BorderPanel - DEBUG - No specific layout detected. Using system defaults (180, 585).
2026-05-07 22:52:30,774 - GT23.BorderPanel - DEBUG - on_params_changed: is_offset=False, is_ratio_change=False
2026-05-07 22:52:30,774 - GT23.BorderPanel - DEBUG - v_offset: 0 -> 0, h_offset: 0 -> 0
2026-05-07 22:52:30,775 - GT23.BorderPanel - DEBUG - === _on_ratio_changed_aesthetic called ===
2026-05-07 22:52:30,775 - GT23.BorderPanel - DEBUG - Before: left=180, right=180, top=180, bottom=585
2026-05-07 22:52:30,775 - GT23.BorderPanel - DEBUG - v_offset=0, h_offset=0
2026-05-07 22:52:30,775 - GT23.BorderPanel - DEBUG - Ratio is 'Original' or non-preset. Restoring default margins for this image's format.
2026-05-07 22:52:30,776 - GT23.BorderPanel - DEBUG - Restored default margins for format: 6x6
2026-05-07 22:52:30,776 - GT23.BorderPanel - DEBUG - After reset/preset: left=270, right=270, top=270, bottom=810
2026-05-07 22:52:30,776 - GT23.BorderPanel - DEBUG - _ratio_just_changed = True
2026-05-07 22:52:30,776 - GT23.BorderPanel - DEBUG - on_params_changed: is_offset=False, is_ratio_change=True
2026-05-07 22:52:30,776 - GT23.BorderPanel - DEBUG - v_offset: 0 -> 0, h_offset: 0 -> 0
2026-05-07 22:52:30,776 - GT23.BorderPanel - DEBUG - Processing ratio change (is_offset=False)
2026-05-07 22:52:30,776 - GT23.BorderPanel - DEBUG - _handle_ratio_locked_sync: ratio=原图, is_offset=False
2026-05-07 22:52:30,776 - GT23.BorderPanel - DEBUG - Input margins: l=270, r=270, t=270, b=810
2026-05-07 22:52:30,776 - GT23.BorderPanel - DEBUG - Final margins: left=270, right=270, top=270, bottom=270
2026-05-07 22:52:30,776 - GT23.BorderPanel - DEBUG - After ratio: left=270, right=270, top=270, bottom=270
2026-05-07 22:56:05,195 - GT23.BorderPanel - DEBUG - === _on_ratio_changed_aesthetic called ===
2026-05-07 22:56:05,195 - GT23.BorderPanel - DEBUG - Before: left=180, right=180, top=180, bottom=585
2026-05-07 22:56:05,195 - GT23.BorderPanel - DEBUG - v_offset=0, h_offset=0
2026-05-07 22:56:05,195 - GT23.BorderPanel - DEBUG - Ratio is 'Original' or non-preset. Restoring default margins for this image's format.
2026-05-07 22:56:05,195 - GT23.BorderPanel - DEBUG - After reset/preset: left=180, right=180, top=180, bottom=585
2026-05-07 22:56:05,328 - GT23.BorderPanel - DEBUG - No specific layout detected. Using system defaults (180, 585).
2026-05-07 22:56:05,344 - GT23.BorderPanel - DEBUG - on_params_changed: is_offset=False, is_ratio_change=True
2026-05-07 22:56:05,344 - GT23.BorderPanel - DEBUG - v_offset: 0 -> 0, h_offset: 0 -> 0
2026-05-07 22:56:05,344 - GT23.BorderPanel - DEBUG - Processing ratio change (is_offset=False)
2026-05-07 22:56:05,344 - GT23.BorderPanel - DEBUG - _handle_ratio_locked_sync: ratio=原图, is_offset=False
2026-05-07 22:56:05,344 - GT23.BorderPanel - DEBUG - Input margins: l=180, r=180, t=180, b=585
2026-05-07 22:56:05,344 - GT23.BorderPanel - DEBUG - Final margins: left=180, right=180, top=180, bottom=585
2026-05-07 22:56:05,344 - GT23.BorderPanel - DEBUG - After ratio: left=180, right=180, top=180, bottom=585
2026-05-07 22:56:05,541 - GT23.BorderPanel - DEBUG - on_params_changed: is_offset=False, is_ratio_change=False
2026-05-07 22:56:05,542 - GT23.BorderPanel - DEBUG - v_offset: 0 -> 0, h_offset: 0 -> 0
2026-05-07 22:56:05,542 - GT23.BorderPanel - DEBUG - No specific layout detected. Using system defaults (180, 585).
2026-05-07 22:56:05,569 - GT23.BorderPanel - DEBUG - on_params_changed: is_offset=False, is_ratio_change=False
2026-05-07 22:56:05,570 - GT23.BorderPanel - DEBUG - v_offset: 0 -> 0, h_offset: 0 -> 0
2026-05-07 22:56:05,570 - GT23.BorderPanel - DEBUG - === _on_ratio_changed_aesthetic called ===
2026-05-07 22:56:05,570 - GT23.BorderPanel - DEBUG - Before: left=180, right=180, top=180, bottom=585
2026-05-07 22:56:05,570 - GT23.BorderPanel - DEBUG - v_offset=0, h_offset=0
2026-05-07 22:56:05,570 - GT23.BorderPanel - DEBUG - Ratio is 'Original' or non-preset. Restoring default margins for this image's format.
2026-05-07 22:56:05,572 - GT23.BorderPanel - DEBUG - Restored default margins for format: 6x6
2026-05-07 22:56:05,572 - GT23.BorderPanel - DEBUG - After reset/preset: left=270, right=270, top=270, bottom=810
2026-05-07 22:56:05,572 - GT23.BorderPanel - DEBUG - on_params_changed: is_offset=False, is_ratio_change=True
2026-05-07 22:56:05,572 - GT23.BorderPanel - DEBUG - v_offset: 0 -> 0, h_offset: 0 -> 0
2026-05-07 22:56:05,572 - GT23.BorderPanel - DEBUG - Processing ratio change (is_offset=False)
2026-05-07 22:56:05,572 - GT23.BorderPanel - DEBUG - _handle_ratio_locked_sync: ratio=原图, is_offset=False
2026-05-07 22:56:05,572 - GT23.BorderPanel - DEBUG - Input margins: l=270, r=270, t=270, b=810
2026-05-07 22:56:05,572 - GT23.BorderPanel - DEBUG - Final margins: left=270, right=270, top=270, bottom=270
2026-05-07 22:56:05,572 - GT23.BorderPanel - DEBUG - After ratio: left=270, right=270, top=270, bottom=270
2026-05-07 23:00:03,785 - GT23.BorderPanel - DEBUG - === _on_ratio_changed_aesthetic called ===
2026-05-07 23:00:03,785 - GT23.BorderPanel - DEBUG - Before: left=180, right=180, top=180, bottom=585
2026-05-07 23:00:03,785 - GT23.BorderPanel - DEBUG - v_offset=0, h_offset=0
2026-05-07 23:00:03,785 - GT23.BorderPanel - DEBUG - Ratio is 'Original' or non-preset. Restoring default margins for this image's format.
2026-05-07 23:00:03,786 - GT23.BorderPanel - DEBUG - After reset/preset: left=180, right=180, top=180, bottom=585
2026-05-07 23:00:03,931 - GT23.BorderPanel - DEBUG - No specific layout detected. Using system defaults (180, 585).
2026-05-07 23:00:03,949 - GT23.BorderPanel - DEBUG - on_params_changed: is_offset=False, is_ratio_change=True
2026-05-07 23:00:03,949 - GT23.BorderPanel - DEBUG - v_offset: 0 -> 0, h_offset: 0 -> 0
2026-05-07 23:00:03,949 - GT23.BorderPanel - DEBUG - Processing ratio change (is_offset=False)
2026-05-07 23:00:03,949 - GT23.BorderPanel - DEBUG - _handle_ratio_locked_sync: ratio=原图, is_offset=False
2026-05-07 23:00:03,949 - GT23.BorderPanel - DEBUG - Input margins: l=180, r=180, t=180, b=585
2026-05-07 23:00:03,949 - GT23.BorderPanel - DEBUG - Final margins: left=180, right=180, top=180, bottom=585
2026-05-07 23:00:03,949 - GT23.BorderPanel - DEBUG - After ratio: left=180, right=180, top=180, bottom=585
2026-05-07 23:00:04,183 - GT23.BorderPanel - DEBUG - on_params_changed: is_offset=False, is_ratio_change=False
2026-05-07 23:00:04,183 - GT23.BorderPanel - DEBUG - v_offset: 0 -> 0, h_offset: 0 -> 0
2026-05-07 23:00:04,183 - GT23.BorderPanel - DEBUG - No specific layout detected. Using system defaults (180, 585).
2026-05-07 23:00:04,212 - GT23.BorderPanel - DEBUG - on_params_changed: is_offset=False, is_ratio_change=False
2026-05-07 23:00:04,212 - GT23.BorderPanel - DEBUG - v_offset: 0 -> 0, h_offset: 0 -> 0
2026-05-07 23:00:04,213 - GT23.BorderPanel - DEBUG - === _on_ratio_changed_aesthetic called ===
2026-05-07 23:00:04,213 - GT23.BorderPanel - DEBUG - Before: left=180, right=180, top=180, bottom=585
2026-05-07 23:00:04,213 - GT23.BorderPanel - DEBUG - v_offset=0, h_offset=0
2026-05-07 23:00:04,213 - GT23.BorderPanel - DEBUG - Ratio is 'Original' or non-preset. Restoring default margins for this image's format.
2026-05-07 23:00:04,214 - GT23.BorderPanel - DEBUG - Restored default margins for format: 6x6
2026-05-07 23:00:04,214 - GT23.BorderPanel - DEBUG - After reset/preset: left=270, right=270, top=270, bottom=810
2026-05-07 23:00:04,214 - GT23.BorderPanel - DEBUG - on_params_changed: is_offset=False, is_ratio_change=True
2026-05-07 23:00:04,214 - GT23.BorderPanel - DEBUG - v_offset: 0 -> 0, h_offset: 0 -> 0
2026-05-07 23:00:04,214 - GT23.BorderPanel - DEBUG - Processing ratio change (is_offset=False)
2026-05-07 23:00:04,214 - GT23.BorderPanel - DEBUG - _handle_ratio_locked_sync: ratio=原图, is_offset=False
2026-05-07 23:00:04,214 - GT23.BorderPanel - DEBUG - Input margins: l=270, r=270, t=270, b=810
2026-05-07 23:00:04,214 - GT23.BorderPanel - DEBUG - Final margins: left=270, right=270, top=270, bottom=810
2026-05-07 23:00:04,214 - GT23.BorderPanel - DEBUG - After ratio: left=270, right=270, top=270, bottom=810
2026-05-07 23:00:17,677 - GT23.BorderPanel - DEBUG - === _on_ratio_changed_aesthetic called ===
2026-05-07 23:00:17,678 - GT23.BorderPanel - DEBUG - Before: left=270, right=270, top=270, bottom=810
2026-05-07 23:00:17,678 - GT23.BorderPanel - DEBUG - v_offset=0, h_offset=0
2026-05-07 23:00:17,678 - GT23.BorderPanel - DEBUG - After reset/preset: left=500, right=500, top=500, bottom=1200
2026-05-07 23:00:17,678 - GT23.BorderPanel - DEBUG - on_params_changed: is_offset=False, is_ratio_change=True
2026-05-07 23:00:17,678 - GT23.BorderPanel - DEBUG - v_offset: 0 -> 0, h_offset: 0 -> 0
2026-05-07 23:00:17,678 - GT23.BorderPanel - DEBUG - Processing ratio change (is_offset=False)
2026-05-07 23:00:17,678 - GT23.BorderPanel - DEBUG - _handle_ratio_locked_sync: ratio=1:1, is_offset=False
2026-05-07 23:00:17,678 - GT23.BorderPanel - DEBUG - Input margins: l=500, r=500, t=500, b=1200
2026-05-07 23:00:17,678 - GT23.BorderPanel - DEBUG - Final margins (Proportional): left=850, right=850.0, top=500, bottom=1200
2026-05-07 23:00:17,678 - GT23.BorderPanel - DEBUG - After ratio: left=850, right=850, top=500, bottom=1200
2026-05-07 23:00:17,680 - GT23.BorderPanel - DEBUG - on_params_changed: is_offset=False, is_ratio_change=False
2026-05-07 23:00:17,680 - GT23.BorderPanel - DEBUG - v_offset: 0 -> 0, h_offset: 0 -> 0
2026-05-07 23:00:19,855 - GT23.BorderPanel - DEBUG - === _on_ratio_changed_aesthetic called ===
2026-05-07 23:00:19,855 - GT23.BorderPanel - DEBUG - Before: left=850, right=850, top=500, bottom=1200
2026-05-07 23:00:19,856 - GT23.BorderPanel - DEBUG - v_offset=0, h_offset=0
2026-05-07 23:00:19,856 - GT23.BorderPanel - DEBUG - Ratio is 'Original' or non-preset. Restoring default margins for this image's format.
2026-05-07 23:00:19,857 - GT23.BorderPanel - DEBUG - Restored default margins for format: 6x6
2026-05-07 23:00:19,858 - GT23.BorderPanel - DEBUG - After reset/preset: left=270, right=270, top=270, bottom=810
2026-05-07 23:00:19,858 - GT23.BorderPanel - DEBUG - on_params_changed: is_offset=False, is_ratio_change=True
2026-05-07 23:00:19,858 - GT23.BorderPanel - DEBUG - v_offset: 0 -> 0, h_offset: 0 -> 0
2026-05-07 23:00:19,858 - GT23.BorderPanel - DEBUG - Processing ratio change (is_offset=False)
2026-05-07 23:00:19,858 - GT23.BorderPanel - DEBUG - _handle_ratio_locked_sync: ratio=原图, is_offset=False
2026-05-07 23:00:19,858 - GT23.BorderPanel - DEBUG - Input margins: l=270, r=270, t=270, b=810
2026-05-07 23:00:19,858 - GT23.BorderPanel - DEBUG - Final margins: left=270, right=270, top=270, bottom=810
2026-05-07 23:00:19,858 - GT23.BorderPanel - DEBUG - After ratio: left=270, right=270, top=270, bottom=810
2026-05-07 23:00:19,860 - GT23.BorderPanel - DEBUG - on_params_changed: is_offset=False, is_ratio_change=False
2026-05-07 23:00:19,860 - GT23.BorderPanel - DEBUG - v_offset: 0 -> 0, h_offset: 0 -> 0
2026-05-07 23:00:21,959 - GT23.BorderPanel - DEBUG - === _on_ratio_changed_aesthetic called ===
2026-05-07 23:00:21,960 - GT23.BorderPanel - DEBUG - Before: left=270, right=270, top=270, bottom=810
2026-05-07 23:00:21,960 - GT23.BorderPanel - DEBUG - v_offset=0, h_offset=0
2026-05-07 23:00:21,960 - GT23.BorderPanel - DEBUG - After reset/preset: left=300, right=300, top=600, bottom=2000
2026-05-07 23:00:21,960 - GT23.BorderPanel - DEBUG - on_params_changed: is_offset=False, is_ratio_change=True
2026-05-07 23:00:21,960 - GT23.BorderPanel - DEBUG - v_offset: 0 -> 0, h_offset: 0 -> 0
2026-05-07 23:00:21,960 - GT23.BorderPanel - DEBUG - Processing ratio change (is_offset=False)
2026-05-07 23:00:21,960 - GT23.BorderPanel - DEBUG - _handle_ratio_locked_sync: ratio=9:16, is_offset=False
2026-05-07 23:00:21,960 - GT23.BorderPanel - DEBUG - Input margins: l=300, r=300, t=600, b=2000
2026-05-07 23:00:21,960 - GT23.BorderPanel - DEBUG - Final margins (Proportional): left=300, right=300, top=964, bottom=3213.7777777777774
2026-05-07 23:00:21,960 - GT23.BorderPanel - DEBUG - After ratio: left=300, right=300, top=964, bottom=3213
2026-05-07 23:00:21,962 - GT23.BorderPanel - DEBUG - on_params_changed: is_offset=False, is_ratio_change=False
2026-05-07 23:00:21,962 - GT23.BorderPanel - DEBUG - v_offset: 0 -> 0, h_offset: 0 -> 0
2026-05-07 23:00:24,049 - GT23.BorderPanel - DEBUG - === _on_ratio_changed_aesthetic called ===
2026-05-07 23:00:24,049 - GT23.BorderPanel - DEBUG - Before: left=300, right=300, top=964, bottom=3213
2026-05-07 23:00:24,049 - GT23.BorderPanel - DEBUG - v_offset=0, h_offset=0
2026-05-07 23:00:24,050 - GT23.BorderPanel - DEBUG - Ratio is 'Original' or non-preset. Restoring default margins for this image's format.
2026-05-07 23:00:24,051 - GT23.BorderPanel - DEBUG - Restored default margins for format: 6x6
2026-05-07 23:00:24,052 - GT23.BorderPanel - DEBUG - After reset/preset: left=270, right=270, top=270, bottom=810
2026-05-07 23:00:24,052 - GT23.BorderPanel - DEBUG - on_params_changed: is_offset=False, is_ratio_change=True
2026-05-07 23:00:24,052 - GT23.BorderPanel - DEBUG - v_offset: 0 -> 0, h_offset: 0 -> 0
2026-05-07 23:00:24,052 - GT23.BorderPanel - DEBUG - Processing ratio change (is_offset=False)
2026-05-07 23:00:24,052 - GT23.BorderPanel - DEBUG - _handle_ratio_locked_sync: ratio=原图, is_offset=False
2026-05-07 23:00:24,052 - GT23.BorderPanel - DEBUG - Input margins: l=270, r=270, t=270, b=810
2026-05-07 23:00:24,052 - GT23.BorderPanel - DEBUG - Final margins: left=270, right=270, top=270, bottom=810
2026-05-07 23:00:24,052 - GT23.BorderPanel - DEBUG - After ratio: left=270, right=270, top=270, bottom=810
2026-05-07 23:00:24,055 - GT23.BorderPanel - DEBUG - on_params_changed: is_offset=False, is_ratio_change=False
2026-05-07 23:00:24,055 - GT23.BorderPanel - DEBUG - v_offset: 0 -> 0, h_offset: 0 -> 0
2026-05-07 23:08:36,283 - GT23.BorderPanel - DEBUG - === _on_ratio_changed_aesthetic called ===
2026-05-07 23:08:36,283 - GT23.BorderPanel - DEBUG - Before: left=180, right=180, top=180, bottom=585
2026-05-07 23:08:36,283 - GT23.BorderPanel - DEBUG - v_offset=0, h_offset=0
2026-05-07 23:08:36,283 - GT23.BorderPanel - DEBUG - Ratio is 'Original' or non-preset. Restoring default margins for this image's format.
2026-05-07 23:08:36,283 - GT23.BorderPanel - DEBUG - After reset/preset: left=180, right=180, top=180, bottom=585
2026-05-07 23:08:36,422 - GT23.BorderPanel - DEBUG - No specific layout detected. Using system defaults (180, 585).
2026-05-07 23:08:36,437 - GT23.BorderPanel - DEBUG - on_params_changed: is_offset=False, is_ratio_change=True
2026-05-07 23:08:36,437 - GT23.BorderPanel - DEBUG - v_offset: 0 -> 0, h_offset: 0 -> 0
2026-05-07 23:08:36,437 - GT23.BorderPanel - DEBUG - Processing ratio change (is_offset=False)
2026-05-07 23:08:36,437 - GT23.BorderPanel - DEBUG - _handle_ratio_locked_sync: ratio=原图, is_offset=False
2026-05-07 23:08:36,437 - GT23.BorderPanel - DEBUG - Input margins: l=180, r=180, t=180, b=585
2026-05-07 23:08:36,437 - GT23.BorderPanel - DEBUG - After ratio: left=180, right=180, top=180, bottom=585
2026-05-07 23:08:36,654 - GT23.BorderPanel - DEBUG - on_params_changed: is_offset=False, is_ratio_change=False
2026-05-07 23:08:36,654 - GT23.BorderPanel - DEBUG - v_offset: 0 -> 0, h_offset: 0 -> 0
2026-05-07 23:08:36,654 - GT23.BorderPanel - DEBUG - No specific layout detected. Using system defaults (180, 585).
2026-05-07 23:08:36,683 - GT23.BorderPanel - DEBUG - on_params_changed: is_offset=False, is_ratio_change=False
2026-05-07 23:08:36,683 - GT23.BorderPanel - DEBUG - v_offset: 0 -> 0, h_offset: 0 -> 0
2026-05-07 23:08:36,684 - GT23.BorderPanel - DEBUG - === _on_ratio_changed_aesthetic called ===
2026-05-07 23:08:36,684 - GT23.BorderPanel - DEBUG - Before: left=180, right=180, top=180, bottom=585
2026-05-07 23:08:36,684 - GT23.BorderPanel - DEBUG - v_offset=0, h_offset=0
2026-05-07 23:08:36,684 - GT23.BorderPanel - DEBUG - Ratio is 'Original' or non-preset. Restoring default margins for this image's format.
2026-05-07 23:08:36,685 - GT23.BorderPanel - DEBUG - Restored default margins for format: 6x6
2026-05-07 23:08:36,685 - GT23.BorderPanel - DEBUG - After reset/preset: left=270, right=270, top=270, bottom=810
2026-05-07 23:08:36,685 - GT23.BorderPanel - DEBUG - on_params_changed: is_offset=False, is_ratio_change=True
2026-05-07 23:08:36,685 - GT23.BorderPanel - DEBUG - v_offset: 0 -> 0, h_offset: 0 -> 0
2026-05-07 23:08:36,685 - GT23.BorderPanel - DEBUG - Processing ratio change (is_offset=False)
2026-05-07 23:08:36,685 - GT23.BorderPanel - DEBUG - _handle_ratio_locked_sync: ratio=原图, is_offset=False
2026-05-07 23:08:36,685 - GT23.BorderPanel - DEBUG - Input margins: l=270, r=270, t=270, b=810
2026-05-07 23:08:36,685 - GT23.BorderPanel - DEBUG - After ratio: left=270, right=270, top=270, bottom=810
2026-05-07 23:08:40,942 - GT23.BorderPanel - DEBUG - on_params_changed: is_offset=False, is_ratio_change=False
2026-05-07 23:08:40,942 - GT23.BorderPanel - DEBUG - v_offset: 0 -> 0, h_offset: 0 -> 0
2026-05-07 23:08:46,073 - GT23.BorderPanel - DEBUG - === _on_ratio_changed_aesthetic called ===
2026-05-07 23:08:46,073 - GT23.BorderPanel - DEBUG - Before: left=270, right=270, top=270, bottom=810
2026-05-07 23:08:46,073 - GT23.BorderPanel - DEBUG - v_offset=0, h_offset=0
2026-05-07 23:08:46,073 - GT23.BorderPanel - DEBUG - After reset/preset: left=350, right=350, top=350, bottom=1100
2026-05-07 23:08:46,073 - GT23.BorderPanel - DEBUG - on_params_changed: is_offset=False, is_ratio_change=True
2026-05-07 23:08:46,073 - GT23.BorderPanel - DEBUG - v_offset: 0 -> 0, h_offset: 0 -> 0
2026-05-07 23:08:46,073 - GT23.BorderPanel - DEBUG - Processing ratio change (is_offset=False)
2026-05-07 23:08:46,073 - GT23.BorderPanel - DEBUG - _handle_ratio_locked_sync: ratio=5:7, is_offset=False
2026-05-07 23:08:46,073 - GT23.BorderPanel - DEBUG - Input margins: l=350, r=350, t=350, b=1100
2026-05-07 23:08:46,074 - GT23.BorderPanel - DEBUG - Final margins (Proportional): left=660, right=660.9645988957454, top=350, bottom=1100
2026-05-07 23:08:46,075 - GT23.BorderPanel - DEBUG - After ratio: left=660, right=660, top=350, bottom=1100
2026-05-07 23:08:46,076 - GT23.BorderPanel - DEBUG - on_params_changed: is_offset=False, is_ratio_change=False
2026-05-07 23:08:46,076 - GT23.BorderPanel - DEBUG - v_offset: 0 -> 0, h_offset: 0 -> 0
2026-05-07 23:08:48,484 - GT23.BorderPanel - DEBUG - on_params_changed: is_offset=False, is_ratio_change=False
2026-05-07 23:08:48,485 - GT23.BorderPanel - DEBUG - v_offset: 0 -> 0, h_offset: 0 -> 0
2026-05-07 23:08:55,852 - GT23.BorderPanel - DEBUG - on_params_changed: is_offset=False, is_ratio_change=False
2026-05-07 23:08:55,853 - GT23.BorderPanel - DEBUG - v_offset: 0 -> 0, h_offset: 0 -> 0
2026-05-07 23:08:58,624 - GT23.BorderPanel - DEBUG - on_params_changed: is_offset=False, is_ratio_change=False
2026-05-07 23:08:58,624 - GT23.BorderPanel - DEBUG - v_offset: 0 -> 0, h_offset: 0 -> 0
2026-05-09 20:10:14,140 - GT23.BorderPanel - DEBUG - === _on_ratio_changed_aesthetic called ===
2026-05-09 20:10:14,140 - GT23.BorderPanel - DEBUG - Before: left=180, right=180, top=180, bottom=585
2026-05-09 20:10:14,141 - GT23.BorderPanel - DEBUG - v_offset=0, h_offset=0
2026-05-09 20:10:14,141 - GT23.BorderPanel - DEBUG - Ratio is 'Original' or non-preset. Restoring default margins for this image's format.
2026-05-09 20:10:14,141 - GT23.BorderPanel - DEBUG - After reset/preset: left=180, right=180, top=180, bottom=585
2026-05-09 20:10:14,293 - GT23.BorderPanel - DEBUG - No specific layout detected. Using system defaults (180, 585).
2026-05-09 20:10:14,313 - GT23.BorderPanel - DEBUG - on_params_changed: is_offset=False, is_ratio_change=True
2026-05-09 20:10:14,314 - GT23.BorderPanel - DEBUG - v_offset: 0 -> 0, h_offset: 0 -> 0
2026-05-09 20:10:14,314 - GT23.BorderPanel - DEBUG - Processing ratio change (is_offset=False)
2026-05-09 20:10:14,314 - GT23.BorderPanel - DEBUG - _handle_ratio_locked_sync: ratio=原图, is_offset=False
2026-05-09 20:10:14,314 - GT23.BorderPanel - DEBUG - Input margins: l=180, r=180, t=180, b=585
2026-05-09 20:10:14,314 - GT23.BorderPanel - DEBUG - After ratio: left=180, right=180, top=180, bottom=585
2026-05-09 20:10:14,600 - GT23.BorderPanel - DEBUG - on_params_changed: is_offset=False, is_ratio_change=False
2026-05-09 20:10:14,600 - GT23.BorderPanel - DEBUG - v_offset: 0 -> 0, h_offset: 0 -> 0
2026-05-09 20:10:14,600 - GT23.BorderPanel - DEBUG - No specific layout detected. Using system defaults (180, 585).
2026-05-09 20:10:14,627 - GT23.BorderPanel - DEBUG - on_params_changed: is_offset=False, is_ratio_change=False
2026-05-09 20:10:14,627 - GT23.BorderPanel - DEBUG - v_offset: 0 -> 0, h_offset: 0 -> 0
2026-05-09 20:10:14,627 - GT23.BorderPanel - DEBUG - === _on_ratio_changed_aesthetic called ===
2026-05-09 20:10:14,627 - GT23.BorderPanel - DEBUG - Before: left=180, right=180, top=180, bottom=585
2026-05-09 20:10:14,627 - GT23.BorderPanel - DEBUG - v_offset=0, h_offset=0
2026-05-09 20:10:14,627 - GT23.BorderPanel - DEBUG - Ratio is 'Original' or non-preset. Restoring default margins for this image's format.
2026-05-09 20:10:14,628 - GT23.BorderPanel - DEBUG - Restored default margins for format: 6x6
2026-05-09 20:10:14,628 - GT23.BorderPanel - DEBUG - After reset/preset: left=270, right=270, top=270, bottom=810
2026-05-09 20:10:14,628 - GT23.BorderPanel - DEBUG - on_params_changed: is_offset=False, is_ratio_change=True
2026-05-09 20:10:14,628 - GT23.BorderPanel - DEBUG - v_offset: 0 -> 0, h_offset: 0 -> 0
2026-05-09 20:10:14,628 - GT23.BorderPanel - DEBUG - Processing ratio change (is_offset=False)
2026-05-09 20:10:14,628 - GT23.BorderPanel - DEBUG - _handle_ratio_locked_sync: ratio=原图, is_offset=False
2026-05-09 20:10:14,628 - GT23.BorderPanel - DEBUG - Input margins: l=270, r=270, t=270, b=810
2026-05-09 20:10:14,628 - GT23.BorderPanel - DEBUG - After ratio: left=270, right=270, top=270, bottom=810
2026-05-09 20:10:19,038 - GT23.BorderPanel - DEBUG - === _on_ratio_changed_aesthetic called ===
2026-05-09 20:10:19,038 - GT23.BorderPanel - DEBUG - Before: left=270, right=270, top=270, bottom=810
2026-05-09 20:10:19,038 - GT23.BorderPanel - DEBUG - v_offset=0, h_offset=0
2026-05-09 20:10:19,038 - GT23.BorderPanel - DEBUG - After reset/preset: left=300, right=300, top=500, bottom=950
2026-05-09 20:10:19,038 - GT23.BorderPanel - DEBUG - on_params_changed: is_offset=False, is_ratio_change=True
2026-05-09 20:10:19,038 - GT23.BorderPanel - DEBUG - v_offset: 0 -> 0, h_offset: 0 -> 0
2026-05-09 20:10:19,038 - GT23.BorderPanel - DEBUG - Processing ratio change (is_offset=False)
2026-05-09 20:10:19,038 - GT23.BorderPanel - DEBUG - _handle_ratio_locked_sync: ratio=16:9, is_offset=False
2026-05-09 20:10:19,038 - GT23.BorderPanel - DEBUG - Input margins: l=300, r=300, t=500, b=950
2026-05-09 20:10:19,039 - GT23.BorderPanel - DEBUG - Final margins (Proportional): left=2844, right=2844.8888888888887, top=500, bottom=950
2026-05-09 20:10:19,039 - GT23.BorderPanel - DEBUG - After ratio: left=2844, right=2844, top=500, bottom=950
2026-05-09 20:10:19,040 - GT23.BorderPanel - DEBUG - on_params_changed: is_offset=False, is_ratio_change=False
2026-05-09 20:10:19,040 - GT23.BorderPanel - DEBUG - v_offset: 0 -> 0, h_offset: 0 -> 0
2026-05-09 20:10:21,144 - GT23.BorderPanel - DEBUG - on_params_changed: is_offset=True, is_ratio_change=False
2026-05-09 20:10:21,144 - GT23.BorderPanel - DEBUG - v_offset: 0 -> 0, h_offset: 0 -> -3
2026-05-09 20:10:21,145 - GT23.BorderPanel - DEBUG - Processing offset change (is_offset=True)
2026-05-09 20:10:21,145 - GT23.BorderPanel - DEBUG - _handle_ratio_locked_sync: ratio=16:9, is_offset=True
2026-05-09 20:10:21,145 - GT23.BorderPanel - DEBUG - Input margins: l=2844, r=2844, t=500, b=950
2026-05-09 20:10:21,146 - GT23.BorderPanel - DEBUG - Final margins (Offset-based): left=2930, right=2930, top=273, bottom=1177
2026-05-09 20:10:21,146 - GT23.BorderPanel - DEBUG - After offset: left=2930, right=2930, top=273, bottom=1177
2026-05-09 20:10:21,146 - GT23.BorderPanel - DEBUG - sync_lr disabled due to horizontal offset
2026-05-09 20:10:21,158 - GT23.BorderPanel - DEBUG - on_params_changed: is_offset=True, is_ratio_change=False
2026-05-09 20:10:21,158 - GT23.BorderPanel - DEBUG - v_offset: 0 -> 0, h_offset: -3 -> -2
2026-05-09 20:10:21,158 - GT23.BorderPanel - DEBUG - Processing offset change (is_offset=True)
2026-05-09 20:10:21,158 - GT23.BorderPanel - DEBUG - _handle_ratio_locked_sync: ratio=16:9, is_offset=True
2026-05-09 20:10:21,158 - GT23.BorderPanel - DEBUG - Input margins: l=2930, r=2930, t=273, b=1177
2026-05-09 20:10:21,158 - GT23.BorderPanel - DEBUG - Final margins (Offset-based): left=2871, right=2989, top=301, bottom=1245
2026-05-09 20:10:21,158 - GT23.BorderPanel - DEBUG - After offset: left=2871, right=2989, top=301, bottom=1245
2026-05-09 20:10:21,174 - GT23.BorderPanel - DEBUG - on_params_changed: is_offset=True, is_ratio_change=False
2026-05-09 20:10:21,174 - GT23.BorderPanel - DEBUG - v_offset: 0 -> 0, h_offset: -2 -> -1
2026-05-09 20:10:21,174 - GT23.BorderPanel - DEBUG - Processing offset change (is_offset=True)
2026-05-09 20:10:21,174 - GT23.BorderPanel - DEBUG - _handle_ratio_locked_sync: ratio=16:9, is_offset=True
2026-05-09 20:10:21,174 - GT23.BorderPanel - DEBUG - Input margins: l=2871, r=2989, t=301, b=1245
2026-05-09 20:10:21,174 - GT23.BorderPanel - DEBUG - Final margins (Offset-based): left=2900, right=2960, top=301, bottom=1245
2026-05-09 20:10:21,174 - GT23.BorderPanel - DEBUG - After offset: left=2900, right=2960, top=301, bottom=1245
2026-05-09 20:10:21,182 - GT23.BorderPanel - DEBUG - on_params_changed: is_offset=True, is_ratio_change=False
2026-05-09 20:10:21,182 - GT23.BorderPanel - DEBUG - v_offset: 0 -> 0, h_offset: -1 -> 0
2026-05-09 20:10:21,182 - GT23.BorderPanel - DEBUG - Processing offset change (is_offset=True)
2026-05-09 20:10:21,182 - GT23.BorderPanel - DEBUG - _handle_ratio_locked_sync: ratio=16:9, is_offset=True
2026-05-09 20:10:21,182 - GT23.BorderPanel - DEBUG - Input margins: l=2900, r=2960, t=301, b=1245
2026-05-09 20:10:21,182 - GT23.BorderPanel - DEBUG - Final margins (Offset-based): left=2930, right=2930, top=301, bottom=1245
2026-05-09 20:10:21,182 - GT23.BorderPanel - DEBUG - After offset: left=2930, right=2930, top=301, bottom=1245
2026-05-09 20:10:21,189 - GT23.BorderPanel - DEBUG - on_params_changed: is_offset=True, is_ratio_change=False
2026-05-09 20:10:21,190 - GT23.BorderPanel - DEBUG - v_offset: 0 -> 0, h_offset: 0 -> 2
2026-05-09 20:10:21,190 - GT23.BorderPanel - DEBUG - Processing offset change (is_offset=True)
2026-05-09 20:10:21,190 - GT23.BorderPanel - DEBUG - _handle_ratio_locked_sync: ratio=16:9, is_offset=True
2026-05-09 20:10:21,190 - GT23.BorderPanel - DEBUG - Input margins: l=2930, r=2930, t=301, b=1245
2026-05-09 20:10:21,190 - GT23.BorderPanel - DEBUG - Final margins (Offset-based): left=2988, right=2872, top=301, bottom=1245
2026-05-09 20:10:21,190 - GT23.BorderPanel - DEBUG - After offset: left=2988, right=2872, top=301, bottom=1245
2026-05-09 20:10:21,198 - GT23.BorderPanel - DEBUG - on_params_changed: is_offset=True, is_ratio_change=False
2026-05-09 20:10:21,198 - GT23.BorderPanel - DEBUG - v_offset: 0 -> 0, h_offset: 2 -> 7
2026-05-09 20:10:21,198 - GT23.BorderPanel - DEBUG - Processing offset change (is_offset=True)
2026-05-09 20:10:21,198 - GT23.BorderPanel - DEBUG - _handle_ratio_locked_sync: ratio=16:9, is_offset=True
2026-05-09 20:10:21,198 - GT23.BorderPanel - DEBUG - Input margins: l=2988, r=2872, t=301, b=1245
2026-05-09 20:10:21,198 - GT23.BorderPanel - DEBUG - Final margins (Offset-based): left=3135, right=2725, top=301, bottom=1245
2026-05-09 20:10:21,198 - GT23.BorderPanel - DEBUG - After offset: left=3135, right=2725, top=301, bottom=1245
2026-05-09 20:10:21,206 - GT23.BorderPanel - DEBUG - on_params_changed: is_offset=True, is_ratio_change=False
2026-05-09 20:10:21,206 - GT23.BorderPanel - DEBUG - v_offset: 0 -> 0, h_offset: 7 -> 14
2026-05-09 20:10:21,206 - GT23.BorderPanel - DEBUG - Processing offset change (is_offset=True)
2026-05-09 20:10:21,206 - GT23.BorderPanel - DEBUG - _handle_ratio_locked_sync: ratio=16:9, is_offset=True
2026-05-09 20:10:21,206 - GT23.BorderPanel - DEBUG - Input margins: l=3135, r=2725, t=301, b=1245
2026-05-09 20:10:21,206 - GT23.BorderPanel - DEBUG - Final margins (Offset-based): left=3340, right=2520, top=301, bottom=1245
2026-05-09 20:10:21,206 - GT23.BorderPanel - DEBUG - After offset: left=3340, right=2520, top=301, bottom=1245
2026-05-09 20:10:21,217 - GT23.BorderPanel - DEBUG - on_params_changed: is_offset=True, is_ratio_change=False
2026-05-09 20:10:21,217 - GT23.BorderPanel - DEBUG - v_offset: 0 -> 0, h_offset: 14 -> 18
2026-05-09 20:10:21,217 - GT23.BorderPanel - DEBUG - Processing offset change (is_offset=True)
2026-05-09 20:10:21,217 - GT23.BorderPanel - DEBUG - _handle_ratio_locked_sync: ratio=16:9, is_offset=True
2026-05-09 20:10:21,217 - GT23.BorderPanel - DEBUG - Input margins: l=3340, r=2520, t=301, b=1245
2026-05-09 20:10:21,217 - GT23.BorderPanel - DEBUG - Final margins (Offset-based): left=3457, right=2403, top=301, bottom=1245
2026-05-09 20:10:21,217 - GT23.BorderPanel - DEBUG - After offset: left=3457, right=2403, top=301, bottom=1245
2026-05-09 20:10:21,222 - GT23.BorderPanel - DEBUG - on_params_changed: is_offset=True, is_ratio_change=False
2026-05-09 20:10:21,222 - GT23.BorderPanel - DEBUG - v_offset: 0 -> 0, h_offset: 18 -> 23
2026-05-09 20:10:21,222 - GT23.BorderPanel - DEBUG - Processing offset change (is_offset=True)
2026-05-09 20:10:21,222 - GT23.BorderPanel - DEBUG - _handle_ratio_locked_sync: ratio=16:9, is_offset=True
2026-05-09 20:10:21,222 - GT23.BorderPanel - DEBUG - Input margins: l=3457, r=2403, t=301, b=1245
2026-05-09 20:10:21,222 - GT23.BorderPanel - DEBUG - Final margins (Offset-based): left=3603, right=2257, top=301, bottom=1245
2026-05-09 20:10:21,222 - GT23.BorderPanel - DEBUG - After offset: left=3603, right=2257, top=301, bottom=1245
2026-05-09 20:10:21,230 - GT23.BorderPanel - DEBUG - on_params_changed: is_offset=True, is_ratio_change=False
2026-05-09 20:10:21,230 - GT23.BorderPanel - DEBUG - v_offset: 0 -> 0, h_offset: 23 -> 34
2026-05-09 20:10:21,230 - GT23.BorderPanel - DEBUG - Processing offset change (is_offset=True)
2026-05-09 20:10:21,230 - GT23.BorderPanel - DEBUG - _handle_ratio_locked_sync: ratio=16:9, is_offset=True
2026-05-09 20:10:21,230 - GT23.BorderPanel - DEBUG - Input margins: l=3603, r=2257, t=301, b=1245
2026-05-09 20:10:21,230 - GT23.BorderPanel - DEBUG - Final margins (Offset-based): left=3926, right=1934, top=301, bottom=1245
2026-05-09 20:10:21,230 - GT23.BorderPanel - DEBUG - After offset: left=3926, right=1934, top=301, bottom=1245
2026-05-09 20:10:21,238 - GT23.BorderPanel - DEBUG - on_params_changed: is_offset=True, is_ratio_change=False
2026-05-09 20:10:21,238 - GT23.BorderPanel - DEBUG - v_offset: 0 -> 0, h_offset: 34 -> 47
2026-05-09 20:10:21,238 - GT23.BorderPanel - DEBUG - Processing offset change (is_offset=True)
2026-05-09 20:10:21,238 - GT23.BorderPanel - DEBUG - _handle_ratio_locked_sync: ratio=16:9, is_offset=True
2026-05-09 20:10:21,238 - GT23.BorderPanel - DEBUG - Input margins: l=3926, r=1934, t=301, b=1245
2026-05-09 20:10:21,238 - GT23.BorderPanel - DEBUG - Final margins (Offset-based): left=4307, right=1553, top=301, bottom=1245
2026-05-09 20:10:21,238 - GT23.BorderPanel - DEBUG - After offset: left=4307, right=1553, top=301, bottom=1245
2026-05-09 20:10:21,246 - GT23.BorderPanel - DEBUG - on_params_changed: is_offset=True, is_ratio_change=False
2026-05-09 20:10:21,246 - GT23.BorderPanel - DEBUG - v_offset: 0 -> 0, h_offset: 47 -> 66
2026-05-09 20:10:21,246 - GT23.BorderPanel - DEBUG - Processing offset change (is_offset=True)
2026-05-09 20:10:21,246 - GT23.BorderPanel - DEBUG - _handle_ratio_locked_sync: ratio=16:9, is_offset=True
2026-05-09 20:10:21,246 - GT23.BorderPanel - DEBUG - Input margins: l=4307, r=1553, t=301, b=1245
2026-05-09 20:10:21,246 - GT23.BorderPanel - DEBUG - Final margins (Offset-based): left=4863, right=997, top=301, bottom=1245
2026-05-09 20:10:21,246 - GT23.BorderPanel - DEBUG - After offset: left=4863, right=997, top=301, bottom=1245
2026-05-09 20:10:21,254 - GT23.BorderPanel - DEBUG - on_params_changed: is_offset=True, is_ratio_change=False
2026-05-09 20:10:21,254 - GT23.BorderPanel - DEBUG - v_offset: 0 -> 0, h_offset: 66 -> 82
2026-05-09 20:10:21,254 - GT23.BorderPanel - DEBUG - Processing offset change (is_offset=True)
2026-05-09 20:10:21,254 - GT23.BorderPanel - DEBUG - _handle_ratio_locked_sync: ratio=16:9, is_offset=True
2026-05-09 20:10:21,254 - GT23.BorderPanel - DEBUG - Input margins: l=4863, r=997, t=301, b=1245
2026-05-09 20:10:21,254 - GT23.BorderPanel - DEBUG - Final margins (Offset-based): left=5332, right=528, top=301, bottom=1245
2026-05-09 20:10:21,254 - GT23.BorderPanel - DEBUG - After offset: left=5332, right=528, top=301, bottom=1245
2026-05-09 20:10:21,262 - GT23.BorderPanel - DEBUG - on_params_changed: is_offset=True, is_ratio_change=False
2026-05-09 20:10:21,262 - GT23.BorderPanel - DEBUG - v_offset: 0 -> 0, h_offset: 82 -> 99
2026-05-09 20:10:21,262 - GT23.BorderPanel - DEBUG - Processing offset change (is_offset=True)
2026-05-09 20:10:21,262 - GT23.BorderPanel - DEBUG - _handle_ratio_locked_sync: ratio=16:9, is_offset=True
2026-05-09 20:10:21,262 - GT23.BorderPanel - DEBUG - Input margins: l=5332, r=528, t=301, b=1245
2026-05-09 20:10:21,262 - GT23.BorderPanel - DEBUG - Final margins (Offset-based): left=5830, right=30, top=301, bottom=1245
2026-05-09 20:10:21,262 - GT23.BorderPanel - DEBUG - After offset: left=5830, right=30, top=301, bottom=1245
2026-05-09 20:10:21,270 - GT23.BorderPanel - DEBUG - on_params_changed: is_offset=True, is_ratio_change=False
2026-05-09 20:10:21,270 - GT23.BorderPanel - DEBUG - v_offset: 0 -> 0, h_offset: 99 -> 100
2026-05-09 20:10:21,270 - GT23.BorderPanel - DEBUG - Processing offset change (is_offset=True)
2026-05-09 20:10:21,270 - GT23.BorderPanel - DEBUG - _handle_ratio_locked_sync: ratio=16:9, is_offset=True
2026-05-09 20:10:21,270 - GT23.BorderPanel - DEBUG - Input margins: l=5830, r=30, t=301, b=1245
2026-05-09 20:10:21,270 - GT23.BorderPanel - DEBUG - Final margins (Offset-based): left=5860, right=0, top=301, bottom=1245
2026-05-09 20:10:21,270 - GT23.BorderPanel - DEBUG - After offset: left=5860, right=0, top=301, bottom=1245
2026-05-09 20:10:21,278 - GT23.BorderPanel - DEBUG - on_params_changed: is_offset=False, is_ratio_change=False
2026-05-09 20:10:21,278 - GT23.BorderPanel - DEBUG - v_offset: 0 -> 0, h_offset: 100 -> 100
2026-05-09 20:10:21,286 - GT23.BorderPanel - DEBUG - on_params_changed: is_offset=False, is_ratio_change=False
2026-05-09 20:10:21,286 - GT23.BorderPanel - DEBUG - v_offset: 0 -> 0, h_offset: 100 -> 100
2026-05-09 20:10:21,294 - GT23.BorderPanel - DEBUG - on_params_changed: is_offset=False, is_ratio_change=False
2026-05-09 20:10:21,294 - GT23.BorderPanel - DEBUG - v_offset: 0 -> 0, h_offset: 100 -> 100
2026-05-09 20:10:21,302 - GT23.BorderPanel - DEBUG - on_params_changed: is_offset=False, is_ratio_change=False
2026-05-09 20:10:21,302 - GT23.BorderPanel - DEBUG - v_offset: 0 -> 0, h_offset: 100 -> 100
2026-05-09 20:10:21,310 - GT23.BorderPanel - DEBUG - on_params_changed: is_offset=False, is_ratio_change=False
2026-05-09 20:10:21,310 - GT23.BorderPanel - DEBUG - v_offset: 0 -> 0, h_offset: 100 -> 100
2026-05-09 20:10:21,321 - GT23.BorderPanel - DEBUG - on_params_changed: is_offset=False, is_ratio_change=False
2026-05-09 20:10:21,321 - GT23.BorderPanel - DEBUG - v_offset: 0 -> 0, h_offset: 100 -> 100
2026-05-09 20:10:21,326 - GT23.BorderPanel - DEBUG - on_params_changed: is_offset=False, is_ratio_change=False
2026-05-09 20:10:21,326 - GT23.BorderPanel - DEBUG - v_offset: 0 -> 0, h_offset: 100 -> 100
2026-05-09 20:23:49,705 - GT23.BorderPanel - DEBUG - on_params_changed: is_offset=False, is_ratio_change=False
2026-05-09 20:23:49,705 - GT23.BorderPanel - DEBUG - v_offset: 0 -> 0, h_offset: 100 -> 100
2026-05-09 20:23:53,666 - GT23.BorderPanel - DEBUG - on_params_changed: is_offset=False, is_ratio_change=False
2026-05-09 20:23:53,666 - GT23.BorderPanel - DEBUG - v_offset: 0 -> 0, h_offset: 100 -> 100
2026-05-09 20:23:57,414 - GT23.BorderPanel - DEBUG - on_params_changed: is_offset=False, is_ratio_change=False
2026-05-09 20:23:57,415 - GT23.BorderPanel - DEBUG - v_offset: 0 -> 0, h_offset: 100 -> 100
2026-05-09 20:24:35,768 - GT23.BorderPanel - DEBUG - on_params_changed: is_offset=True, is_ratio_change=False
2026-05-09 20:24:35,769 - GT23.BorderPanel - DEBUG - v_offset: 0 -> 0, h_offset: 100 -> 99
2026-05-09 20:24:35,769 - GT23.BorderPanel - DEBUG - Processing offset change (is_offset=True)
2026-05-09 20:24:35,770 - GT23.BorderPanel - DEBUG - _handle_ratio_locked_sync: ratio=16:9, is_offset=True
2026-05-09 20:24:35,770 - GT23.BorderPanel - DEBUG - Input margins: l=188, r=0, t=301, b=1245
2026-05-09 20:24:35,771 - GT23.BorderPanel - DEBUG - Final margins (Offset-based): left=5830, right=29, top=301, bottom=1245
2026-05-09 20:24:35,771 - GT23.BorderPanel - DEBUG - After offset: left=5830, right=29, top=301, bottom=1245
2026-05-09 20:24:36,075 - GT23.BorderPanel - DEBUG - on_params_changed: is_offset=True, is_ratio_change=False
2026-05-09 20:24:36,076 - GT23.BorderPanel - DEBUG - v_offset: 0 -> 0, h_offset: 99 -> 98
2026-05-09 20:24:36,076 - GT23.BorderPanel - DEBUG - Processing offset change (is_offset=True)
2026-05-09 20:24:36,076 - GT23.BorderPanel - DEBUG - _handle_ratio_locked_sync: ratio=16:9, is_offset=True
2026-05-09 20:24:36,077 - GT23.BorderPanel - DEBUG - Input margins: l=5830, r=29, t=301, b=1245
2026-05-09 20:24:36,077 - GT23.BorderPanel - DEBUG - Final margins (Offset-based): left=5800, right=59, top=301, bottom=1245
2026-05-09 20:24:36,078 - GT23.BorderPanel - DEBUG - After offset: left=5800, right=59, top=301, bottom=1245
2026-05-09 20:24:36,181 - GT23.BorderPanel - DEBUG - on_params_changed: is_offset=True, is_ratio_change=False
2026-05-09 20:24:36,182 - GT23.BorderPanel - DEBUG - v_offset: 0 -> 0, h_offset: 98 -> 97
2026-05-09 20:24:36,182 - GT23.BorderPanel - DEBUG - Processing offset change (is_offset=True)
2026-05-09 20:24:36,182 - GT23.BorderPanel - DEBUG - _handle_ratio_locked_sync: ratio=16:9, is_offset=True
2026-05-09 20:24:36,182 - GT23.BorderPanel - DEBUG - Input margins: l=5800, r=59, t=301, b=1245
2026-05-09 20:24:36,183 - GT23.BorderPanel - DEBUG - Final margins (Offset-based): left=5771, right=88, top=301, bottom=1245
2026-05-09 20:24:36,183 - GT23.BorderPanel - DEBUG - After offset: left=5771, right=88, top=301, bottom=1245
2026-05-09 20:24:37,604 - GT23.BorderPanel - DEBUG - on_params_changed: is_offset=True, is_ratio_change=False
2026-05-09 20:24:37,604 - GT23.BorderPanel - DEBUG - v_offset: 0 -> 0, h_offset: 97 -> 96
2026-05-09 20:24:37,605 - GT23.BorderPanel - DEBUG - Processing offset change (is_offset=True)
2026-05-09 20:24:37,605 - GT23.BorderPanel - DEBUG - _handle_ratio_locked_sync: ratio=16:9, is_offset=True
2026-05-09 20:24:37,605 - GT23.BorderPanel - DEBUG - Input margins: l=5771, r=88, t=301, b=1245
2026-05-09 20:24:37,606 - GT23.BorderPanel - DEBUG - Final margins (Offset-based): left=5741, right=118, top=301, bottom=1245
2026-05-09 20:24:37,606 - GT23.BorderPanel - DEBUG - After offset: left=5741, right=118, top=301, bottom=1245
2026-05-09 20:24:37,617 - GT23.BorderPanel - DEBUG - on_params_changed: is_offset=True, is_ratio_change=False
2026-05-09 20:24:37,617 - GT23.BorderPanel - DEBUG - v_offset: 0 -> 0, h_offset: 96 -> 98
2026-05-09 20:24:37,618 - GT23.BorderPanel - DEBUG - Processing offset change (is_offset=True)
2026-05-09 20:24:37,618 - GT23.BorderPanel - DEBUG - _handle_ratio_locked_sync: ratio=16:9, is_offset=True
2026-05-09 20:24:37,618 - GT23.BorderPanel - DEBUG - Input margins: l=5741, r=118, t=301, b=1245
2026-05-09 20:24:37,618 - GT23.BorderPanel - DEBUG - Final margins (Offset-based): left=5800, right=59, top=301, bottom=1245
2026-05-09 20:24:37,618 - GT23.BorderPanel - DEBUG - After offset: left=5800, right=59, top=301, bottom=1245
2026-05-09 20:24:37,620 - GT23.BorderPanel - DEBUG - on_params_changed: is_offset=True, is_ratio_change=False
2026-05-09 20:24:37,620 - GT23.BorderPanel - DEBUG - v_offset: 0 -> 0, h_offset: 98 -> 100
2026-05-09 20:24:37,620 - GT23.BorderPanel - DEBUG - Processing offset change (is_offset=True)
2026-05-09 20:24:37,620 - GT23.BorderPanel - DEBUG - _handle_ratio_locked_sync: ratio=16:9, is_offset=True
2026-05-09 20:24:37,620 - GT23.BorderPanel - DEBUG - Input margins: l=5800, r=59, t=301, b=1245
2026-05-09 20:24:37,620 - GT23.BorderPanel - DEBUG - Final margins (Offset-based): left=5859, right=0, top=301, bottom=1245
2026-05-09 20:24:37,620 - GT23.BorderPanel - DEBUG - After offset: left=5859, right=0, top=301, bottom=1245
2026-05-09 20:24:37,636 - GT23.BorderPanel - DEBUG - on_params_changed: is_offset=False, is_ratio_change=False
2026-05-09 20:24:37,636 - GT23.BorderPanel - DEBUG - v_offset: 0 -> 0, h_offset: 100 -> 100
2026-05-09 20:24:37,638 - GT23.BorderPanel - DEBUG - on_params_changed: is_offset=False, is_ratio_change=False
2026-05-09 20:24:37,638 - GT23.BorderPanel - DEBUG - v_offset: 0 -> 0, h_offset: 100 -> 100
2026-05-09 20:24:37,642 - GT23.BorderPanel - DEBUG - on_params_changed: is_offset=False, is_ratio_change=False
2026-05-09 20:24:37,642 - GT23.BorderPanel - DEBUG - v_offset: 0 -> 0, h_offset: 100 -> 100
2026-05-09 20:24:37,649 - GT23.BorderPanel - DEBUG - on_params_changed: is_offset=False, is_ratio_change=False
2026-05-09 20:24:37,650 - GT23.BorderPanel - DEBUG - v_offset: 0 -> 0, h_offset: 100 -> 100
2026-05-09 20:24:37,658 - GT23.BorderPanel - DEBUG - on_params_changed: is_offset=False, is_ratio_change=False
2026-05-09 20:24:37,658 - GT23.BorderPanel - DEBUG - v_offset: 0 -> 0, h_offset: 100 -> 100
2026-05-09 20:24:37,666 - GT23.BorderPanel - DEBUG - on_params_changed: is_offset=False, is_ratio_change=False
2026-05-09 20:24:37,666 - GT23.BorderPanel - DEBUG - v_offset: 0 -> 0, h_offset: 100 -> 100
2026-05-09 20:24:37,673 - GT23.BorderPanel - DEBUG - on_params_changed: is_offset=False, is_ratio_change=False
2026-05-09 20:24:37,674 - GT23.BorderPanel - DEBUG - v_offset: 0 -> 0, h_offset: 100 -> 100
2026-05-09 20:24:37,681 - GT23.BorderPanel - DEBUG - on_params_changed: is_offset=False, is_ratio_change=False
2026-05-09 20:24:37,681 - GT23.BorderPanel - DEBUG - v_offset: 0 -> 0, h_offset: 100 -> 100
2026-05-09 20:24:37,689 - GT23.BorderPanel - DEBUG - on_params_changed: is_offset=False, is_ratio_change=False
2026-05-09 20:24:37,689 - GT23.BorderPanel - DEBUG - v_offset: 0 -> 0, h_offset: 100 -> 100
2026-05-09 20:24:37,697 - GT23.BorderPanel - DEBUG - on_params_changed: is_offset=False, is_ratio_change=False
2026-05-09 20:24:37,698 - GT23.BorderPanel - DEBUG - v_offset: 0 -> 0, h_offset: 100 -> 100
2026-05-09 20:24:37,705 - GT23.BorderPanel - DEBUG - on_params_changed: is_offset=False, is_ratio_change=False
2026-05-09 20:24:37,705 - GT23.BorderPanel - DEBUG - v_offset: 0 -> 0, h_offset: 100 -> 100
2026-05-09 20:24:40,301 - GT23.BorderPanel - DEBUG - on_params_changed: is_offset=False, is_ratio_change=False
2026-05-09 20:24:40,301 - GT23.BorderPanel - DEBUG - v_offset: 0 -> 0, h_offset: 100 -> 100
2026-05-09 20:25:13,000 - GT23.BorderPanel - DEBUG - on_params_changed: is_offset=False, is_ratio_change=False
2026-05-09 20:25:13,000 - GT23.BorderPanel - DEBUG - v_offset: 0 -> 0, h_offset: 100 -> 100
2026-05-09 20:25:48,897 - GT23.BorderPanel - DEBUG - on_params_changed: is_offset=False, is_ratio_change=False
2026-05-09 20:25:48,897 - GT23.BorderPanel - DEBUG - v_offset: 0 -> 0, h_offset: 100 -> 100
2026-05-09 20:28:04,747 - GT23.BorderPanel - DEBUG - on_params_changed: is_offset=False, is_ratio_change=False
2026-05-09 20:28:04,747 - GT23.BorderPanel - DEBUG - v_offset: 0 -> 0, h_offset: 100 -> 100
2026-05-09 20:32:17,619 - GT23.BorderPanel - DEBUG - === _on_ratio_changed_aesthetic called ===
2026-05-09 20:32:17,619 - GT23.BorderPanel - DEBUG - Before: left=180, right=180, top=180, bottom=585
2026-05-09 20:32:17,619 - GT23.BorderPanel - DEBUG - v_offset=0, h_offset=0
2026-05-09 20:32:17,619 - GT23.BorderPanel - DEBUG - Ratio is 'Original' or non-preset. Restoring default margins for this image's format.
2026-05-09 20:32:17,620 - GT23.BorderPanel - DEBUG - After reset/preset: left=180, right=180, top=180, bottom=585
2026-05-09 20:32:17,752 - GT23.BorderPanel - DEBUG - No specific layout detected. Using system defaults (180, 585).
2026-05-09 20:32:17,769 - GT23.BorderPanel - DEBUG - on_params_changed: is_offset=False, is_ratio_change=True
2026-05-09 20:32:17,769 - GT23.BorderPanel - DEBUG - v_offset: 0 -> 0, h_offset: 0 -> 0
2026-05-09 20:32:17,769 - GT23.BorderPanel - DEBUG - Processing ratio change (is_offset=False)
2026-05-09 20:32:17,769 - GT23.BorderPanel - DEBUG - _handle_ratio_locked_sync: ratio=原图, is_offset=False
2026-05-09 20:32:17,769 - GT23.BorderPanel - DEBUG - Input margins: l=180, r=180, t=180, b=585
2026-05-09 20:32:17,769 - GT23.BorderPanel - DEBUG - After ratio: left=180, right=180, top=180, bottom=585
2026-05-09 20:32:18,006 - GT23.BorderPanel - DEBUG - on_params_changed: is_offset=False, is_ratio_change=False
2026-05-09 20:32:18,006 - GT23.BorderPanel - DEBUG - v_offset: 0 -> 0, h_offset: 0 -> 0
2026-05-09 20:32:18,006 - GT23.BorderPanel - DEBUG - No specific layout detected. Using system defaults (180, 585).
2026-05-09 20:32:18,033 - GT23.BorderPanel - DEBUG - on_params_changed: is_offset=False, is_ratio_change=False
2026-05-09 20:32:18,034 - GT23.BorderPanel - DEBUG - v_offset: 0 -> 0, h_offset: 0 -> 0
2026-05-09 20:32:18,034 - GT23.BorderPanel - DEBUG - === _on_ratio_changed_aesthetic called ===
2026-05-09 20:32:18,034 - GT23.BorderPanel - DEBUG - Before: left=180, right=180, top=180, bottom=585
2026-05-09 20:32:18,034 - GT23.BorderPanel - DEBUG - v_offset=0, h_offset=0
2026-05-09 20:32:18,034 - GT23.BorderPanel - DEBUG - Ratio is 'Original' or non-preset. Restoring default margins for this image's format.
2026-05-09 20:32:18,035 - GT23.BorderPanel - DEBUG - Restored default margins for format: 6x6
2026-05-09 20:32:18,035 - GT23.BorderPanel - DEBUG - After reset/preset: left=270, right=270, top=270, bottom=810
2026-05-09 20:32:18,035 - GT23.BorderPanel - DEBUG - on_params_changed: is_offset=False, is_ratio_change=True
2026-05-09 20:32:18,035 - GT23.BorderPanel - DEBUG - v_offset: 0 -> 0, h_offset: 0 -> 0
2026-05-09 20:32:18,035 - GT23.BorderPanel - DEBUG - Processing ratio change (is_offset=False)
2026-05-09 20:32:18,035 - GT23.BorderPanel - DEBUG - _handle_ratio_locked_sync: ratio=原图, is_offset=False
2026-05-09 20:32:18,035 - GT23.BorderPanel - DEBUG - Input margins: l=270, r=270, t=270, b=810
2026-05-09 20:32:18,035 - GT23.BorderPanel - DEBUG - After ratio: left=270, right=270, top=270, bottom=810
2026-05-09 20:32:28,473 - GT23.BorderPanel - DEBUG - === _on_ratio_changed_aesthetic called ===
2026-05-09 20:32:28,474 - GT23.BorderPanel - DEBUG - Before: left=270, right=270, top=270, bottom=810
2026-05-09 20:32:28,474 - GT23.BorderPanel - DEBUG - v_offset=0, h_offset=0
2026-05-09 20:32:28,474 - GT23.BorderPanel - DEBUG - After reset/preset: left=300, right=300, top=500, bottom=950
2026-05-09 20:32:28,474 - GT23.BorderPanel - DEBUG - on_params_changed: is_offset=False, is_ratio_change=True
2026-05-09 20:32:28,474 - GT23.BorderPanel - DEBUG - v_offset: 0 -> 0, h_offset: 0 -> 0
2026-05-09 20:32:28,474 - GT23.BorderPanel - DEBUG - Processing ratio change (is_offset=False)
2026-05-09 20:32:28,474 - GT23.BorderPanel - DEBUG - _handle_ratio_locked_sync: ratio=16:9, is_offset=False
2026-05-09 20:32:28,474 - GT23.BorderPanel - DEBUG - Input margins: l=300, r=300, t=500, b=950
2026-05-09 20:32:28,474 - GT23.BorderPanel - DEBUG - Final margins (Proportional): left=2844, right=2844.8888888888887, top=500, bottom=950
2026-05-09 20:32:28,474 - GT23.BorderPanel - DEBUG - After ratio: left=2844, right=2844, top=500, bottom=950
2026-05-09 20:32:28,476 - GT23.BorderPanel - DEBUG - on_params_changed: is_offset=False, is_ratio_change=False
2026-05-09 20:32:28,476 - GT23.BorderPanel - DEBUG - v_offset: 0 -> 0, h_offset: 0 -> 0
2026-05-09 20:32:36,223 - GT23.BorderPanel - DEBUG - on_params_changed: is_offset=True, is_ratio_change=False
2026-05-09 20:32:36,224 - GT23.BorderPanel - DEBUG - v_offset: 0 -> 0, h_offset: 0 -> 1
2026-05-09 20:32:36,224 - GT23.BorderPanel - DEBUG - Processing offset change (is_offset=True)
2026-05-09 20:32:36,224 - GT23.BorderPanel - DEBUG - _handle_ratio_locked_sync: ratio=16:9, is_offset=True
2026-05-09 20:32:36,224 - GT23.BorderPanel - DEBUG - Input margins: l=2844, r=2844, t=500, b=950
2026-05-09 20:32:36,224 - GT23.BorderPanel - DEBUG - Final margins (Offset-based): left=2816, right=2816, top=273, bottom=1177
2026-05-09 20:32:36,224 - GT23.BorderPanel - DEBUG - After offset: left=2816, right=2816, top=273, bottom=1177
2026-05-09 20:32:36,224 - GT23.BorderPanel - DEBUG - sync_lr disabled due to horizontal offset
2026-05-09 20:32:36,231 - GT23.BorderPanel - DEBUG - on_params_changed: is_offset=True, is_ratio_change=False
2026-05-09 20:32:36,231 - GT23.BorderPanel - DEBUG - v_offset: 0 -> 0, h_offset: 1 -> 4
2026-05-09 20:32:36,231 - GT23.BorderPanel - DEBUG - Processing offset change (is_offset=True)
2026-05-09 20:32:36,231 - GT23.BorderPanel - DEBUG - _handle_ratio_locked_sync: ratio=16:9, is_offset=True
2026-05-09 20:32:36,231 - GT23.BorderPanel - DEBUG - Input margins: l=2816, r=2816, t=273, b=1177
2026-05-09 20:32:36,231 - GT23.BorderPanel - DEBUG - Final margins (Offset-based): left=2958, right=2730, top=273, bottom=1177
2026-05-09 20:32:36,231 - GT23.BorderPanel - DEBUG - After offset: left=2958, right=2730, top=273, bottom=1177
2026-05-09 20:32:36,239 - GT23.BorderPanel - DEBUG - on_params_changed: is_offset=True, is_ratio_change=False
2026-05-09 20:32:36,239 - GT23.BorderPanel - DEBUG - v_offset: 0 -> 0, h_offset: 4 -> 9
2026-05-09 20:32:36,239 - GT23.BorderPanel - DEBUG - Processing offset change (is_offset=True)
2026-05-09 20:32:36,239 - GT23.BorderPanel - DEBUG - _handle_ratio_locked_sync: ratio=16:9, is_offset=True
2026-05-09 20:32:36,239 - GT23.BorderPanel - DEBUG - Input margins: l=2958, r=2730, t=273, b=1177
2026-05-09 20:32:36,239 - GT23.BorderPanel - DEBUG - Final margins (Offset-based): left=3099, right=2589, top=273, bottom=1177
2026-05-09 20:32:36,239 - GT23.BorderPanel - DEBUG - After offset: left=3099, right=2589, top=273, bottom=1177
2026-05-09 20:32:36,247 - GT23.BorderPanel - DEBUG - on_params_changed: is_offset=True, is_ratio_change=False
2026-05-09 20:32:36,247 - GT23.BorderPanel - DEBUG - v_offset: 0 -> 0, h_offset: 9 -> 14
2026-05-09 20:32:36,247 - GT23.BorderPanel - DEBUG - Processing offset change (is_offset=True)
2026-05-09 20:32:36,247 - GT23.BorderPanel - DEBUG - _handle_ratio_locked_sync: ratio=16:9, is_offset=True
2026-05-09 20:32:36,247 - GT23.BorderPanel - DEBUG - Input margins: l=3099, r=2589, t=273, b=1177
2026-05-09 20:32:36,247 - GT23.BorderPanel - DEBUG - Final margins (Offset-based): left=3242, right=2446, top=273, bottom=1177
2026-05-09 20:32:36,247 - GT23.BorderPanel - DEBUG - After offset: left=3242, right=2446, top=273, bottom=1177
2026-05-09 20:32:36,255 - GT23.BorderPanel - DEBUG - on_params_changed: is_offset=True, is_ratio_change=False
2026-05-09 20:32:36,255 - GT23.BorderPanel - DEBUG - v_offset: 0 -> 0, h_offset: 14 -> 21
2026-05-09 20:32:36,255 - GT23.BorderPanel - DEBUG - Processing offset change (is_offset=True)
2026-05-09 20:32:36,255 - GT23.BorderPanel - DEBUG - _handle_ratio_locked_sync: ratio=16:9, is_offset=True
2026-05-09 20:32:36,255 - GT23.BorderPanel - DEBUG - Input margins: l=3242, r=2446, t=273, b=1177
2026-05-09 20:32:36,255 - GT23.BorderPanel - DEBUG - Final margins (Offset-based): left=3441, right=2247, top=273, bottom=1177
2026-05-09 20:32:36,255 - GT23.BorderPanel - DEBUG - After offset: left=3441, right=2247, top=273, bottom=1177
2026-05-09 20:32:36,263 - GT23.BorderPanel - DEBUG - on_params_changed: is_offset=True, is_ratio_change=False
2026-05-09 20:32:36,263 - GT23.BorderPanel - DEBUG - v_offset: 0 -> 0, h_offset: 21 -> 24
2026-05-09 20:32:36,263 - GT23.BorderPanel - DEBUG - Processing offset change (is_offset=True)
2026-05-09 20:32:36,263 - GT23.BorderPanel - DEBUG - _handle_ratio_locked_sync: ratio=16:9, is_offset=True
2026-05-09 20:32:36,263 - GT23.BorderPanel - DEBUG - Input margins: l=3441, r=2247, t=273, b=1177
2026-05-09 20:32:36,263 - GT23.BorderPanel - DEBUG - Final margins (Offset-based): left=3526, right=2162, top=273, bottom=1177
2026-05-09 20:32:36,263 - GT23.BorderPanel - DEBUG - After offset: left=3526, right=2162, top=273, bottom=1177
2026-05-09 20:32:36,271 - GT23.BorderPanel - DEBUG - on_params_changed: is_offset=True, is_ratio_change=False
2026-05-09 20:32:36,271 - GT23.BorderPanel - DEBUG - v_offset: 0 -> 0, h_offset: 24 -> 30
2026-05-09 20:32:36,271 - GT23.BorderPanel - DEBUG - Processing offset change (is_offset=True)
2026-05-09 20:32:36,271 - GT23.BorderPanel - DEBUG - _handle_ratio_locked_sync: ratio=16:9, is_offset=True
2026-05-09 20:32:36,271 - GT23.BorderPanel - DEBUG - Input margins: l=3526, r=2162, t=273, b=1177
2026-05-09 20:32:36,271 - GT23.BorderPanel - DEBUG - Final margins (Offset-based): left=3697, right=1991, top=273, bottom=1177
2026-05-09 20:32:36,271 - GT23.BorderPanel - DEBUG - After offset: left=3697, right=1991, top=273, bottom=1177
2026-05-09 20:32:36,279 - GT23.BorderPanel - DEBUG - on_params_changed: is_offset=True, is_ratio_change=False
2026-05-09 20:32:36,279 - GT23.BorderPanel - DEBUG - v_offset: 0 -> 0, h_offset: 30 -> 38
2026-05-09 20:32:36,279 - GT23.BorderPanel - DEBUG - Processing offset change (is_offset=True)
2026-05-09 20:32:36,279 - GT23.BorderPanel - DEBUG - _handle_ratio_locked_sync: ratio=16:9, is_offset=True
2026-05-09 20:32:36,279 - GT23.BorderPanel - DEBUG - Input margins: l=3697, r=1991, t=273, b=1177
2026-05-09 20:32:36,279 - GT23.BorderPanel - DEBUG - Final margins (Offset-based): left=3924, right=1764, top=273, bottom=1177
2026-05-09 20:32:36,279 - GT23.BorderPanel - DEBUG - After offset: left=3924, right=1764, top=273, bottom=1177
2026-05-09 20:32:36,287 - GT23.BorderPanel - DEBUG - on_params_changed: is_offset=True, is_ratio_change=False
2026-05-09 20:32:36,287 - GT23.BorderPanel - DEBUG - v_offset: 0 -> 0, h_offset: 38 -> 48
2026-05-09 20:32:36,287 - GT23.BorderPanel - DEBUG - Processing offset change (is_offset=True)
2026-05-09 20:32:36,287 - GT23.BorderPanel - DEBUG - _handle_ratio_locked_sync: ratio=16:9, is_offset=True
2026-05-09 20:32:36,287 - GT23.BorderPanel - DEBUG - Input margins: l=3924, r=1764, t=273, b=1177
2026-05-09 20:32:36,287 - GT23.BorderPanel - DEBUG - Final margins (Offset-based): left=4209, right=1479, top=273, bottom=1177
2026-05-09 20:32:36,287 - GT23.BorderPanel - DEBUG - After offset: left=4209, right=1479, top=273, bottom=1177
2026-05-09 20:32:36,295 - GT23.BorderPanel - DEBUG - on_params_changed: is_offset=True, is_ratio_change=False
2026-05-09 20:32:36,295 - GT23.BorderPanel - DEBUG - v_offset: 0 -> 0, h_offset: 48 -> 58
2026-05-09 20:32:36,295 - GT23.BorderPanel - DEBUG - Processing offset change (is_offset=True)
2026-05-09 20:32:36,295 - GT23.BorderPanel - DEBUG - _handle_ratio_locked_sync: ratio=16:9, is_offset=True
2026-05-09 20:32:36,295 - GT23.BorderPanel - DEBUG - Input margins: l=4209, r=1479, t=273, b=1177
2026-05-09 20:32:36,296 - GT23.BorderPanel - DEBUG - Final margins (Offset-based): left=4493, right=1195, top=273, bottom=1177
2026-05-09 20:32:36,296 - GT23.BorderPanel - DEBUG - After offset: left=4493, right=1195, top=273, bottom=1177
2026-05-09 20:32:36,304 - GT23.BorderPanel - DEBUG - on_params_changed: is_offset=True, is_ratio_change=False
2026-05-09 20:32:36,304 - GT23.BorderPanel - DEBUG - v_offset: 0 -> 0, h_offset: 58 -> 69
2026-05-09 20:32:36,304 - GT23.BorderPanel - DEBUG - Processing offset change (is_offset=True)
2026-05-09 20:32:36,304 - GT23.BorderPanel - DEBUG - _handle_ratio_locked_sync: ratio=16:9, is_offset=True
2026-05-09 20:32:36,304 - GT23.BorderPanel - DEBUG - Input margins: l=4493, r=1195, t=273, b=1177
2026-05-09 20:32:36,306 - GT23.BorderPanel - DEBUG - Final margins (Offset-based): left=4806, right=882, top=273, bottom=1177
2026-05-09 20:32:36,306 - GT23.BorderPanel - DEBUG - After offset: left=4806, right=882, top=273, bottom=1177
2026-05-09 20:32:36,311 - GT23.BorderPanel - DEBUG - on_params_changed: is_offset=True, is_ratio_change=False
2026-05-09 20:32:36,311 - GT23.BorderPanel - DEBUG - v_offset: 0 -> 0, h_offset: 69 -> 79
2026-05-09 20:32:36,311 - GT23.BorderPanel - DEBUG - Processing offset change (is_offset=True)
2026-05-09 20:32:36,311 - GT23.BorderPanel - DEBUG - _handle_ratio_locked_sync: ratio=16:9, is_offset=True
2026-05-09 20:32:36,311 - GT23.BorderPanel - DEBUG - Input margins: l=4806, r=882, t=273, b=1177
2026-05-09 20:32:36,311 - GT23.BorderPanel - DEBUG - Final margins (Offset-based): left=5090, right=598, top=273, bottom=1177
2026-05-09 20:32:36,311 - GT23.BorderPanel - DEBUG - After offset: left=5090, right=598, top=273, bottom=1177
2026-05-09 20:32:36,319 - GT23.BorderPanel - DEBUG - on_params_changed: is_offset=True, is_ratio_change=False
2026-05-09 20:32:36,319 - GT23.BorderPanel - DEBUG - v_offset: 0 -> 0, h_offset: 79 -> 89
2026-05-09 20:32:36,319 - GT23.BorderPanel - DEBUG - Processing offset change (is_offset=True)
2026-05-09 20:32:36,319 - GT23.BorderPanel - DEBUG - _handle_ratio_locked_sync: ratio=16:9, is_offset=True
2026-05-09 20:32:36,319 - GT23.BorderPanel - DEBUG - Input margins: l=5090, r=598, t=273, b=1177
2026-05-09 20:32:36,319 - GT23.BorderPanel - DEBUG - Final margins (Offset-based): left=5375, right=313, top=273, bottom=1177
2026-05-09 20:32:36,319 - GT23.BorderPanel - DEBUG - After offset: left=5375, right=313, top=273, bottom=1177
2026-05-09 20:32:36,327 - GT23.BorderPanel - DEBUG - on_params_changed: is_offset=True, is_ratio_change=False
2026-05-09 20:32:36,327 - GT23.BorderPanel - DEBUG - v_offset: 0 -> 0, h_offset: 89 -> 100
2026-05-09 20:32:36,327 - GT23.BorderPanel - DEBUG - Processing offset change (is_offset=True)
2026-05-09 20:32:36,327 - GT23.BorderPanel - DEBUG - _handle_ratio_locked_sync: ratio=16:9, is_offset=True
2026-05-09 20:32:36,327 - GT23.BorderPanel - DEBUG - Input margins: l=5375, r=313, t=273, b=1177
2026-05-09 20:32:36,327 - GT23.BorderPanel - DEBUG - Final margins (Offset-based): left=5688, right=0, top=273, bottom=1177
2026-05-09 20:32:36,327 - GT23.BorderPanel - DEBUG - After offset: left=5688, right=0, top=273, bottom=1177
2026-05-09 20:32:36,335 - GT23.BorderPanel - DEBUG - on_params_changed: is_offset=False, is_ratio_change=False
2026-05-09 20:32:36,335 - GT23.BorderPanel - DEBUG - v_offset: 0 -> 0, h_offset: 100 -> 100
2026-05-09 20:32:36,343 - GT23.BorderPanel - DEBUG - on_params_changed: is_offset=False, is_ratio_change=False
2026-05-09 20:32:36,343 - GT23.BorderPanel - DEBUG - v_offset: 0 -> 0, h_offset: 100 -> 100
2026-05-09 20:32:36,351 - GT23.BorderPanel - DEBUG - on_params_changed: is_offset=False, is_ratio_change=False
2026-05-09 20:32:36,351 - GT23.BorderPanel - DEBUG - v_offset: 0 -> 0, h_offset: 100 -> 100
2026-05-09 20:32:36,359 - GT23.BorderPanel - DEBUG - on_params_changed: is_offset=False, is_ratio_change=False
2026-05-09 20:32:36,359 - GT23.BorderPanel - DEBUG - v_offset: 0 -> 0, h_offset: 100 -> 100
2026-05-09 20:32:36,367 - GT23.BorderPanel - DEBUG - on_params_changed: is_offset=False, is_ratio_change=False
2026-05-09 20:32:36,367 - GT23.BorderPanel - DEBUG - v_offset: 0 -> 0, h_offset: 100 -> 100
2026-05-09 20:32:36,375 - GT23.BorderPanel - DEBUG - on_params_changed: is_offset=False, is_ratio_change=False
2026-05-09 20:32:36,375 - GT23.BorderPanel - DEBUG - v_offset: 0 -> 0, h_offset: 100 -> 100
2026-05-09 20:32:36,392 - GT23.BorderPanel - DEBUG - on_params_changed: is_offset=False, is_ratio_change=False
2026-05-09 20:32:36,392 - GT23.BorderPanel - DEBUG - v_offset: 0 -> 0, h_offset: 100 -> 100
2026-05-09 20:34:31,772 - GT23.BorderPanel - DEBUG - === _on_ratio_changed_aesthetic called ===
2026-05-09 20:34:31,772 - GT23.BorderPanel - DEBUG - Before: left=5688, right=0, top=273, bottom=1177
2026-05-09 20:34:31,772 - GT23.BorderPanel - DEBUG - v_offset=0, h_offset=100
2026-05-09 20:34:31,772 - GT23.BorderPanel - DEBUG - After reset/preset: left=350, right=350, top=350, bottom=850
2026-05-09 20:34:31,772 - GT23.BorderPanel - DEBUG - on_params_changed: is_offset=False, is_ratio_change=True
2026-05-09 20:34:31,772 - GT23.BorderPanel - DEBUG - v_offset: 0 -> 0, h_offset: 100 -> 100
2026-05-09 20:34:31,772 - GT23.BorderPanel - DEBUG - Processing ratio change (is_offset=False)
2026-05-09 20:34:31,772 - GT23.BorderPanel - DEBUG - _handle_ratio_locked_sync: ratio=3:2, is_offset=False
2026-05-09 20:34:31,772 - GT23.BorderPanel - DEBUG - Input margins: l=350, r=350, t=350, b=850
2026-05-09 20:34:31,773 - GT23.BorderPanel - DEBUG - Final margins (Proportional): left=1900, right=1900.0, top=350, bottom=850
2026-05-09 20:34:31,773 - GT23.BorderPanel - DEBUG - After ratio: left=1900, right=1900, top=350, bottom=850
2026-05-09 20:34:31,774 - GT23.BorderPanel - DEBUG - on_params_changed: is_offset=False, is_ratio_change=False
2026-05-09 20:34:31,774 - GT23.BorderPanel - DEBUG - v_offset: 0 -> 0, h_offset: 100 -> 100
2026-05-09 20:34:33,998 - GT23.BorderPanel - DEBUG - on_params_changed: is_offset=True, is_ratio_change=False
2026-05-09 20:34:33,999 - GT23.BorderPanel - DEBUG - v_offset: 0 -> 0, h_offset: 100 -> 96
2026-05-09 20:34:33,999 - GT23.BorderPanel - DEBUG - Processing offset change (is_offset=True)
2026-05-09 20:34:33,999 - GT23.BorderPanel - DEBUG - _handle_ratio_locked_sync: ratio=3:2, is_offset=True
2026-05-09 20:34:33,999 - GT23.BorderPanel - DEBUG - Input margins: l=1900, r=1900, t=350, b=850
2026-05-09 20:34:34,000 - GT23.BorderPanel - DEBUG - Final margins (Offset-based): left=3724, right=76, top=198, bottom=1002
2026-05-09 20:34:34,000 - GT23.BorderPanel - DEBUG - After offset: left=3724, right=76, top=198, bottom=1002
2026-05-09 20:34:34,007 - GT23.BorderPanel - DEBUG - on_params_changed: is_offset=True, is_ratio_change=False
2026-05-09 20:34:34,007 - GT23.BorderPanel - DEBUG - v_offset: 0 -> 0, h_offset: 96 -> 92
2026-05-09 20:34:34,007 - GT23.BorderPanel - DEBUG - Processing offset change (is_offset=True)
2026-05-09 20:34:34,007 - GT23.BorderPanel - DEBUG - _handle_ratio_locked_sync: ratio=3:2, is_offset=True
2026-05-09 20:34:34,007 - GT23.BorderPanel - DEBUG - Input margins: l=3724, r=76, t=198, b=1002
2026-05-09 20:34:34,007 - GT23.BorderPanel - DEBUG - Final margins (Offset-based): left=3648, right=152, top=198, bottom=1002
2026-05-09 20:34:34,007 - GT23.BorderPanel - DEBUG - After offset: left=3648, right=152, top=198, bottom=1002
2026-05-09 20:34:34,012 - GT23.BorderPanel - DEBUG - on_params_changed: is_offset=True, is_ratio_change=False
2026-05-09 20:34:34,012 - GT23.BorderPanel - DEBUG - v_offset: 0 -> 0, h_offset: 92 -> 90
2026-05-09 20:34:34,012 - GT23.BorderPanel - DEBUG - Processing offset change (is_offset=True)
2026-05-09 20:34:34,012 - GT23.BorderPanel - DEBUG - _handle_ratio_locked_sync: ratio=3:2, is_offset=True
2026-05-09 20:34:34,012 - GT23.BorderPanel - DEBUG - Input margins: l=3648, r=152, t=198, b=1002
2026-05-09 20:34:34,013 - GT23.BorderPanel - DEBUG - Final margins (Offset-based): left=3610, right=190, top=198, bottom=1002
2026-05-09 20:34:34,013 - GT23.BorderPanel - DEBUG - After offset: left=3610, right=190, top=198, bottom=1002
2026-05-09 20:34:34,020 - GT23.BorderPanel - DEBUG - on_params_changed: is_offset=True, is_ratio_change=False
2026-05-09 20:34:34,021 - GT23.BorderPanel - DEBUG - v_offset: 0 -> 0, h_offset: 90 -> 85
2026-05-09 20:34:34,021 - GT23.BorderPanel - DEBUG - Processing offset change (is_offset=True)
2026-05-09 20:34:34,021 - GT23.BorderPanel - DEBUG - _handle_ratio_locked_sync: ratio=3:2, is_offset=True
2026-05-09 20:34:34,021 - GT23.BorderPanel - DEBUG - Input margins: l=3610, r=190, t=198, b=1002
2026-05-09 20:34:34,021 - GT23.BorderPanel - DEBUG - Final margins (Offset-based): left=3515, right=285, top=198, bottom=1002
2026-05-09 20:34:34,021 - GT23.BorderPanel - DEBUG - After offset: left=3515, right=285, top=198, bottom=1002
2026-05-09 20:34:34,028 - GT23.BorderPanel - DEBUG - on_params_changed: is_offset=True, is_ratio_change=False
2026-05-09 20:34:34,028 - GT23.BorderPanel - DEBUG - v_offset: 0 -> 0, h_offset: 85 -> 78
2026-05-09 20:34:34,028 - GT23.BorderPanel - DEBUG - Processing offset change (is_offset=True)
2026-05-09 20:34:34,028 - GT23.BorderPanel - DEBUG - _handle_ratio_locked_sync: ratio=3:2, is_offset=True
2026-05-09 20:34:34,028 - GT23.BorderPanel - DEBUG - Input margins: l=3515, r=285, t=198, b=1002
2026-05-09 20:34:34,028 - GT23.BorderPanel - DEBUG - Final margins (Offset-based): left=3382, right=418, top=198, bottom=1002
2026-05-09 20:34:34,028 - GT23.BorderPanel - DEBUG - After offset: left=3382, right=418, top=198, bottom=1002
2026-05-09 20:34:34,036 - GT23.BorderPanel - DEBUG - on_params_changed: is_offset=True, is_ratio_change=False
2026-05-09 20:34:34,036 - GT23.BorderPanel - DEBUG - v_offset: 0 -> 0, h_offset: 78 -> 75
2026-05-09 20:34:34,036 - GT23.BorderPanel - DEBUG - Processing offset change (is_offset=True)
2026-05-09 20:34:34,036 - GT23.BorderPanel - DEBUG - _handle_ratio_locked_sync: ratio=3:2, is_offset=True
2026-05-09 20:34:34,036 - GT23.BorderPanel - DEBUG - Input margins: l=3382, r=418, t=198, b=1002
2026-05-09 20:34:34,036 - GT23.BorderPanel - DEBUG - Final margins (Offset-based): left=3325, right=475, top=198, bottom=1002
2026-05-09 20:34:34,036 - GT23.BorderPanel - DEBUG - After offset: left=3325, right=475, top=198, bottom=1002
2026-05-09 20:34:34,044 - GT23.BorderPanel - DEBUG - on_params_changed: is_offset=True, is_ratio_change=False
2026-05-09 20:34:34,044 - GT23.BorderPanel - DEBUG - v_offset: 0 -> 0, h_offset: 75 -> 69
2026-05-09 20:34:34,044 - GT23.BorderPanel - DEBUG - Processing offset change (is_offset=True)
2026-05-09 20:34:34,044 - GT23.BorderPanel - DEBUG - _handle_ratio_locked_sync: ratio=3:2, is_offset=True
2026-05-09 20:34:34,044 - GT23.BorderPanel - DEBUG - Input margins: l=3325, r=475, t=198, b=1002
2026-05-09 20:34:34,044 - GT23.BorderPanel - DEBUG - Final margins (Offset-based): left=3211, right=589, top=198, bottom=1002
2026-05-09 20:34:34,044 - GT23.BorderPanel - DEBUG - After offset: left=3211, right=589, top=198, bottom=1002
2026-05-09 20:34:34,052 - GT23.BorderPanel - DEBUG - on_params_changed: is_offset=True, is_ratio_change=False
2026-05-09 20:34:34,052 - GT23.BorderPanel - DEBUG - v_offset: 0 -> 0, h_offset: 69 -> 60
2026-05-09 20:34:34,052 - GT23.BorderPanel - DEBUG - Processing offset change (is_offset=True)
2026-05-09 20:34:34,052 - GT23.BorderPanel - DEBUG - _handle_ratio_locked_sync: ratio=3:2, is_offset=True
2026-05-09 20:34:34,052 - GT23.BorderPanel - DEBUG - Input margins: l=3211, r=589, t=198, b=1002
2026-05-09 20:34:34,052 - GT23.BorderPanel - DEBUG - Final margins (Offset-based): left=3040, right=760, top=198, bottom=1002
2026-05-09 20:34:34,052 - GT23.BorderPanel - DEBUG - After offset: left=3040, right=760, top=198, bottom=1002
2026-05-09 20:34:34,060 - GT23.BorderPanel - DEBUG - on_params_changed: is_offset=True, is_ratio_change=False
2026-05-09 20:34:34,060 - GT23.BorderPanel - DEBUG - v_offset: 0 -> 0, h_offset: 60 -> 50
2026-05-09 20:34:34,060 - GT23.BorderPanel - DEBUG - Processing offset change (is_offset=True)
2026-05-09 20:34:34,060 - GT23.BorderPanel - DEBUG - _handle_ratio_locked_sync: ratio=3:2, is_offset=True
2026-05-09 20:34:34,060 - GT23.BorderPanel - DEBUG - Input margins: l=3040, r=760, t=198, b=1002
2026-05-09 20:34:34,060 - GT23.BorderPanel - DEBUG - Final margins (Offset-based): left=2850, right=950, top=198, bottom=1002
2026-05-09 20:34:34,060 - GT23.BorderPanel - DEBUG - After offset: left=2850, right=950, top=198, bottom=1002
2026-05-09 20:34:34,068 - GT23.BorderPanel - DEBUG - on_params_changed: is_offset=True, is_ratio_change=False
2026-05-09 20:34:34,068 - GT23.BorderPanel - DEBUG - v_offset: 0 -> 0, h_offset: 50 -> 38
2026-05-09 20:34:34,068 - GT23.BorderPanel - DEBUG - Processing offset change (is_offset=True)
2026-05-09 20:34:34,068 - GT23.BorderPanel - DEBUG - _handle_ratio_locked_sync: ratio=3:2, is_offset=True
2026-05-09 20:34:34,068 - GT23.BorderPanel - DEBUG - Input margins: l=2850, r=950, t=198, b=1002
2026-05-09 20:34:34,068 - GT23.BorderPanel - DEBUG - Final margins (Offset-based): left=2622, right=1178, top=198, bottom=1002
2026-05-09 20:34:34,068 - GT23.BorderPanel - DEBUG - After offset: left=2622, right=1178, top=198, bottom=1002
2026-05-09 20:34:34,076 - GT23.BorderPanel - DEBUG - on_params_changed: is_offset=True, is_ratio_change=False
2026-05-09 20:34:34,076 - GT23.BorderPanel - DEBUG - v_offset: 0 -> 0, h_offset: 38 -> 27
2026-05-09 20:34:34,076 - GT23.BorderPanel - DEBUG - Processing offset change (is_offset=True)
2026-05-09 20:34:34,076 - GT23.BorderPanel - DEBUG - _handle_ratio_locked_sync: ratio=3:2, is_offset=True
2026-05-09 20:34:34,076 - GT23.BorderPanel - DEBUG - Input margins: l=2622, r=1178, t=198, b=1002
2026-05-09 20:34:34,076 - GT23.BorderPanel - DEBUG - Final margins (Offset-based): left=2413, right=1387, top=198, bottom=1002
2026-05-09 20:34:34,076 - GT23.BorderPanel - DEBUG - After offset: left=2413, right=1387, top=198, bottom=1002
2026-05-09 20:34:34,084 - GT23.BorderPanel - DEBUG - on_params_changed: is_offset=True, is_ratio_change=False
2026-05-09 20:34:34,084 - GT23.BorderPanel - DEBUG - v_offset: 0 -> 0, h_offset: 27 -> 17
2026-05-09 20:34:34,084 - GT23.BorderPanel - DEBUG - Processing offset change (is_offset=True)
2026-05-09 20:34:34,084 - GT23.BorderPanel - DEBUG - _handle_ratio_locked_sync: ratio=3:2, is_offset=True
2026-05-09 20:34:34,084 - GT23.BorderPanel - DEBUG - Input margins: l=2413, r=1387, t=198, b=1002
2026-05-09 20:34:34,084 - GT23.BorderPanel - DEBUG - Final margins (Offset-based): left=2223, right=1577, top=198, bottom=1002
2026-05-09 20:34:34,084 - GT23.BorderPanel - DEBUG - After offset: left=2223, right=1577, top=198, bottom=1002
2026-05-09 20:34:34,092 - GT23.BorderPanel - DEBUG - on_params_changed: is_offset=True, is_ratio_change=False
2026-05-09 20:34:34,092 - GT23.BorderPanel - DEBUG - v_offset: 0 -> 0, h_offset: 17 -> 7
2026-05-09 20:34:34,092 - GT23.BorderPanel - DEBUG - Processing offset change (is_offset=True)
2026-05-09 20:34:34,092 - GT23.BorderPanel - DEBUG - _handle_ratio_locked_sync: ratio=3:2, is_offset=True
2026-05-09 20:34:34,092 - GT23.BorderPanel - DEBUG - Input margins: l=2223, r=1577, t=198, b=1002
2026-05-09 20:34:34,092 - GT23.BorderPanel - DEBUG - Final margins (Offset-based): left=2033, right=1767, top=198, bottom=1002
2026-05-09 20:34:34,092 - GT23.BorderPanel - DEBUG - After offset: left=2033, right=1767, top=198, bottom=1002
2026-05-09 20:34:34,100 - GT23.BorderPanel - DEBUG - on_params_changed: is_offset=True, is_ratio_change=False
2026-05-09 20:34:34,100 - GT23.BorderPanel - DEBUG - v_offset: 0 -> 0, h_offset: 7 -> -1
2026-05-09 20:34:34,100 - GT23.BorderPanel - DEBUG - Processing offset change (is_offset=True)
2026-05-09 20:34:34,100 - GT23.BorderPanel - DEBUG - _handle_ratio_locked_sync: ratio=3:2, is_offset=True
2026-05-09 20:34:34,100 - GT23.BorderPanel - DEBUG - Input margins: l=2033, r=1767, t=198, b=1002
2026-05-09 20:34:34,100 - GT23.BorderPanel - DEBUG - Final margins (Offset-based): left=1881, right=1919, top=198, bottom=1002
2026-05-09 20:34:34,100 - GT23.BorderPanel - DEBUG - After offset: left=1881, right=1919, top=198, bottom=1002
2026-05-09 20:34:34,108 - GT23.BorderPanel - DEBUG - on_params_changed: is_offset=True, is_ratio_change=False
2026-05-09 20:34:34,108 - GT23.BorderPanel - DEBUG - v_offset: 0 -> 0, h_offset: -1 -> -8
2026-05-09 20:34:34,108 - GT23.BorderPanel - DEBUG - Processing offset change (is_offset=True)
2026-05-09 20:34:34,108 - GT23.BorderPanel - DEBUG - _handle_ratio_locked_sync: ratio=3:2, is_offset=True
2026-05-09 20:34:34,108 - GT23.BorderPanel - DEBUG - Input margins: l=1881, r=1919, t=198, b=1002
2026-05-09 20:34:34,108 - GT23.BorderPanel - DEBUG - Final margins (Offset-based): left=1748, right=2052, top=198, bottom=1002
2026-05-09 20:34:34,108 - GT23.BorderPanel - DEBUG - After offset: left=1748, right=2052, top=198, bottom=1002
2026-05-09 20:34:34,116 - GT23.BorderPanel - DEBUG - on_params_changed: is_offset=True, is_ratio_change=False
2026-05-09 20:34:34,116 - GT23.BorderPanel - DEBUG - v_offset: 0 -> 0, h_offset: -8 -> -10
2026-05-09 20:34:34,116 - GT23.BorderPanel - DEBUG - Processing offset change (is_offset=True)
2026-05-09 20:34:34,116 - GT23.BorderPanel - DEBUG - _handle_ratio_locked_sync: ratio=3:2, is_offset=True
2026-05-09 20:34:34,116 - GT23.BorderPanel - DEBUG - Input margins: l=1748, r=2052, t=198, b=1002
2026-05-09 20:34:34,116 - GT23.BorderPanel - DEBUG - Final margins (Offset-based): left=1710, right=2090, top=198, bottom=1002
2026-05-09 20:34:34,116 - GT23.BorderPanel - DEBUG - After offset: left=1710, right=2090, top=198, bottom=1002
2026-05-09 20:34:34,124 - GT23.BorderPanel - DEBUG - on_params_changed: is_offset=True, is_ratio_change=False
2026-05-09 20:34:34,124 - GT23.BorderPanel - DEBUG - v_offset: 0 -> 0, h_offset: -10 -> -12
2026-05-09 20:34:34,124 - GT23.BorderPanel - DEBUG - Processing offset change (is_offset=True)
2026-05-09 20:34:34,124 - GT23.BorderPanel - DEBUG - _handle_ratio_locked_sync: ratio=3:2, is_offset=True
2026-05-09 20:34:34,124 - GT23.BorderPanel - DEBUG - Input margins: l=1710, r=2090, t=198, b=1002
2026-05-09 20:34:34,124 - GT23.BorderPanel - DEBUG - Final margins (Offset-based): left=1672, right=2128, top=198, bottom=1002
2026-05-09 20:34:34,124 - GT23.BorderPanel - DEBUG - After offset: left=1672, right=2128, top=198, bottom=1002
2026-05-09 20:34:34,202 - GT23.BorderPanel - DEBUG - on_params_changed: is_offset=False, is_ratio_change=False
2026-05-09 20:34:34,202 - GT23.BorderPanel - DEBUG - v_offset: 0 -> 0, h_offset: -12 -> -12
2026-05-09 20:34:34,853 - GT23.BorderPanel - DEBUG - on_params_changed: is_offset=True, is_ratio_change=False
2026-05-09 20:34:34,853 - GT23.BorderPanel - DEBUG - v_offset: 0 -> 0, h_offset: -12 -> -11
2026-05-09 20:34:34,853 - GT23.BorderPanel - DEBUG - Processing offset change (is_offset=True)
2026-05-09 20:34:34,853 - GT23.BorderPanel - DEBUG - _handle_ratio_locked_sync: ratio=3:2, is_offset=True
2026-05-09 20:34:34,853 - GT23.BorderPanel - DEBUG - Input margins: l=1672, r=2128, t=198, b=1002
2026-05-09 20:34:34,853 - GT23.BorderPanel - DEBUG - Final margins (Offset-based): left=1691, right=2109, top=198, bottom=1002
2026-05-09 20:34:34,853 - GT23.BorderPanel - DEBUG - After offset: left=1691, right=2109, top=198, bottom=1002
2026-05-09 20:34:34,861 - GT23.BorderPanel - DEBUG - on_params_changed: is_offset=True, is_ratio_change=False
2026-05-09 20:34:34,861 - GT23.BorderPanel - DEBUG - v_offset: 0 -> 0, h_offset: -11 -> -9
2026-05-09 20:34:34,861 - GT23.BorderPanel - DEBUG - Processing offset change (is_offset=True)
2026-05-09 20:34:34,861 - GT23.BorderPanel - DEBUG - _handle_ratio_locked_sync: ratio=3:2, is_offset=True
2026-05-09 20:34:34,861 - GT23.BorderPanel - DEBUG - Input margins: l=1691, r=2109, t=198, b=1002
2026-05-09 20:34:34,861 - GT23.BorderPanel - DEBUG - Final margins (Offset-based): left=1729, right=2071, top=198, bottom=1002
2026-05-09 20:34:34,861 - GT23.BorderPanel - DEBUG - After offset: left=1729, right=2071, top=198, bottom=1002
2026-05-09 20:34:34,869 - GT23.BorderPanel - DEBUG - on_params_changed: is_offset=True, is_ratio_change=False
2026-05-09 20:34:34,869 - GT23.BorderPanel - DEBUG - v_offset: 0 -> 0, h_offset: -9 -> -2
2026-05-09 20:34:34,869 - GT23.BorderPanel - DEBUG - Processing offset change (is_offset=True)
2026-05-09 20:34:34,869 - GT23.BorderPanel - DEBUG - _handle_ratio_locked_sync: ratio=3:2, is_offset=True
2026-05-09 20:34:34,869 - GT23.BorderPanel - DEBUG - Input margins: l=1729, r=2071, t=198, b=1002
2026-05-09 20:34:34,869 - GT23.BorderPanel - DEBUG - Final margins (Offset-based): left=1862, right=1938, top=198, bottom=1002
2026-05-09 20:34:34,869 - GT23.BorderPanel - DEBUG - After offset: left=1862, right=1938, top=198, bottom=1002
2026-05-09 20:34:34,878 - GT23.BorderPanel - DEBUG - on_params_changed: is_offset=True, is_ratio_change=False
2026-05-09 20:34:34,878 - GT23.BorderPanel - DEBUG - v_offset: 0 -> 0, h_offset: -2 -> 2
2026-05-09 20:34:34,879 - GT23.BorderPanel - DEBUG - Processing offset change (is_offset=True)
2026-05-09 20:34:34,879 - GT23.BorderPanel - DEBUG - _handle_ratio_locked_sync: ratio=3:2, is_offset=True
2026-05-09 20:34:34,879 - GT23.BorderPanel - DEBUG - Input margins: l=1862, r=1938, t=198, b=1002
2026-05-09 20:34:34,879 - GT23.BorderPanel - DEBUG - Final margins (Offset-based): left=1938, right=1862, top=198, bottom=1002
2026-05-09 20:34:34,879 - GT23.BorderPanel - DEBUG - After offset: left=1938, right=1862, top=198, bottom=1002
2026-05-09 20:34:34,931 - GT23.BorderPanel - DEBUG - on_params_changed: is_offset=True, is_ratio_change=False
2026-05-09 20:34:34,931 - GT23.BorderPanel - DEBUG - v_offset: 0 -> 0, h_offset: 2 -> 59
2026-05-09 20:34:34,931 - GT23.BorderPanel - DEBUG - Processing offset change (is_offset=True)
2026-05-09 20:34:34,931 - GT23.BorderPanel - DEBUG - _handle_ratio_locked_sync: ratio=3:2, is_offset=True
2026-05-09 20:34:34,931 - GT23.BorderPanel - DEBUG - Input margins: l=1938, r=1862, t=198, b=1002
2026-05-09 20:34:34,931 - GT23.BorderPanel - DEBUG - Final margins (Offset-based): left=3020, right=780, top=198, bottom=1002
2026-05-09 20:34:34,931 - GT23.BorderPanel - DEBUG - After offset: left=3020, right=780, top=198, bottom=1002
2026-05-09 20:34:34,933 - GT23.BorderPanel - DEBUG - on_params_changed: is_offset=True, is_ratio_change=False
2026-05-09 20:34:34,933 - GT23.BorderPanel - DEBUG - v_offset: 0 -> 0, h_offset: 59 -> 71
2026-05-09 20:34:34,933 - GT23.BorderPanel - DEBUG - Processing offset change (is_offset=True)
2026-05-09 20:34:34,933 - GT23.BorderPanel - DEBUG - _handle_ratio_locked_sync: ratio=3:2, is_offset=True
2026-05-09 20:34:34,933 - GT23.BorderPanel - DEBUG - Input margins: l=3020, r=780, t=198, b=1002
2026-05-09 20:34:34,934 - GT23.BorderPanel - DEBUG - Final margins (Offset-based): left=3249, right=551, top=198, bottom=1002
2026-05-09 20:34:34,934 - GT23.BorderPanel - DEBUG - After offset: left=3249, right=551, top=198, bottom=1002
2026-05-09 20:34:34,941 - GT23.BorderPanel - DEBUG - on_params_changed: is_offset=True, is_ratio_change=False
2026-05-09 20:34:34,941 - GT23.BorderPanel - DEBUG - v_offset: 0 -> 0, h_offset: 71 -> 83
2026-05-09 20:34:34,941 - GT23.BorderPanel - DEBUG - Processing offset change (is_offset=True)
2026-05-09 20:34:34,941 - GT23.BorderPanel - DEBUG - _handle_ratio_locked_sync: ratio=3:2, is_offset=True
2026-05-09 20:34:34,941 - GT23.BorderPanel - DEBUG - Input margins: l=3249, r=551, t=198, b=1002
2026-05-09 20:34:34,941 - GT23.BorderPanel - DEBUG - Final margins (Offset-based): left=3477, right=323, top=198, bottom=1002
2026-05-09 20:34:34,941 - GT23.BorderPanel - DEBUG - After offset: left=3477, right=323, top=198, bottom=1002
2026-05-09 20:34:34,949 - GT23.BorderPanel - DEBUG - on_params_changed: is_offset=True, is_ratio_change=False
2026-05-09 20:34:34,949 - GT23.BorderPanel - DEBUG - v_offset: 0 -> 0, h_offset: 83 -> 93
2026-05-09 20:34:34,949 - GT23.BorderPanel - DEBUG - Processing offset change (is_offset=True)
2026-05-09 20:34:34,949 - GT23.BorderPanel - DEBUG - _handle_ratio_locked_sync: ratio=3:2, is_offset=True
2026-05-09 20:34:34,949 - GT23.BorderPanel - DEBUG - Input margins: l=3477, r=323, t=198, b=1002
2026-05-09 20:34:34,949 - GT23.BorderPanel - DEBUG - Final margins (Offset-based): left=3667, right=133, top=198, bottom=1002
2026-05-09 20:34:34,949 - GT23.BorderPanel - DEBUG - After offset: left=3667, right=133, top=198, bottom=1002
2026-05-09 20:34:34,957 - GT23.BorderPanel - DEBUG - on_params_changed: is_offset=True, is_ratio_change=False
2026-05-09 20:34:34,957 - GT23.BorderPanel - DEBUG - v_offset: 0 -> 0, h_offset: 93 -> 100
2026-05-09 20:34:34,957 - GT23.BorderPanel - DEBUG - Processing offset change (is_offset=True)
2026-05-09 20:34:34,957 - GT23.BorderPanel - DEBUG - _handle_ratio_locked_sync: ratio=3:2, is_offset=True
2026-05-09 20:34:34,957 - GT23.BorderPanel - DEBUG - Input margins: l=3667, r=133, t=198, b=1002
2026-05-09 20:34:34,957 - GT23.BorderPanel - DEBUG - Final margins (Offset-based): left=3800, right=0, top=198, bottom=1002
2026-05-09 20:34:34,957 - GT23.BorderPanel - DEBUG - After offset: left=3800, right=0, top=198, bottom=1002
2026-05-09 20:34:34,965 - GT23.BorderPanel - DEBUG - on_params_changed: is_offset=False, is_ratio_change=False
2026-05-09 20:34:34,965 - GT23.BorderPanel - DEBUG - v_offset: 0 -> 0, h_offset: 100 -> 100
2026-05-09 20:34:34,973 - GT23.BorderPanel - DEBUG - on_params_changed: is_offset=False, is_ratio_change=False
2026-05-09 20:34:34,973 - GT23.BorderPanel - DEBUG - v_offset: 0 -> 0, h_offset: 100 -> 100
2026-05-09 20:34:34,981 - GT23.BorderPanel - DEBUG - on_params_changed: is_offset=False, is_ratio_change=False
2026-05-09 20:34:34,981 - GT23.BorderPanel - DEBUG - v_offset: 0 -> 0, h_offset: 100 -> 100
2026-05-09 20:34:34,989 - GT23.BorderPanel - DEBUG - on_params_changed: is_offset=False, is_ratio_change=False
2026-05-09 20:34:34,989 - GT23.BorderPanel - DEBUG - v_offset: 0 -> 0, h_offset: 100 -> 100
2026-05-09 20:34:34,997 - GT23.BorderPanel - DEBUG - on_params_changed: is_offset=False, is_ratio_change=False
2026-05-09 20:34:34,997 - GT23.BorderPanel - DEBUG - v_offset: 0 -> 0, h_offset: 100 -> 100
2026-05-09 20:34:35,005 - GT23.BorderPanel - DEBUG - on_params_changed: is_offset=False, is_ratio_change=False
2026-05-09 20:34:35,005 - GT23.BorderPanel - DEBUG - v_offset: 0 -> 0, h_offset: 100 -> 100
2026-05-09 20:34:35,013 - GT23.BorderPanel - DEBUG - on_params_changed: is_offset=False, is_ratio_change=False
2026-05-09 20:34:35,013 - GT23.BorderPanel - DEBUG - v_offset: 0 -> 0, h_offset: 100 -> 100
2026-05-09 20:34:35,021 - GT23.BorderPanel - DEBUG - on_params_changed: is_offset=False, is_ratio_change=False
2026-05-09 20:34:35,021 - GT23.BorderPanel - DEBUG - v_offset: 0 -> 0, h_offset: 100 -> 100
2026-05-09 20:34:35,029 - GT23.BorderPanel - DEBUG - on_params_changed: is_offset=False, is_ratio_change=False
2026-05-09 20:34:35,029 - GT23.BorderPanel - DEBUG - v_offset: 0 -> 0, h_offset: 100 -> 100
2026-05-09 20:34:35,037 - GT23.BorderPanel - DEBUG - on_params_changed: is_offset=False, is_ratio_change=False
2026-05-09 20:34:35,037 - GT23.BorderPanel - DEBUG - v_offset: 0 -> 0, h_offset: 100 -> 100
2026-05-09 20:34:35,045 - GT23.BorderPanel - DEBUG - on_params_changed: is_offset=False, is_ratio_change=False
2026-05-09 20:34:35,045 - GT23.BorderPanel - DEBUG - v_offset: 0 -> 0, h_offset: 100 -> 100
2026-05-09 20:34:35,053 - GT23.BorderPanel - DEBUG - on_params_changed: is_offset=False, is_ratio_change=False
2026-05-09 20:34:35,053 - GT23.BorderPanel - DEBUG - v_offset: 0 -> 0, h_offset: 100 -> 100
2026-05-09 20:34:35,061 - GT23.BorderPanel - DEBUG - on_params_changed: is_offset=False, is_ratio_change=False
2026-05-09 20:34:35,061 - GT23.BorderPanel - DEBUG - v_offset: 0 -> 0, h_offset: 100 -> 100
2026-05-09 20:34:35,069 - GT23.BorderPanel - DEBUG - on_params_changed: is_offset=False, is_ratio_change=False
2026-05-09 20:34:35,069 - GT23.BorderPanel - DEBUG - v_offset: 0 -> 0, h_offset: 100 -> 100
2026-05-09 20:34:35,078 - GT23.BorderPanel - DEBUG - on_params_changed: is_offset=False, is_ratio_change=False
2026-05-09 20:34:35,078 - GT23.BorderPanel - DEBUG - v_offset: 0 -> 0, h_offset: 100 -> 100
2026-05-09 20:34:35,086 - GT23.BorderPanel - DEBUG - on_params_changed: is_offset=False, is_ratio_change=False
2026-05-09 20:34:35,086 - GT23.BorderPanel - DEBUG - v_offset: 0 -> 0, h_offset: 100 -> 100
2026-05-09 20:34:35,095 - GT23.BorderPanel - DEBUG - on_params_changed: is_offset=False, is_ratio_change=False
2026-05-09 20:34:35,095 - GT23.BorderPanel - DEBUG - v_offset: 0 -> 0, h_offset: 100 -> 100
2026-05-09 20:34:35,102 - GT23.BorderPanel - DEBUG - on_params_changed: is_offset=False, is_ratio_change=False
2026-05-09 20:34:35,102 - GT23.BorderPanel - DEBUG - v_offset: 0 -> 0, h_offset: 100 -> 100
2026-05-09 20:34:35,119 - GT23.BorderPanel - DEBUG - on_params_changed: is_offset=False, is_ratio_change=False
2026-05-09 20:34:35,119 - GT23.BorderPanel - DEBUG - v_offset: 0 -> 0, h_offset: 100 -> 100
2026-05-09 20:34:35,174 - GT23.BorderPanel - DEBUG - on_params_changed: is_offset=False, is_ratio_change=False
2026-05-09 20:34:35,174 - GT23.BorderPanel - DEBUG - v_offset: 0 -> 0, h_offset: 100 -> 100
2026-05-09 20:34:39,498 - GT23.BorderPanel - DEBUG - === _on_ratio_changed_aesthetic called ===
2026-05-09 20:34:39,498 - GT23.BorderPanel - DEBUG - Before: left=3800, right=0, top=198, bottom=1002
2026-05-09 20:34:39,498 - GT23.BorderPanel - DEBUG - v_offset=0, h_offset=100
2026-05-09 20:34:39,499 - GT23.BorderPanel - DEBUG - After reset/preset: left=400, right=400, top=400, bottom=1200
2026-05-09 20:34:39,499 - GT23.BorderPanel - DEBUG - on_params_changed: is_offset=False, is_ratio_change=True
2026-05-09 20:34:39,499 - GT23.BorderPanel - DEBUG - v_offset: 0 -> 0, h_offset: 100 -> 100
2026-05-09 20:34:39,499 - GT23.BorderPanel - DEBUG - Processing ratio change (is_offset=False)
2026-05-09 20:34:39,499 - GT23.BorderPanel - DEBUG - _handle_ratio_locked_sync: ratio=4:5, is_offset=False
2026-05-09 20:34:39,499 - GT23.BorderPanel - DEBUG - Input margins: l=400, r=400, t=400, b=1200
2026-05-09 20:34:39,499 - GT23.BorderPanel - DEBUG - Final margins (Proportional): left=400, right=400, top=500, bottom=1500.0
2026-05-09 20:34:39,499 - GT23.BorderPanel - DEBUG - After ratio: left=400, right=400, top=500, bottom=1500
2026-05-09 20:34:39,500 - GT23.BorderPanel - DEBUG - on_params_changed: is_offset=False, is_ratio_change=False
2026-05-09 20:34:39,500 - GT23.BorderPanel - DEBUG - v_offset: 0 -> 0, h_offset: 100 -> 100
2026-05-09 20:34:42,190 - GT23.BorderPanel - DEBUG - on_params_changed: is_offset=True, is_ratio_change=False
2026-05-09 20:34:42,191 - GT23.BorderPanel - DEBUG - v_offset: 0 -> 0, h_offset: 100 -> 94
2026-05-09 20:34:42,191 - GT23.BorderPanel - DEBUG - Processing offset change (is_offset=True)
2026-05-09 20:34:42,191 - GT23.BorderPanel - DEBUG - _handle_ratio_locked_sync: ratio=4:5, is_offset=True
2026-05-09 20:34:42,191 - GT23.BorderPanel - DEBUG - Input margins: l=400, r=400, t=500, b=1500
2026-05-09 20:34:42,192 - GT23.BorderPanel - DEBUG - Final margins (Offset-based): left=776, right=24, top=438, bottom=1562
2026-05-09 20:34:42,192 - GT23.BorderPanel - DEBUG - After offset: left=776, right=24, top=438, bottom=1562
2026-05-09 20:34:42,197 - GT23.BorderPanel - DEBUG - on_params_changed: is_offset=True, is_ratio_change=False
2026-05-09 20:34:42,197 - GT23.BorderPanel - DEBUG - v_offset: 0 -> 0, h_offset: 94 -> 92
2026-05-09 20:34:42,197 - GT23.BorderPanel - DEBUG - Processing offset change (is_offset=True)
2026-05-09 20:34:42,197 - GT23.BorderPanel - DEBUG - _handle_ratio_locked_sync: ratio=4:5, is_offset=True
2026-05-09 20:34:42,197 - GT23.BorderPanel - DEBUG - Input margins: l=776, r=24, t=438, b=1562
2026-05-09 20:34:42,198 - GT23.BorderPanel - DEBUG - Final margins (Offset-based): left=768, right=32, top=438, bottom=1562
2026-05-09 20:34:42,198 - GT23.BorderPanel - DEBUG - After offset: left=768, right=32, top=438, bottom=1562
2026-05-09 20:34:42,204 - GT23.BorderPanel - DEBUG - on_params_changed: is_offset=True, is_ratio_change=False
2026-05-09 20:34:42,204 - GT23.BorderPanel - DEBUG - v_offset: 0 -> 0, h_offset: 92 -> 88
2026-05-09 20:34:42,204 - GT23.BorderPanel - DEBUG - Processing offset change (is_offset=True)
2026-05-09 20:34:42,204 - GT23.BorderPanel - DEBUG - _handle_ratio_locked_sync: ratio=4:5, is_offset=True
2026-05-09 20:34:42,204 - GT23.BorderPanel - DEBUG - Input margins: l=768, r=32, t=438, b=1562
2026-05-09 20:34:42,204 - GT23.BorderPanel - DEBUG - Final margins (Offset-based): left=752, right=48, top=438, bottom=1562
2026-05-09 20:34:42,204 - GT23.BorderPanel - DEBUG - After offset: left=752, right=48, top=438, bottom=1562
2026-05-09 20:34:42,211 - GT23.BorderPanel - DEBUG - on_params_changed: is_offset=True, is_ratio_change=False
2026-05-09 20:34:42,211 - GT23.BorderPanel - DEBUG - v_offset: 0 -> 0, h_offset: 88 -> 82
2026-05-09 20:34:42,211 - GT23.BorderPanel - DEBUG - Processing offset change (is_offset=True)
2026-05-09 20:34:42,211 - GT23.BorderPanel - DEBUG - _handle_ratio_locked_sync: ratio=4:5, is_offset=True
2026-05-09 20:34:42,211 - GT23.BorderPanel - DEBUG - Input margins: l=752, r=48, t=438, b=1562
2026-05-09 20:34:42,211 - GT23.BorderPanel - DEBUG - Final margins (Offset-based): left=727, right=73, top=438, bottom=1562
2026-05-09 20:34:42,211 - GT23.BorderPanel - DEBUG - After offset: left=727, right=73, top=438, bottom=1562
2026-05-09 20:34:42,220 - GT23.BorderPanel - DEBUG - on_params_changed: is_offset=True, is_ratio_change=False
2026-05-09 20:34:42,220 - GT23.BorderPanel - DEBUG - v_offset: 0 -> 0, h_offset: 82 -> 79
2026-05-09 20:34:42,220 - GT23.BorderPanel - DEBUG - Processing offset change (is_offset=True)
2026-05-09 20:34:42,220 - GT23.BorderPanel - DEBUG - _handle_ratio_locked_sync: ratio=4:5, is_offset=True
2026-05-09 20:34:42,220 - GT23.BorderPanel - DEBUG - Input margins: l=727, r=73, t=438, b=1562
2026-05-09 20:34:42,220 - GT23.BorderPanel - DEBUG - Final margins (Offset-based): left=716, right=84, top=438, bottom=1562
2026-05-09 20:34:42,220 - GT23.BorderPanel - DEBUG - After offset: left=716, right=84, top=438, bottom=1562
2026-05-09 20:34:42,228 - GT23.BorderPanel - DEBUG - on_params_changed: is_offset=True, is_ratio_change=False
2026-05-09 20:34:42,228 - GT23.BorderPanel - DEBUG - v_offset: 0 -> 0, h_offset: 79 -> 74
2026-05-09 20:34:42,228 - GT23.BorderPanel - DEBUG - Processing offset change (is_offset=True)
2026-05-09 20:34:42,228 - GT23.BorderPanel - DEBUG - _handle_ratio_locked_sync: ratio=4:5, is_offset=True
2026-05-09 20:34:42,228 - GT23.BorderPanel - DEBUG - Input margins: l=716, r=84, t=438, b=1562
2026-05-09 20:34:42,228 - GT23.BorderPanel - DEBUG - Final margins (Offset-based): left=696, right=104, top=438, bottom=1562
2026-05-09 20:34:42,228 - GT23.BorderPanel - DEBUG - After offset: left=696, right=104, top=438, bottom=1562
2026-05-09 20:34:42,236 - GT23.BorderPanel - DEBUG - on_params_changed: is_offset=True, is_ratio_change=False
2026-05-09 20:34:42,236 - GT23.BorderPanel - DEBUG - v_offset: 0 -> 0, h_offset: 74 -> 64
2026-05-09 20:34:42,236 - GT23.BorderPanel - DEBUG - Processing offset change (is_offset=True)
2026-05-09 20:34:42,236 - GT23.BorderPanel - DEBUG - _handle_ratio_locked_sync: ratio=4:5, is_offset=True
2026-05-09 20:34:42,236 - GT23.BorderPanel - DEBUG - Input margins: l=696, r=104, t=438, b=1562
2026-05-09 20:34:42,236 - GT23.BorderPanel - DEBUG - Final margins (Offset-based): left=656, right=144, top=438, bottom=1562
2026-05-09 20:34:42,236 - GT23.BorderPanel - DEBUG - After offset: left=656, right=144, top=438, bottom=1562
2026-05-09 20:34:42,244 - GT23.BorderPanel - DEBUG - on_params_changed: is_offset=True, is_ratio_change=False
2026-05-09 20:34:42,244 - GT23.BorderPanel - DEBUG - v_offset: 0 -> 0, h_offset: 64 -> 52
2026-05-09 20:34:42,244 - GT23.BorderPanel - DEBUG - Processing offset change (is_offset=True)
2026-05-09 20:34:42,244 - GT23.BorderPanel - DEBUG - _handle_ratio_locked_sync: ratio=4:5, is_offset=True
2026-05-09 20:34:42,244 - GT23.BorderPanel - DEBUG - Input margins: l=656, r=144, t=438, b=1562
2026-05-09 20:34:42,244 - GT23.BorderPanel - DEBUG - Final margins (Offset-based): left=608, right=192, top=438, bottom=1562
2026-05-09 20:34:42,244 - GT23.BorderPanel - DEBUG - After offset: left=608, right=192, top=438, bottom=1562
2026-05-09 20:34:42,252 - GT23.BorderPanel - DEBUG - on_params_changed: is_offset=True, is_ratio_change=False
2026-05-09 20:34:42,252 - GT23.BorderPanel - DEBUG - v_offset: 0 -> 0, h_offset: 52 -> 42
2026-05-09 20:34:42,252 - GT23.BorderPanel - DEBUG - Processing offset change (is_offset=True)
2026-05-09 20:34:42,252 - GT23.BorderPanel - DEBUG - _handle_ratio_locked_sync: ratio=4:5, is_offset=True
2026-05-09 20:34:42,252 - GT23.BorderPanel - DEBUG - Input margins: l=608, r=192, t=438, b=1562
2026-05-09 20:34:42,252 - GT23.BorderPanel - DEBUG - Final margins (Offset-based): left=568, right=232, top=438, bottom=1562
2026-05-09 20:34:42,252 - GT23.BorderPanel - DEBUG - After offset: left=568, right=232, top=438, bottom=1562
2026-05-09 20:34:42,260 - GT23.BorderPanel - DEBUG - on_params_changed: is_offset=True, is_ratio_change=False
2026-05-09 20:34:42,260 - GT23.BorderPanel - DEBUG - v_offset: 0 -> 0, h_offset: 42 -> 32
2026-05-09 20:34:42,260 - GT23.BorderPanel - DEBUG - Processing offset change (is_offset=True)
2026-05-09 20:34:42,260 - GT23.BorderPanel - DEBUG - _handle_ratio_locked_sync: ratio=4:5, is_offset=True
2026-05-09 20:34:42,260 - GT23.BorderPanel - DEBUG - Input margins: l=568, r=232, t=438, b=1562
2026-05-09 20:34:42,260 - GT23.BorderPanel - DEBUG - Final margins (Offset-based): left=528, right=272, top=438, bottom=1562
2026-05-09 20:34:42,260 - GT23.BorderPanel - DEBUG - After offset: left=528, right=272, top=438, bottom=1562
2026-05-09 20:34:42,268 - GT23.BorderPanel - DEBUG - on_params_changed: is_offset=True, is_ratio_change=False
2026-05-09 20:34:42,268 - GT23.BorderPanel - DEBUG - v_offset: 0 -> 0, h_offset: 32 -> 22
2026-05-09 20:34:42,268 - GT23.BorderPanel - DEBUG - Processing offset change (is_offset=True)
2026-05-09 20:34:42,268 - GT23.BorderPanel - DEBUG - _handle_ratio_locked_sync: ratio=4:5, is_offset=True
2026-05-09 20:34:42,268 - GT23.BorderPanel - DEBUG - Input margins: l=528, r=272, t=438, b=1562
2026-05-09 20:34:42,268 - GT23.BorderPanel - DEBUG - Final margins (Offset-based): left=488, right=312, top=438, bottom=1562
2026-05-09 20:34:42,268 - GT23.BorderPanel - DEBUG - After offset: left=488, right=312, top=438, bottom=1562
2026-05-09 20:34:42,276 - GT23.BorderPanel - DEBUG - on_params_changed: is_offset=True, is_ratio_change=False
2026-05-09 20:34:42,276 - GT23.BorderPanel - DEBUG - v_offset: 0 -> 0, h_offset: 22 -> 12
2026-05-09 20:34:42,276 - GT23.BorderPanel - DEBUG - Processing offset change (is_offset=True)
2026-05-09 20:34:42,276 - GT23.BorderPanel - DEBUG - _handle_ratio_locked_sync: ratio=4:5, is_offset=True
2026-05-09 20:34:42,276 - GT23.BorderPanel - DEBUG - Input margins: l=488, r=312, t=438, b=1562
2026-05-09 20:34:42,276 - GT23.BorderPanel - DEBUG - Final margins (Offset-based): left=448, right=352, top=438, bottom=1562
2026-05-09 20:34:42,276 - GT23.BorderPanel - DEBUG - After offset: left=448, right=352, top=438, bottom=1562
2026-05-09 20:34:42,284 - GT23.BorderPanel - DEBUG - on_params_changed: is_offset=True, is_ratio_change=False
2026-05-09 20:34:42,284 - GT23.BorderPanel - DEBUG - v_offset: 0 -> 0, h_offset: 12 -> 5
2026-05-09 20:34:42,284 - GT23.BorderPanel - DEBUG - Processing offset change (is_offset=True)
2026-05-09 20:34:42,284 - GT23.BorderPanel - DEBUG - _handle_ratio_locked_sync: ratio=4:5, is_offset=True
2026-05-09 20:34:42,284 - GT23.BorderPanel - DEBUG - Input margins: l=448, r=352, t=438, b=1562
2026-05-09 20:34:42,284 - GT23.BorderPanel - DEBUG - Final margins (Offset-based): left=420, right=380, top=438, bottom=1562
2026-05-09 20:34:42,284 - GT23.BorderPanel - DEBUG - After offset: left=420, right=380, top=438, bottom=1562
2026-05-09 20:34:42,292 - GT23.BorderPanel - DEBUG - on_params_changed: is_offset=True, is_ratio_change=False
2026-05-09 20:34:42,292 - GT23.BorderPanel - DEBUG - v_offset: 0 -> 0, h_offset: 5 -> -1
2026-05-09 20:34:42,292 - GT23.BorderPanel - DEBUG - Processing offset change (is_offset=True)
2026-05-09 20:34:42,292 - GT23.BorderPanel - DEBUG - _handle_ratio_locked_sync: ratio=4:5, is_offset=True
2026-05-09 20:34:42,292 - GT23.BorderPanel - DEBUG - Input margins: l=420, r=380, t=438, b=1562
2026-05-09 20:34:42,292 - GT23.BorderPanel - DEBUG - Final margins (Offset-based): left=396, right=404, top=438, bottom=1562
2026-05-09 20:34:42,292 - GT23.BorderPanel - DEBUG - After offset: left=396, right=404, top=438, bottom=1562
2026-05-09 20:34:42,300 - GT23.BorderPanel - DEBUG - on_params_changed: is_offset=True, is_ratio_change=False
2026-05-09 20:34:42,300 - GT23.BorderPanel - DEBUG - v_offset: 0 -> 0, h_offset: -1 -> -3
2026-05-09 20:34:42,300 - GT23.BorderPanel - DEBUG - Processing offset change (is_offset=True)
2026-05-09 20:34:42,300 - GT23.BorderPanel - DEBUG - _handle_ratio_locked_sync: ratio=4:5, is_offset=True
2026-05-09 20:34:42,300 - GT23.BorderPanel - DEBUG - Input margins: l=396, r=404, t=438, b=1562
2026-05-09 20:34:42,301 - GT23.BorderPanel - DEBUG - Final margins (Offset-based): left=388, right=412, top=438, bottom=1562
2026-05-09 20:34:42,301 - GT23.BorderPanel - DEBUG - After offset: left=388, right=412, top=438, bottom=1562
2026-05-09 20:34:42,308 - GT23.BorderPanel - DEBUG - on_params_changed: is_offset=True, is_ratio_change=False
2026-05-09 20:34:42,308 - GT23.BorderPanel - DEBUG - v_offset: 0 -> 0, h_offset: -3 -> -6
2026-05-09 20:34:42,308 - GT23.BorderPanel - DEBUG - Processing offset change (is_offset=True)
2026-05-09 20:34:42,308 - GT23.BorderPanel - DEBUG - _handle_ratio_locked_sync: ratio=4:5, is_offset=True
2026-05-09 20:34:42,308 - GT23.BorderPanel - DEBUG - Input margins: l=388, r=412, t=438, b=1562
2026-05-09 20:34:42,309 - GT23.BorderPanel - DEBUG - Final margins (Offset-based): left=376, right=424, top=438, bottom=1562
2026-05-09 20:34:42,309 - GT23.BorderPanel - DEBUG - After offset: left=376, right=424, top=438, bottom=1562
2026-05-09 20:34:42,316 - GT23.BorderPanel - DEBUG - on_params_changed: is_offset=True, is_ratio_change=False
2026-05-09 20:34:42,316 - GT23.BorderPanel - DEBUG - v_offset: 0 -> 0, h_offset: -6 -> -8
2026-05-09 20:34:42,316 - GT23.BorderPanel - DEBUG - Processing offset change (is_offset=True)
2026-05-09 20:34:42,316 - GT23.BorderPanel - DEBUG - _handle_ratio_locked_sync: ratio=4:5, is_offset=True
2026-05-09 20:34:42,316 - GT23.BorderPanel - DEBUG - Input margins: l=376, r=424, t=438, b=1562
2026-05-09 20:34:42,316 - GT23.BorderPanel - DEBUG - Final margins (Offset-based): left=368, right=432, top=438, bottom=1562
2026-05-09 20:34:42,317 - GT23.BorderPanel - DEBUG - After offset: left=368, right=432, top=438, bottom=1562
2026-05-09 20:34:42,324 - GT23.BorderPanel - DEBUG - on_params_changed: is_offset=True, is_ratio_change=False
2026-05-09 20:34:42,324 - GT23.BorderPanel - DEBUG - v_offset: 0 -> 0, h_offset: -8 -> -10
2026-05-09 20:34:42,324 - GT23.BorderPanel - DEBUG - Processing offset change (is_offset=True)
2026-05-09 20:34:42,324 - GT23.BorderPanel - DEBUG - _handle_ratio_locked_sync: ratio=4:5, is_offset=True
2026-05-09 20:34:42,324 - GT23.BorderPanel - DEBUG - Input margins: l=368, r=432, t=438, b=1562
2026-05-09 20:34:42,324 - GT23.BorderPanel - DEBUG - Final margins (Offset-based): left=360, right=440, top=438, bottom=1562
2026-05-09 20:34:42,324 - GT23.BorderPanel - DEBUG - After offset: left=360, right=440, top=438, bottom=1562
2026-05-09 20:34:42,332 - GT23.BorderPanel - DEBUG - on_params_changed: is_offset=True, is_ratio_change=False
2026-05-09 20:34:42,332 - GT23.BorderPanel - DEBUG - v_offset: 0 -> 0, h_offset: -10 -> -13
2026-05-09 20:34:42,332 - GT23.BorderPanel - DEBUG - Processing offset change (is_offset=True)
2026-05-09 20:34:42,332 - GT23.BorderPanel - DEBUG - _handle_ratio_locked_sync: ratio=4:5, is_offset=True
2026-05-09 20:34:42,332 - GT23.BorderPanel - DEBUG - Input margins: l=360, r=440, t=438, b=1562
2026-05-09 20:34:42,332 - GT23.BorderPanel - DEBUG - Final margins (Offset-based): left=348, right=452, top=438, bottom=1562
2026-05-09 20:34:42,333 - GT23.BorderPanel - DEBUG - After offset: left=348, right=452, top=438, bottom=1562
2026-05-09 20:34:42,340 - GT23.BorderPanel - DEBUG - on_params_changed: is_offset=True, is_ratio_change=False
2026-05-09 20:34:42,340 - GT23.BorderPanel - DEBUG - v_offset: 0 -> 0, h_offset: -13 -> -14
2026-05-09 20:34:42,340 - GT23.BorderPanel - DEBUG - Processing offset change (is_offset=True)
2026-05-09 20:34:42,340 - GT23.BorderPanel - DEBUG - _handle_ratio_locked_sync: ratio=4:5, is_offset=True
2026-05-09 20:34:42,340 - GT23.BorderPanel - DEBUG - Input margins: l=348, r=452, t=438, b=1562
2026-05-09 20:34:42,340 - GT23.BorderPanel - DEBUG - Final margins (Offset-based): left=344, right=456, top=438, bottom=1562
2026-05-09 20:34:42,340 - GT23.BorderPanel - DEBUG - After offset: left=344, right=456, top=438, bottom=1562
2026-05-09 20:34:42,348 - GT23.BorderPanel - DEBUG - on_params_changed: is_offset=True, is_ratio_change=False
2026-05-09 20:34:42,348 - GT23.BorderPanel - DEBUG - v_offset: 0 -> 0, h_offset: -14 -> -15
2026-05-09 20:34:42,348 - GT23.BorderPanel - DEBUG - Processing offset change (is_offset=True)
2026-05-09 20:34:42,348 - GT23.BorderPanel - DEBUG - _handle_ratio_locked_sync: ratio=4:5, is_offset=True
2026-05-09 20:34:42,348 - GT23.BorderPanel - DEBUG - Input margins: l=344, r=456, t=438, b=1562
2026-05-09 20:34:42,348 - GT23.BorderPanel - DEBUG - Final margins (Offset-based): left=340, right=460, top=438, bottom=1562
2026-05-09 20:34:42,348 - GT23.BorderPanel - DEBUG - After offset: left=340, right=460, top=438, bottom=1562
2026-05-09 20:34:42,356 - GT23.BorderPanel - DEBUG - on_params_changed: is_offset=True, is_ratio_change=False
2026-05-09 20:34:42,356 - GT23.BorderPanel - DEBUG - v_offset: 0 -> 0, h_offset: -15 -> -16
2026-05-09 20:34:42,356 - GT23.BorderPanel - DEBUG - Processing offset change (is_offset=True)
2026-05-09 20:34:42,356 - GT23.BorderPanel - DEBUG - _handle_ratio_locked_sync: ratio=4:5, is_offset=True
2026-05-09 20:34:42,356 - GT23.BorderPanel - DEBUG - Input margins: l=340, r=460, t=438, b=1562
2026-05-09 20:34:42,356 - GT23.BorderPanel - DEBUG - Final margins (Offset-based): left=336, right=464, top=438, bottom=1562
2026-05-09 20:34:42,356 - GT23.BorderPanel - DEBUG - After offset: left=336, right=464, top=438, bottom=1562
2026-05-09 20:34:42,364 - GT23.BorderPanel - DEBUG - on_params_changed: is_offset=False, is_ratio_change=False
2026-05-09 20:34:42,364 - GT23.BorderPanel - DEBUG - v_offset: 0 -> 0, h_offset: -16 -> -16
2026-05-09 20:34:42,372 - GT23.BorderPanel - DEBUG - on_params_changed: is_offset=True, is_ratio_change=False
2026-05-09 20:34:42,372 - GT23.BorderPanel - DEBUG - v_offset: 0 -> 0, h_offset: -16 -> -18
2026-05-09 20:34:42,372 - GT23.BorderPanel - DEBUG - Processing offset change (is_offset=True)
2026-05-09 20:34:42,372 - GT23.BorderPanel - DEBUG - _handle_ratio_locked_sync: ratio=4:5, is_offset=True
2026-05-09 20:34:42,372 - GT23.BorderPanel - DEBUG - Input margins: l=336, r=464, t=438, b=1562
2026-05-09 20:34:42,372 - GT23.BorderPanel - DEBUG - Final margins (Offset-based): left=328, right=472, top=438, bottom=1562
2026-05-09 20:34:42,372 - GT23.BorderPanel - DEBUG - After offset: left=328, right=472, top=438, bottom=1562
2026-05-09 20:34:43,476 - GT23.BorderPanel - DEBUG - on_params_changed: is_offset=True, is_ratio_change=False
2026-05-09 20:34:43,476 - GT23.BorderPanel - DEBUG - v_offset: 0 -> 0, h_offset: -18 -> -19
2026-05-09 20:34:43,476 - GT23.BorderPanel - DEBUG - Processing offset change (is_offset=True)
2026-05-09 20:34:43,476 - GT23.BorderPanel - DEBUG - _handle_ratio_locked_sync: ratio=4:5, is_offset=True
2026-05-09 20:34:43,476 - GT23.BorderPanel - DEBUG - Input margins: l=328, r=472, t=438, b=1562
2026-05-09 20:34:43,476 - GT23.BorderPanel - DEBUG - Final margins (Offset-based): left=324, right=476, top=438, bottom=1562
2026-05-09 20:34:43,476 - GT23.BorderPanel - DEBUG - After offset: left=324, right=476, top=438, bottom=1562
2026-05-09 20:34:43,484 - GT23.BorderPanel - DEBUG - on_params_changed: is_offset=True, is_ratio_change=False
2026-05-09 20:34:43,484 - GT23.BorderPanel - DEBUG - v_offset: 0 -> 0, h_offset: -19 -> -13
2026-05-09 20:34:43,484 - GT23.BorderPanel - DEBUG - Processing offset change (is_offset=True)
2026-05-09 20:34:43,484 - GT23.BorderPanel - DEBUG - _handle_ratio_locked_sync: ratio=4:5, is_offset=True
2026-05-09 20:34:43,484 - GT23.BorderPanel - DEBUG - Input margins: l=324, r=476, t=438, b=1562
2026-05-09 20:34:43,484 - GT23.BorderPanel - DEBUG - Final margins (Offset-based): left=348, right=452, top=438, bottom=1562
2026-05-09 20:34:43,484 - GT23.BorderPanel - DEBUG - After offset: left=348, right=452, top=438, bottom=1562
2026-05-09 20:34:43,492 - GT23.BorderPanel - DEBUG - on_params_changed: is_offset=True, is_ratio_change=False
2026-05-09 20:34:43,492 - GT23.BorderPanel - DEBUG - v_offset: 0 -> 0, h_offset: -13 -> -10
2026-05-09 20:34:43,492 - GT23.BorderPanel - DEBUG - Processing offset change (is_offset=True)
2026-05-09 20:34:43,494 - GT23.BorderPanel - DEBUG - _handle_ratio_locked_sync: ratio=4:5, is_offset=True
2026-05-09 20:34:43,494 - GT23.BorderPanel - DEBUG - Input margins: l=348, r=452, t=438, b=1562
2026-05-09 20:34:43,494 - GT23.BorderPanel - DEBUG - Final margins (Offset-based): left=360, right=440, top=438, bottom=1562
2026-05-09 20:34:43,494 - GT23.BorderPanel - DEBUG - After offset: left=360, right=440, top=438, bottom=1562
2026-05-09 20:34:43,504 - GT23.BorderPanel - DEBUG - on_params_changed: is_offset=True, is_ratio_change=False
2026-05-09 20:34:43,504 - GT23.BorderPanel - DEBUG - v_offset: 0 -> 0, h_offset: -10 -> -3
2026-05-09 20:34:43,504 - GT23.BorderPanel - DEBUG - Processing offset change (is_offset=True)
2026-05-09 20:34:43,504 - GT23.BorderPanel - DEBUG - _handle_ratio_locked_sync: ratio=4:5, is_offset=True
2026-05-09 20:34:43,504 - GT23.BorderPanel - DEBUG - Input margins: l=360, r=440, t=438, b=1562
2026-05-09 20:34:43,504 - GT23.BorderPanel - DEBUG - Final margins (Offset-based): left=388, right=412, top=438, bottom=1562
2026-05-09 20:34:43,504 - GT23.BorderPanel - DEBUG - After offset: left=388, right=412, top=438, bottom=1562
2026-05-09 20:34:43,508 - GT23.BorderPanel - DEBUG - on_params_changed: is_offset=True, is_ratio_change=False
2026-05-09 20:34:43,508 - GT23.BorderPanel - DEBUG - v_offset: 0 -> 0, h_offset: -3 -> 4
2026-05-09 20:34:43,508 - GT23.BorderPanel - DEBUG - Processing offset change (is_offset=True)
2026-05-09 20:34:43,508 - GT23.BorderPanel - DEBUG - _handle_ratio_locked_sync: ratio=4:5, is_offset=True
2026-05-09 20:34:43,508 - GT23.BorderPanel - DEBUG - Input margins: l=388, r=412, t=438, b=1562
2026-05-09 20:34:43,508 - GT23.BorderPanel - DEBUG - Final margins (Offset-based): left=416, right=384, top=438, bottom=1562
2026-05-09 20:34:43,508 - GT23.BorderPanel - DEBUG - After offset: left=416, right=384, top=438, bottom=1562
2026-05-09 20:34:43,516 - GT23.BorderPanel - DEBUG - on_params_changed: is_offset=True, is_ratio_change=False
2026-05-09 20:34:43,516 - GT23.BorderPanel - DEBUG - v_offset: 0 -> 0, h_offset: 4 -> 14
2026-05-09 20:34:43,516 - GT23.BorderPanel - DEBUG - Processing offset change (is_offset=True)
2026-05-09 20:34:43,516 - GT23.BorderPanel - DEBUG - _handle_ratio_locked_sync: ratio=4:5, is_offset=True
2026-05-09 20:34:43,516 - GT23.BorderPanel - DEBUG - Input margins: l=416, r=384, t=438, b=1562
2026-05-09 20:34:43,516 - GT23.BorderPanel - DEBUG - Final margins (Offset-based): left=456, right=344, top=438, bottom=1562
2026-05-09 20:34:43,516 - GT23.BorderPanel - DEBUG - After offset: left=456, right=344, top=438, bottom=1562
2026-05-09 20:34:43,524 - GT23.BorderPanel - DEBUG - on_params_changed: is_offset=True, is_ratio_change=False
2026-05-09 20:34:43,524 - GT23.BorderPanel - DEBUG - v_offset: 0 -> 0, h_offset: 14 -> 24
2026-05-09 20:34:43,524 - GT23.BorderPanel - DEBUG - Processing offset change (is_offset=True)
2026-05-09 20:34:43,524 - GT23.BorderPanel - DEBUG - _handle_ratio_locked_sync: ratio=4:5, is_offset=True
2026-05-09 20:34:43,524 - GT23.BorderPanel - DEBUG - Input margins: l=456, r=344, t=438, b=1562
2026-05-09 20:34:43,524 - GT23.BorderPanel - DEBUG - Final margins (Offset-based): left=496, right=304, top=438, bottom=1562
2026-05-09 20:34:43,524 - GT23.BorderPanel - DEBUG - After offset: left=496, right=304, top=438, bottom=1562
2026-05-09 20:34:43,532 - GT23.BorderPanel - DEBUG - on_params_changed: is_offset=True, is_ratio_change=False
2026-05-09 20:34:43,532 - GT23.BorderPanel - DEBUG - v_offset: 0 -> 0, h_offset: 24 -> 36
2026-05-09 20:34:43,532 - GT23.BorderPanel - DEBUG - Processing offset change (is_offset=True)
2026-05-09 20:34:43,532 - GT23.BorderPanel - DEBUG - _handle_ratio_locked_sync: ratio=4:5, is_offset=True
2026-05-09 20:34:43,532 - GT23.BorderPanel - DEBUG - Input margins: l=496, r=304, t=438, b=1562
2026-05-09 20:34:43,532 - GT23.BorderPanel - DEBUG - Final margins (Offset-based): left=544, right=256, top=438, bottom=1562
2026-05-09 20:34:43,532 - GT23.BorderPanel - DEBUG - After offset: left=544, right=256, top=438, bottom=1562
2026-05-09 20:34:43,540 - GT23.BorderPanel - DEBUG - on_params_changed: is_offset=True, is_ratio_change=False
2026-05-09 20:34:43,540 - GT23.BorderPanel - DEBUG - v_offset: 0 -> 0, h_offset: 36 -> 49
2026-05-09 20:34:43,540 - GT23.BorderPanel - DEBUG - Processing offset change (is_offset=True)
2026-05-09 20:34:43,540 - GT23.BorderPanel - DEBUG - _handle_ratio_locked_sync: ratio=4:5, is_offset=True
2026-05-09 20:34:43,540 - GT23.BorderPanel - DEBUG - Input margins: l=544, r=256, t=438, b=1562
2026-05-09 20:34:43,540 - GT23.BorderPanel - DEBUG - Final margins (Offset-based): left=596, right=204, top=438, bottom=1562
2026-05-09 20:34:43,540 - GT23.BorderPanel - DEBUG - After offset: left=596, right=204, top=438, bottom=1562
2026-05-09 20:34:43,548 - GT23.BorderPanel - DEBUG - on_params_changed: is_offset=True, is_ratio_change=False
2026-05-09 20:34:43,548 - GT23.BorderPanel - DEBUG - v_offset: 0 -> 0, h_offset: 49 -> 63
2026-05-09 20:34:43,548 - GT23.BorderPanel - DEBUG - Processing offset change (is_offset=True)
2026-05-09 20:34:43,548 - GT23.BorderPanel - DEBUG - _handle_ratio_locked_sync: ratio=4:5, is_offset=True
2026-05-09 20:34:43,548 - GT23.BorderPanel - DEBUG - Input margins: l=596, r=204, t=438, b=1562
2026-05-09 20:34:43,548 - GT23.BorderPanel - DEBUG - Final margins (Offset-based): left=652, right=148, top=438, bottom=1562
2026-05-09 20:34:43,548 - GT23.BorderPanel - DEBUG - After offset: left=652, right=148, top=438, bottom=1562
2026-05-09 20:34:43,556 - GT23.BorderPanel - DEBUG - on_params_changed: is_offset=True, is_ratio_change=False
2026-05-09 20:34:43,556 - GT23.BorderPanel - DEBUG - v_offset: 0 -> 0, h_offset: 63 -> 74
2026-05-09 20:34:43,556 - GT23.BorderPanel - DEBUG - Processing offset change (is_offset=True)
2026-05-09 20:34:43,556 - GT23.BorderPanel - DEBUG - _handle_ratio_locked_sync: ratio=4:5, is_offset=True
2026-05-09 20:34:43,556 - GT23.BorderPanel - DEBUG - Input margins: l=652, r=148, t=438, b=1562
2026-05-09 20:34:43,556 - GT23.BorderPanel - DEBUG - Final margins (Offset-based): left=696, right=104, top=438, bottom=1562
2026-05-09 20:34:43,556 - GT23.BorderPanel - DEBUG - After offset: left=696, right=104, top=438, bottom=1562
2026-05-09 20:34:43,564 - GT23.BorderPanel - DEBUG - on_params_changed: is_offset=True, is_ratio_change=False
2026-05-09 20:34:43,564 - GT23.BorderPanel - DEBUG - v_offset: 0 -> 0, h_offset: 74 -> 85
2026-05-09 20:34:43,564 - GT23.BorderPanel - DEBUG - Processing offset change (is_offset=True)
2026-05-09 20:34:43,564 - GT23.BorderPanel - DEBUG - _handle_ratio_locked_sync: ratio=4:5, is_offset=True
2026-05-09 20:34:43,564 - GT23.BorderPanel - DEBUG - Input margins: l=696, r=104, t=438, b=1562
2026-05-09 20:34:43,564 - GT23.BorderPanel - DEBUG - Final margins (Offset-based): left=740, right=60, top=438, bottom=1562
2026-05-09 20:34:43,564 - GT23.BorderPanel - DEBUG - After offset: left=740, right=60, top=438, bottom=1562
2026-05-09 20:34:43,572 - GT23.BorderPanel - DEBUG - on_params_changed: is_offset=True, is_ratio_change=False
2026-05-09 20:34:43,572 - GT23.BorderPanel - DEBUG - v_offset: 0 -> 0, h_offset: 85 -> 95
2026-05-09 20:34:43,572 - GT23.BorderPanel - DEBUG - Processing offset change (is_offset=True)
2026-05-09 20:34:43,572 - GT23.BorderPanel - DEBUG - _handle_ratio_locked_sync: ratio=4:5, is_offset=True
2026-05-09 20:34:43,572 - GT23.BorderPanel - DEBUG - Input margins: l=740, r=60, t=438, b=1562
2026-05-09 20:34:43,572 - GT23.BorderPanel - DEBUG - Final margins (Offset-based): left=780, right=20, top=438, bottom=1562
2026-05-09 20:34:43,572 - GT23.BorderPanel - DEBUG - After offset: left=780, right=20, top=438, bottom=1562
2026-05-09 20:34:43,580 - GT23.BorderPanel - DEBUG - on_params_changed: is_offset=True, is_ratio_change=False
2026-05-09 20:34:43,580 - GT23.BorderPanel - DEBUG - v_offset: 0 -> 0, h_offset: 95 -> 100
2026-05-09 20:34:43,580 - GT23.BorderPanel - DEBUG - Processing offset change (is_offset=True)
2026-05-09 20:34:43,580 - GT23.BorderPanel - DEBUG - _handle_ratio_locked_sync: ratio=4:5, is_offset=True
2026-05-09 20:34:43,580 - GT23.BorderPanel - DEBUG - Input margins: l=780, r=20, t=438, b=1562
2026-05-09 20:34:43,580 - GT23.BorderPanel - DEBUG - Final margins (Offset-based): left=800, right=0, top=438, bottom=1562
2026-05-09 20:34:43,580 - GT23.BorderPanel - DEBUG - After offset: left=800, right=0, top=438, bottom=1562
2026-05-09 20:34:43,588 - GT23.BorderPanel - DEBUG - on_params_changed: is_offset=False, is_ratio_change=False
2026-05-09 20:34:43,588 - GT23.BorderPanel - DEBUG - v_offset: 0 -> 0, h_offset: 100 -> 100
2026-05-09 20:34:43,596 - GT23.BorderPanel - DEBUG - on_params_changed: is_offset=False, is_ratio_change=False
2026-05-09 20:34:43,596 - GT23.BorderPanel - DEBUG - v_offset: 0 -> 0, h_offset: 100 -> 100
2026-05-09 20:34:43,605 - GT23.BorderPanel - DEBUG - on_params_changed: is_offset=False, is_ratio_change=False
2026-05-09 20:34:43,605 - GT23.BorderPanel - DEBUG - v_offset: 0 -> 0, h_offset: 100 -> 100
2026-05-09 20:34:43,613 - GT23.BorderPanel - DEBUG - on_params_changed: is_offset=False, is_ratio_change=False
2026-05-09 20:34:43,613 - GT23.BorderPanel - DEBUG - v_offset: 0 -> 0, h_offset: 100 -> 100
2026-05-09 20:34:43,620 - GT23.BorderPanel - DEBUG - on_params_changed: is_offset=False, is_ratio_change=False
2026-05-09 20:34:43,620 - GT23.BorderPanel - DEBUG - v_offset: 0 -> 0, h_offset: 100 -> 100
2026-05-09 20:34:43,628 - GT23.BorderPanel - DEBUG - on_params_changed: is_offset=False, is_ratio_change=False
2026-05-09 20:34:43,628 - GT23.BorderPanel - DEBUG - v_offset: 0 -> 0, h_offset: 100 -> 100
2026-05-09 20:34:43,636 - GT23.BorderPanel - DEBUG - on_params_changed: is_offset=False, is_ratio_change=False
2026-05-09 20:34:43,636 - GT23.BorderPanel - DEBUG - v_offset: 0 -> 0, h_offset: 100 -> 100
2026-05-09 20:34:43,644 - GT23.BorderPanel - DEBUG - on_params_changed: is_offset=False, is_ratio_change=False
2026-05-09 20:34:43,645 - GT23.BorderPanel - DEBUG - v_offset: 0 -> 0, h_offset: 100 -> 100
2026-05-09 20:34:43,653 - GT23.BorderPanel - DEBUG - on_params_changed: is_offset=False, is_ratio_change=False
2026-05-09 20:34:43,653 - GT23.BorderPanel - DEBUG - v_offset: 0 -> 0, h_offset: 100 -> 100
2026-05-09 20:34:43,661 - GT23.BorderPanel - DEBUG - on_params_changed: is_offset=False, is_ratio_change=False
2026-05-09 20:34:43,661 - GT23.BorderPanel - DEBUG - v_offset: 0 -> 0, h_offset: 100 -> 100
2026-05-09 20:34:43,668 - GT23.BorderPanel - DEBUG - on_params_changed: is_offset=False, is_ratio_change=False
2026-05-09 20:34:43,668 - GT23.BorderPanel - DEBUG - v_offset: 0 -> 0, h_offset: 100 -> 100
2026-05-09 20:34:43,676 - GT23.BorderPanel - DEBUG - on_params_changed: is_offset=False, is_ratio_change=False
2026-05-09 20:34:43,676 - GT23.BorderPanel - DEBUG - v_offset: 0 -> 0, h_offset: 100 -> 100
2026-05-09 20:34:43,686 - GT23.BorderPanel - DEBUG - on_params_changed: is_offset=False, is_ratio_change=False
2026-05-09 20:34:43,686 - GT23.BorderPanel - DEBUG - v_offset: 0 -> 0, h_offset: 100 -> 100
2026-05-09 20:34:43,693 - GT23.BorderPanel - DEBUG - on_params_changed: is_offset=False, is_ratio_change=False
2026-05-09 20:34:43,693 - GT23.BorderPanel - DEBUG - v_offset: 0 -> 0, h_offset: 100 -> 100
2026-05-09 20:34:43,700 - GT23.BorderPanel - DEBUG - on_params_changed: is_offset=False, is_ratio_change=False
2026-05-09 20:34:43,700 - GT23.BorderPanel - DEBUG - v_offset: 0 -> 0, h_offset: 100 -> 100
2026-05-09 20:34:47,907 - GT23.BorderPanel - DEBUG - === _on_ratio_changed_aesthetic called ===
2026-05-09 20:34:47,907 - GT23.BorderPanel - DEBUG - Before: left=800, right=0, top=438, bottom=1562
2026-05-09 20:34:47,908 - GT23.BorderPanel - DEBUG - v_offset=0, h_offset=100
2026-05-09 20:34:47,908 - GT23.BorderPanel - DEBUG - After reset/preset: left=300, right=300, top=600, bottom=2000
2026-05-09 20:34:47,908 - GT23.BorderPanel - DEBUG - on_params_changed: is_offset=False, is_ratio_change=True
2026-05-09 20:34:47,908 - GT23.BorderPanel - DEBUG - v_offset: 0 -> 0, h_offset: 100 -> 100
2026-05-09 20:34:47,908 - GT23.BorderPanel - DEBUG - Processing ratio change (is_offset=False)
2026-05-09 20:34:47,908 - GT23.BorderPanel - DEBUG - _handle_ratio_locked_sync: ratio=9:16, is_offset=False
2026-05-09 20:34:47,908 - GT23.BorderPanel - DEBUG - Input margins: l=300, r=300, t=600, b=2000
2026-05-09 20:34:47,908 - GT23.BorderPanel - DEBUG - Final margins (Proportional): left=300, right=300, top=964, bottom=3213.7777777777774
2026-05-09 20:34:47,908 - GT23.BorderPanel - DEBUG - After ratio: left=300, right=300, top=964, bottom=3213
2026-05-09 20:34:47,910 - GT23.BorderPanel - DEBUG - on_params_changed: is_offset=False, is_ratio_change=False
2026-05-09 20:34:47,910 - GT23.BorderPanel - DEBUG - v_offset: 0 -> 0, h_offset: 100 -> 100
2026-05-09 20:34:50,170 - GT23.BorderPanel - DEBUG - on_params_changed: is_offset=True, is_ratio_change=False
2026-05-09 20:34:50,171 - GT23.BorderPanel - DEBUG - v_offset: 0 -> 0, h_offset: 100 -> 98
2026-05-09 20:34:50,171 - GT23.BorderPanel - DEBUG - Processing offset change (is_offset=True)
2026-05-09 20:34:50,171 - GT23.BorderPanel - DEBUG - _handle_ratio_locked_sync: ratio=9:16, is_offset=True
2026-05-09 20:34:50,171 - GT23.BorderPanel - DEBUG - Input margins: l=300, r=300, t=964, b=3213
2026-05-09 20:34:50,172 - GT23.BorderPanel - DEBUG - Final margins (Offset-based): left=594, right=6, top=1091, bottom=3086
2026-05-09 20:34:50,172 - GT23.BorderPanel - DEBUG - After offset: left=594, right=6, top=1091, bottom=3086
2026-05-09 20:34:50,211 - GT23.BorderPanel - DEBUG - on_params_changed: is_offset=True, is_ratio_change=False
2026-05-09 20:34:50,211 - GT23.BorderPanel - DEBUG - v_offset: 0 -> 0, h_offset: 98 -> 94
2026-05-09 20:34:50,211 - GT23.BorderPanel - DEBUG - Processing offset change (is_offset=True)
2026-05-09 20:34:50,211 - GT23.BorderPanel - DEBUG - _handle_ratio_locked_sync: ratio=9:16, is_offset=True
2026-05-09 20:34:50,211 - GT23.BorderPanel - DEBUG - Input margins: l=594, r=6, t=1091, b=3086
2026-05-09 20:34:50,211 - GT23.BorderPanel - DEBUG - Final margins (Offset-based): left=582, right=18, top=1091, bottom=3086
2026-05-09 20:34:50,212 - GT23.BorderPanel - DEBUG - After offset: left=582, right=18, top=1091, bottom=3086
2026-05-09 20:34:50,217 - GT23.BorderPanel - DEBUG - on_params_changed: is_offset=True, is_ratio_change=False
2026-05-09 20:34:50,217 - GT23.BorderPanel - DEBUG - v_offset: 0 -> 0, h_offset: 94 -> 89
2026-05-09 20:34:50,217 - GT23.BorderPanel - DEBUG - Processing offset change (is_offset=True)
2026-05-09 20:34:50,217 - GT23.BorderPanel - DEBUG - _handle_ratio_locked_sync: ratio=9:16, is_offset=True
2026-05-09 20:34:50,217 - GT23.BorderPanel - DEBUG - Input margins: l=582, r=18, t=1091, b=3086
2026-05-09 20:34:50,217 - GT23.BorderPanel - DEBUG - Final margins (Offset-based): left=567, right=33, top=1091, bottom=3086
2026-05-09 20:34:50,217 - GT23.BorderPanel - DEBUG - After offset: left=567, right=33, top=1091, bottom=3086
2026-05-09 20:34:50,226 - GT23.BorderPanel - DEBUG - on_params_changed: is_offset=True, is_ratio_change=False
2026-05-09 20:34:50,226 - GT23.BorderPanel - DEBUG - v_offset: 0 -> 0, h_offset: 89 -> 86
2026-05-09 20:34:50,226 - GT23.BorderPanel - DEBUG - Processing offset change (is_offset=True)
2026-05-09 20:34:50,226 - GT23.BorderPanel - DEBUG - _handle_ratio_locked_sync: ratio=9:16, is_offset=True
2026-05-09 20:34:50,226 - GT23.BorderPanel - DEBUG - Input margins: l=567, r=33, t=1091, b=3086
2026-05-09 20:34:50,226 - GT23.BorderPanel - DEBUG - Final margins (Offset-based): left=558, right=42, top=1091, bottom=3086
2026-05-09 20:34:50,226 - GT23.BorderPanel - DEBUG - After offset: left=558, right=42, top=1091, bottom=3086
2026-05-09 20:34:50,233 - GT23.BorderPanel - DEBUG - on_params_changed: is_offset=True, is_ratio_change=False
2026-05-09 20:34:50,233 - GT23.BorderPanel - DEBUG - v_offset: 0 -> 0, h_offset: 86 -> 81
2026-05-09 20:34:50,233 - GT23.BorderPanel - DEBUG - Processing offset change (is_offset=True)
2026-05-09 20:34:50,233 - GT23.BorderPanel - DEBUG - _handle_ratio_locked_sync: ratio=9:16, is_offset=True
2026-05-09 20:34:50,233 - GT23.BorderPanel - DEBUG - Input margins: l=558, r=42, t=1091, b=3086
2026-05-09 20:34:50,233 - GT23.BorderPanel - DEBUG - Final margins (Offset-based): left=543, right=57, top=1091, bottom=3086
2026-05-09 20:34:50,233 - GT23.BorderPanel - DEBUG - After offset: left=543, right=57, top=1091, bottom=3086
2026-05-09 20:34:50,241 - GT23.BorderPanel - DEBUG - on_params_changed: is_offset=True, is_ratio_change=False
2026-05-09 20:34:50,241 - GT23.BorderPanel - DEBUG - v_offset: 0 -> 0, h_offset: 81 -> 74
2026-05-09 20:34:50,241 - GT23.BorderPanel - DEBUG - Processing offset change (is_offset=True)
2026-05-09 20:34:50,241 - GT23.BorderPanel - DEBUG - _handle_ratio_locked_sync: ratio=9:16, is_offset=True
2026-05-09 20:34:50,241 - GT23.BorderPanel - DEBUG - Input margins: l=543, r=57, t=1091, b=3086
2026-05-09 20:34:50,241 - GT23.BorderPanel - DEBUG - Final margins (Offset-based): left=522, right=78, top=1091, bottom=3086
2026-05-09 20:34:50,241 - GT23.BorderPanel - DEBUG - After offset: left=522, right=78, top=1091, bottom=3086
2026-05-09 20:34:50,249 - GT23.BorderPanel - DEBUG - on_params_changed: is_offset=True, is_ratio_change=False
2026-05-09 20:34:50,249 - GT23.BorderPanel - DEBUG - v_offset: 0 -> 0, h_offset: 74 -> 66
2026-05-09 20:34:50,249 - GT23.BorderPanel - DEBUG - Processing offset change (is_offset=True)
2026-05-09 20:34:50,249 - GT23.BorderPanel - DEBUG - _handle_ratio_locked_sync: ratio=9:16, is_offset=True
2026-05-09 20:34:50,249 - GT23.BorderPanel - DEBUG - Input margins: l=522, r=78, t=1091, b=3086
2026-05-09 20:34:50,249 - GT23.BorderPanel - DEBUG - Final margins (Offset-based): left=498, right=102, top=1091, bottom=3086
2026-05-09 20:34:50,249 - GT23.BorderPanel - DEBUG - After offset: left=498, right=102, top=1091, bottom=3086
2026-05-09 20:34:50,257 - GT23.BorderPanel - DEBUG - on_params_changed: is_offset=True, is_ratio_change=False
2026-05-09 20:34:50,257 - GT23.BorderPanel - DEBUG - v_offset: 0 -> 0, h_offset: 66 -> 55
2026-05-09 20:34:50,257 - GT23.BorderPanel - DEBUG - Processing offset change (is_offset=True)
2026-05-09 20:34:50,257 - GT23.BorderPanel - DEBUG - _handle_ratio_locked_sync: ratio=9:16, is_offset=True
2026-05-09 20:34:50,257 - GT23.BorderPanel - DEBUG - Input margins: l=498, r=102, t=1091, b=3086
2026-05-09 20:34:50,257 - GT23.BorderPanel - DEBUG - Final margins (Offset-based): left=465, right=135, top=1091, bottom=3086
2026-05-09 20:34:50,257 - GT23.BorderPanel - DEBUG - After offset: left=465, right=135, top=1091, bottom=3086
2026-05-09 20:34:50,265 - GT23.BorderPanel - DEBUG - on_params_changed: is_offset=True, is_ratio_change=False
2026-05-09 20:34:50,265 - GT23.BorderPanel - DEBUG - v_offset: 0 -> 0, h_offset: 55 -> 45
2026-05-09 20:34:50,265 - GT23.BorderPanel - DEBUG - Processing offset change (is_offset=True)
2026-05-09 20:34:50,265 - GT23.BorderPanel - DEBUG - _handle_ratio_locked_sync: ratio=9:16, is_offset=True
2026-05-09 20:34:50,265 - GT23.BorderPanel - DEBUG - Input margins: l=465, r=135, t=1091, b=3086
2026-05-09 20:34:50,265 - GT23.BorderPanel - DEBUG - Final margins (Offset-based): left=435, right=165, top=1091, bottom=3086
2026-05-09 20:34:50,265 - GT23.BorderPanel - DEBUG - After offset: left=435, right=165, top=1091, bottom=3086
2026-05-09 20:34:50,273 - GT23.BorderPanel - DEBUG - on_params_changed: is_offset=True, is_ratio_change=False
2026-05-09 20:34:50,273 - GT23.BorderPanel - DEBUG - v_offset: 0 -> 0, h_offset: 45 -> 37
2026-05-09 20:34:50,273 - GT23.BorderPanel - DEBUG - Processing offset change (is_offset=True)
2026-05-09 20:34:50,273 - GT23.BorderPanel - DEBUG - _handle_ratio_locked_sync: ratio=9:16, is_offset=True
2026-05-09 20:34:50,273 - GT23.BorderPanel - DEBUG - Input margins: l=435, r=165, t=1091, b=3086
2026-05-09 20:34:50,273 - GT23.BorderPanel - DEBUG - Final margins (Offset-based): left=411, right=189, top=1091, bottom=3086
2026-05-09 20:34:50,273 - GT23.BorderPanel - DEBUG - After offset: left=411, right=189, top=1091, bottom=3086
2026-05-09 20:34:50,281 - GT23.BorderPanel - DEBUG - on_params_changed: is_offset=True, is_ratio_change=False
2026-05-09 20:34:50,281 - GT23.BorderPanel - DEBUG - v_offset: 0 -> 0, h_offset: 37 -> 30
2026-05-09 20:34:50,281 - GT23.BorderPanel - DEBUG - Processing offset change (is_offset=True)
2026-05-09 20:34:50,281 - GT23.BorderPanel - DEBUG - _handle_ratio_locked_sync: ratio=9:16, is_offset=True
2026-05-09 20:34:50,281 - GT23.BorderPanel - DEBUG - Input margins: l=411, r=189, t=1091, b=3086
2026-05-09 20:34:50,281 - GT23.BorderPanel - DEBUG - Final margins (Offset-based): left=390, right=210, top=1091, bottom=3086
2026-05-09 20:34:50,281 - GT23.BorderPanel - DEBUG - After offset: left=390, right=210, top=1091, bottom=3086
2026-05-09 20:34:50,289 - GT23.BorderPanel - DEBUG - on_params_changed: is_offset=True, is_ratio_change=False
2026-05-09 20:34:50,289 - GT23.BorderPanel - DEBUG - v_offset: 0 -> 0, h_offset: 30 -> 23
2026-05-09 20:34:50,289 - GT23.BorderPanel - DEBUG - Processing offset change (is_offset=True)
2026-05-09 20:34:50,289 - GT23.BorderPanel - DEBUG - _handle_ratio_locked_sync: ratio=9:16, is_offset=True
2026-05-09 20:34:50,289 - GT23.BorderPanel - DEBUG - Input margins: l=390, r=210, t=1091, b=3086
2026-05-09 20:34:50,289 - GT23.BorderPanel - DEBUG - Final margins (Offset-based): left=369, right=231, top=1091, bottom=3086
2026-05-09 20:34:50,289 - GT23.BorderPanel - DEBUG - After offset: left=369, right=231, top=1091, bottom=3086
2026-05-09 20:34:50,297 - GT23.BorderPanel - DEBUG - on_params_changed: is_offset=True, is_ratio_change=False
2026-05-09 20:34:50,297 - GT23.BorderPanel - DEBUG - v_offset: 0 -> 0, h_offset: 23 -> 21
2026-05-09 20:34:50,297 - GT23.BorderPanel - DEBUG - Processing offset change (is_offset=True)
2026-05-09 20:34:50,297 - GT23.BorderPanel - DEBUG - _handle_ratio_locked_sync: ratio=9:16, is_offset=True
2026-05-09 20:34:50,297 - GT23.BorderPanel - DEBUG - Input margins: l=369, r=231, t=1091, b=3086
2026-05-09 20:34:50,297 - GT23.BorderPanel - DEBUG - Final margins (Offset-based): left=363, right=237, top=1091, bottom=3086
2026-05-09 20:34:50,297 - GT23.BorderPanel - DEBUG - After offset: left=363, right=237, top=1091, bottom=3086
2026-05-09 20:34:50,305 - GT23.BorderPanel - DEBUG - on_params_changed: is_offset=False, is_ratio_change=False
2026-05-09 20:34:50,305 - GT23.BorderPanel - DEBUG - v_offset: 0 -> 0, h_offset: 21 -> 21
2026-05-09 20:34:50,313 - GT23.BorderPanel - DEBUG - on_params_changed: is_offset=True, is_ratio_change=False
2026-05-09 20:34:50,313 - GT23.BorderPanel - DEBUG - v_offset: 0 -> 0, h_offset: 21 -> 20
2026-05-09 20:34:50,313 - GT23.BorderPanel - DEBUG - Processing offset change (is_offset=True)
2026-05-09 20:34:50,313 - GT23.BorderPanel - DEBUG - _handle_ratio_locked_sync: ratio=9:16, is_offset=True
2026-05-09 20:34:50,313 - GT23.BorderPanel - DEBUG - Input margins: l=363, r=237, t=1091, b=3086
2026-05-09 20:34:50,313 - GT23.BorderPanel - DEBUG - Final margins (Offset-based): left=360, right=240, top=1091, bottom=3086
2026-05-09 20:34:50,313 - GT23.BorderPanel - DEBUG - After offset: left=360, right=240, top=1091, bottom=3086
2026-05-09 20:34:50,321 - GT23.BorderPanel - DEBUG - on_params_changed: is_offset=True, is_ratio_change=False
2026-05-09 20:34:50,321 - GT23.BorderPanel - DEBUG - v_offset: 0 -> 0, h_offset: 20 -> 19
2026-05-09 20:34:50,321 - GT23.BorderPanel - DEBUG - Processing offset change (is_offset=True)
2026-05-09 20:34:50,321 - GT23.BorderPanel - DEBUG - _handle_ratio_locked_sync: ratio=9:16, is_offset=True
2026-05-09 20:34:50,321 - GT23.BorderPanel - DEBUG - Input margins: l=360, r=240, t=1091, b=3086
2026-05-09 20:34:50,322 - GT23.BorderPanel - DEBUG - Final margins (Offset-based): left=357, right=243, top=1091, bottom=3086
2026-05-09 20:34:50,322 - GT23.BorderPanel - DEBUG - After offset: left=357, right=243, top=1091, bottom=3086
2026-05-09 20:34:50,329 - GT23.BorderPanel - DEBUG - on_params_changed: is_offset=False, is_ratio_change=False
2026-05-09 20:34:50,329 - GT23.BorderPanel - DEBUG - v_offset: 0 -> 0, h_offset: 19 -> 19
2026-05-09 20:34:50,337 - GT23.BorderPanel - DEBUG - on_params_changed: is_offset=True, is_ratio_change=False
2026-05-09 20:34:50,337 - GT23.BorderPanel - DEBUG - v_offset: 0 -> 0, h_offset: 19 -> 18
2026-05-09 20:34:50,337 - GT23.BorderPanel - DEBUG - Processing offset change (is_offset=True)
2026-05-09 20:34:50,337 - GT23.BorderPanel - DEBUG - _handle_ratio_locked_sync: ratio=9:16, is_offset=True
2026-05-09 20:34:50,337 - GT23.BorderPanel - DEBUG - Input margins: l=357, r=243, t=1091, b=3086
2026-05-09 20:34:50,337 - GT23.BorderPanel - DEBUG - Final margins (Offset-based): left=354, right=246, top=1091, bottom=3086
2026-05-09 20:34:50,337 - GT23.BorderPanel - DEBUG - After offset: left=354, right=246, top=1091, bottom=3086
2026-05-09 20:34:50,364 - GT23.BorderPanel - DEBUG - on_params_changed: is_offset=True, is_ratio_change=False
2026-05-09 20:34:50,365 - GT23.BorderPanel - DEBUG - v_offset: 0 -> 0, h_offset: 18 -> 17
2026-05-09 20:34:50,365 - GT23.BorderPanel - DEBUG - Processing offset change (is_offset=True)
2026-05-09 20:34:50,365 - GT23.BorderPanel - DEBUG - _handle_ratio_locked_sync: ratio=9:16, is_offset=True
2026-05-09 20:34:50,365 - GT23.BorderPanel - DEBUG - Input margins: l=354, r=246, t=1091, b=3086
2026-05-09 20:34:50,365 - GT23.BorderPanel - DEBUG - Final margins (Offset-based): left=351, right=249, top=1091, bottom=3086
2026-05-09 20:34:50,365 - GT23.BorderPanel - DEBUG - After offset: left=351, right=249, top=1091, bottom=3086
2026-05-09 20:34:50,370 - GT23.BorderPanel - DEBUG - on_params_changed: is_offset=True, is_ratio_change=False
2026-05-09 20:34:50,370 - GT23.BorderPanel - DEBUG - v_offset: 0 -> 0, h_offset: 17 -> 16
2026-05-09 20:34:50,370 - GT23.BorderPanel - DEBUG - Processing offset change (is_offset=True)
2026-05-09 20:34:50,370 - GT23.BorderPanel - DEBUG - _handle_ratio_locked_sync: ratio=9:16, is_offset=True
2026-05-09 20:34:50,370 - GT23.BorderPanel - DEBUG - Input margins: l=351, r=249, t=1091, b=3086
2026-05-09 20:34:50,370 - GT23.BorderPanel - DEBUG - Final margins (Offset-based): left=348, right=252, top=1091, bottom=3086
2026-05-09 20:34:50,370 - GT23.BorderPanel - DEBUG - After offset: left=348, right=252, top=1091, bottom=3086
2026-05-09 20:34:50,377 - GT23.BorderPanel - DEBUG - on_params_changed: is_offset=True, is_ratio_change=False
2026-05-09 20:34:50,377 - GT23.BorderPanel - DEBUG - v_offset: 0 -> 0, h_offset: 16 -> 14
2026-05-09 20:34:50,377 - GT23.BorderPanel - DEBUG - Processing offset change (is_offset=True)
2026-05-09 20:34:50,377 - GT23.BorderPanel - DEBUG - _handle_ratio_locked_sync: ratio=9:16, is_offset=True
2026-05-09 20:34:50,377 - GT23.BorderPanel - DEBUG - Input margins: l=348, r=252, t=1091, b=3086
2026-05-09 20:34:50,377 - GT23.BorderPanel - DEBUG - Final margins (Offset-based): left=342, right=258, top=1091, bottom=3086
2026-05-09 20:34:50,377 - GT23.BorderPanel - DEBUG - After offset: left=342, right=258, top=1091, bottom=3086
2026-05-09 20:34:50,385 - GT23.BorderPanel - DEBUG - on_params_changed: is_offset=True, is_ratio_change=False
2026-05-09 20:34:50,385 - GT23.BorderPanel - DEBUG - v_offset: 0 -> 0, h_offset: 14 -> 13
2026-05-09 20:34:50,385 - GT23.BorderPanel - DEBUG - Processing offset change (is_offset=True)
2026-05-09 20:34:50,385 - GT23.BorderPanel - DEBUG - _handle_ratio_locked_sync: ratio=9:16, is_offset=True
2026-05-09 20:34:50,385 - GT23.BorderPanel - DEBUG - Input margins: l=342, r=258, t=1091, b=3086
2026-05-09 20:34:50,385 - GT23.BorderPanel - DEBUG - Final margins (Offset-based): left=338, right=262, top=1091, bottom=3086
2026-05-09 20:34:50,385 - GT23.BorderPanel - DEBUG - After offset: left=338, right=262, top=1091, bottom=3086
2026-05-09 20:34:50,393 - GT23.BorderPanel - DEBUG - on_params_changed: is_offset=True, is_ratio_change=False
2026-05-09 20:34:50,393 - GT23.BorderPanel - DEBUG - v_offset: 0 -> 0, h_offset: 13 -> 11
2026-05-09 20:34:50,393 - GT23.BorderPanel - DEBUG - Processing offset change (is_offset=True)
2026-05-09 20:34:50,393 - GT23.BorderPanel - DEBUG - _handle_ratio_locked_sync: ratio=9:16, is_offset=True
2026-05-09 20:34:50,393 - GT23.BorderPanel - DEBUG - Input margins: l=338, r=262, t=1091, b=3086
2026-05-09 20:34:50,393 - GT23.BorderPanel - DEBUG - Final margins (Offset-based): left=333, right=267, top=1091, bottom=3086
2026-05-09 20:34:50,393 - GT23.BorderPanel - DEBUG - After offset: left=333, right=267, top=1091, bottom=3086
2026-05-09 20:34:50,401 - GT23.BorderPanel - DEBUG - on_params_changed: is_offset=True, is_ratio_change=False
2026-05-09 20:34:50,401 - GT23.BorderPanel - DEBUG - v_offset: 0 -> 0, h_offset: 11 -> 9
2026-05-09 20:34:50,401 - GT23.BorderPanel - DEBUG - Processing offset change (is_offset=True)
2026-05-09 20:34:50,401 - GT23.BorderPanel - DEBUG - _handle_ratio_locked_sync: ratio=9:16, is_offset=True
2026-05-09 20:34:50,401 - GT23.BorderPanel - DEBUG - Input margins: l=333, r=267, t=1091, b=3086
2026-05-09 20:34:50,401 - GT23.BorderPanel - DEBUG - Final margins (Offset-based): left=327, right=273, top=1091, bottom=3086
2026-05-09 20:34:50,401 - GT23.BorderPanel - DEBUG - After offset: left=327, right=273, top=1091, bottom=3086
2026-05-09 20:34:50,409 - GT23.BorderPanel - DEBUG - on_params_changed: is_offset=True, is_ratio_change=False
2026-05-09 20:34:50,409 - GT23.BorderPanel - DEBUG - v_offset: 0 -> 0, h_offset: 9 -> 7
2026-05-09 20:34:50,409 - GT23.BorderPanel - DEBUG - Processing offset change (is_offset=True)
2026-05-09 20:34:50,409 - GT23.BorderPanel - DEBUG - _handle_ratio_locked_sync: ratio=9:16, is_offset=True
2026-05-09 20:34:50,409 - GT23.BorderPanel - DEBUG - Input margins: l=327, r=273, t=1091, b=3086
2026-05-09 20:34:50,410 - GT23.BorderPanel - DEBUG - Final margins (Offset-based): left=321, right=279, top=1091, bottom=3086
2026-05-09 20:34:50,410 - GT23.BorderPanel - DEBUG - After offset: left=321, right=279, top=1091, bottom=3086
2026-05-09 20:34:50,417 - GT23.BorderPanel - DEBUG - on_params_changed: is_offset=True, is_ratio_change=False
2026-05-09 20:34:50,417 - GT23.BorderPanel - DEBUG - v_offset: 0 -> 0, h_offset: 7 -> 6
2026-05-09 20:34:50,417 - GT23.BorderPanel - DEBUG - Processing offset change (is_offset=True)
2026-05-09 20:34:50,417 - GT23.BorderPanel - DEBUG - _handle_ratio_locked_sync: ratio=9:16, is_offset=True
2026-05-09 20:34:50,417 - GT23.BorderPanel - DEBUG - Input margins: l=321, r=279, t=1091, b=3086
2026-05-09 20:34:50,417 - GT23.BorderPanel - DEBUG - Final margins (Offset-based): left=318, right=282, top=1091, bottom=3086
2026-05-09 20:34:50,417 - GT23.BorderPanel - DEBUG - After offset: left=318, right=282, top=1091, bottom=3086
2026-05-09 20:34:50,433 - GT23.BorderPanel - DEBUG - on_params_changed: is_offset=True, is_ratio_change=False
2026-05-09 20:34:50,433 - GT23.BorderPanel - DEBUG - v_offset: 0 -> 0, h_offset: 6 -> 4
2026-05-09 20:34:50,433 - GT23.BorderPanel - DEBUG - Processing offset change (is_offset=True)
2026-05-09 20:34:50,433 - GT23.BorderPanel - DEBUG - _handle_ratio_locked_sync: ratio=9:16, is_offset=True
2026-05-09 20:34:50,433 - GT23.BorderPanel - DEBUG - Input margins: l=318, r=282, t=1091, b=3086
2026-05-09 20:34:50,433 - GT23.BorderPanel - DEBUG - Final margins (Offset-based): left=312, right=288, top=1091, bottom=3086
2026-05-09 20:34:50,433 - GT23.BorderPanel - DEBUG - After offset: left=312, right=288, top=1091, bottom=3086
2026-05-09 20:34:50,449 - GT23.BorderPanel - DEBUG - on_params_changed: is_offset=True, is_ratio_change=False
2026-05-09 20:34:50,449 - GT23.BorderPanel - DEBUG - v_offset: 0 -> 0, h_offset: 4 -> 2
2026-05-09 20:34:50,449 - GT23.BorderPanel - DEBUG - Processing offset change (is_offset=True)
2026-05-09 20:34:50,449 - GT23.BorderPanel - DEBUG - _handle_ratio_locked_sync: ratio=9:16, is_offset=True
2026-05-09 20:34:50,449 - GT23.BorderPanel - DEBUG - Input margins: l=312, r=288, t=1091, b=3086
2026-05-09 20:34:50,449 - GT23.BorderPanel - DEBUG - Final margins (Offset-based): left=306, right=294, top=1091, bottom=3086
2026-05-09 20:34:50,450 - GT23.BorderPanel - DEBUG - After offset: left=306, right=294, top=1091, bottom=3086
2026-05-09 20:34:50,457 - GT23.BorderPanel - DEBUG - on_params_changed: is_offset=True, is_ratio_change=False
2026-05-09 20:34:50,457 - GT23.BorderPanel - DEBUG - v_offset: 0 -> 0, h_offset: 2 -> 1
2026-05-09 20:34:50,457 - GT23.BorderPanel - DEBUG - Processing offset change (is_offset=True)
2026-05-09 20:34:50,457 - GT23.BorderPanel - DEBUG - _handle_ratio_locked_sync: ratio=9:16, is_offset=True
2026-05-09 20:34:50,457 - GT23.BorderPanel - DEBUG - Input margins: l=306, r=294, t=1091, b=3086
2026-05-09 20:34:50,458 - GT23.BorderPanel - DEBUG - Final margins (Offset-based): left=303, right=297, top=1091, bottom=3086
2026-05-09 20:34:50,458 - GT23.BorderPanel - DEBUG - After offset: left=303, right=297, top=1091, bottom=3086
2026-05-09 20:34:51,105 - GT23.BorderPanel - DEBUG - on_params_changed: is_offset=True, is_ratio_change=False
2026-05-09 20:34:51,105 - GT23.BorderPanel - DEBUG - v_offset: 0 -> 0, h_offset: 1 -> 3
2026-05-09 20:34:51,105 - GT23.BorderPanel - DEBUG - Processing offset change (is_offset=True)
2026-05-09 20:34:51,105 - GT23.BorderPanel - DEBUG - _handle_ratio_locked_sync: ratio=9:16, is_offset=True
2026-05-09 20:34:51,105 - GT23.BorderPanel - DEBUG - Input margins: l=303, r=297, t=1091, b=3086
2026-05-09 20:34:51,105 - GT23.BorderPanel - DEBUG - Final margins (Offset-based): left=309, right=291, top=1091, bottom=3086
2026-05-09 20:34:51,105 - GT23.BorderPanel - DEBUG - After offset: left=309, right=291, top=1091, bottom=3086
2026-05-09 20:34:51,113 - GT23.BorderPanel - DEBUG - on_params_changed: is_offset=True, is_ratio_change=False
2026-05-09 20:34:51,113 - GT23.BorderPanel - DEBUG - v_offset: 0 -> 0, h_offset: 3 -> 7
2026-05-09 20:34:51,113 - GT23.BorderPanel - DEBUG - Processing offset change (is_offset=True)
2026-05-09 20:34:51,113 - GT23.BorderPanel - DEBUG - _handle_ratio_locked_sync: ratio=9:16, is_offset=True
2026-05-09 20:34:51,113 - GT23.BorderPanel - DEBUG - Input margins: l=309, r=291, t=1091, b=3086
2026-05-09 20:34:51,113 - GT23.BorderPanel - DEBUG - Final margins (Offset-based): left=321, right=279, top=1091, bottom=3086
2026-05-09 20:34:51,113 - GT23.BorderPanel - DEBUG - After offset: left=321, right=279, top=1091, bottom=3086
2026-05-09 20:34:51,121 - GT23.BorderPanel - DEBUG - on_params_changed: is_offset=True, is_ratio_change=False
2026-05-09 20:34:51,121 - GT23.BorderPanel - DEBUG - v_offset: 0 -> 0, h_offset: 7 -> 14
2026-05-09 20:34:51,121 - GT23.BorderPanel - DEBUG - Processing offset change (is_offset=True)
2026-05-09 20:34:51,121 - GT23.BorderPanel - DEBUG - _handle_ratio_locked_sync: ratio=9:16, is_offset=True
2026-05-09 20:34:51,121 - GT23.BorderPanel - DEBUG - Input margins: l=321, r=279, t=1091, b=3086
2026-05-09 20:34:51,121 - GT23.BorderPanel - DEBUG - Final margins (Offset-based): left=342, right=258, top=1091, bottom=3086
2026-05-09 20:34:51,121 - GT23.BorderPanel - DEBUG - After offset: left=342, right=258, top=1091, bottom=3086
2026-05-09 20:34:51,161 - GT23.BorderPanel - DEBUG - on_params_changed: is_offset=True, is_ratio_change=False
2026-05-09 20:34:51,161 - GT23.BorderPanel - DEBUG - v_offset: 0 -> 0, h_offset: 14 -> 38
2026-05-09 20:34:51,161 - GT23.BorderPanel - DEBUG - Processing offset change (is_offset=True)
2026-05-09 20:34:51,161 - GT23.BorderPanel - DEBUG - _handle_ratio_locked_sync: ratio=9:16, is_offset=True
2026-05-09 20:34:51,161 - GT23.BorderPanel - DEBUG - Input margins: l=342, r=258, t=1091, b=3086
2026-05-09 20:34:51,161 - GT23.BorderPanel - DEBUG - Final margins (Offset-based): left=413, right=187, top=1091, bottom=3086
2026-05-09 20:34:51,161 - GT23.BorderPanel - DEBUG - After offset: left=413, right=187, top=1091, bottom=3086
2026-05-09 20:34:51,162 - GT23.BorderPanel - DEBUG - on_params_changed: is_offset=True, is_ratio_change=False
2026-05-09 20:34:51,162 - GT23.BorderPanel - DEBUG - v_offset: 0 -> 0, h_offset: 38 -> 50
2026-05-09 20:34:51,162 - GT23.BorderPanel - DEBUG - Processing offset change (is_offset=True)
2026-05-09 20:34:51,162 - GT23.BorderPanel - DEBUG - _handle_ratio_locked_sync: ratio=9:16, is_offset=True
2026-05-09 20:34:51,162 - GT23.BorderPanel - DEBUG - Input margins: l=413, r=187, t=1091, b=3086
2026-05-09 20:34:51,162 - GT23.BorderPanel - DEBUG - Final margins (Offset-based): left=450, right=150, top=1091, bottom=3086
2026-05-09 20:34:51,162 - GT23.BorderPanel - DEBUG - After offset: left=450, right=150, top=1091, bottom=3086
2026-05-09 20:34:51,169 - GT23.BorderPanel - DEBUG - on_params_changed: is_offset=True, is_ratio_change=False
2026-05-09 20:34:51,169 - GT23.BorderPanel - DEBUG - v_offset: 0 -> 0, h_offset: 50 -> 61
2026-05-09 20:34:51,169 - GT23.BorderPanel - DEBUG - Processing offset change (is_offset=True)
2026-05-09 20:34:51,169 - GT23.BorderPanel - DEBUG - _handle_ratio_locked_sync: ratio=9:16, is_offset=True
2026-05-09 20:34:51,169 - GT23.BorderPanel - DEBUG - Input margins: l=450, r=150, t=1091, b=3086
2026-05-09 20:34:51,169 - GT23.BorderPanel - DEBUG - Final margins (Offset-based): left=482, right=118, top=1091, bottom=3086
2026-05-09 20:34:51,169 - GT23.BorderPanel - DEBUG - After offset: left=482, right=118, top=1091, bottom=3086
2026-05-09 20:34:51,177 - GT23.BorderPanel - DEBUG - on_params_changed: is_offset=True, is_ratio_change=False
2026-05-09 20:34:51,177 - GT23.BorderPanel - DEBUG - v_offset: 0 -> 0, h_offset: 61 -> 73
2026-05-09 20:34:51,177 - GT23.BorderPanel - DEBUG - Processing offset change (is_offset=True)
2026-05-09 20:34:51,177 - GT23.BorderPanel - DEBUG - _handle_ratio_locked_sync: ratio=9:16, is_offset=True
2026-05-09 20:34:51,177 - GT23.BorderPanel - DEBUG - Input margins: l=482, r=118, t=1091, b=3086
2026-05-09 20:34:51,177 - GT23.BorderPanel - DEBUG - Final margins (Offset-based): left=519, right=81, top=1091, bottom=3086
2026-05-09 20:34:51,177 - GT23.BorderPanel - DEBUG - After offset: left=519, right=81, top=1091, bottom=3086
2026-05-09 20:34:51,185 - GT23.BorderPanel - DEBUG - on_params_changed: is_offset=True, is_ratio_change=False
2026-05-09 20:34:51,185 - GT23.BorderPanel - DEBUG - v_offset: 0 -> 0, h_offset: 73 -> 83
2026-05-09 20:34:51,185 - GT23.BorderPanel - DEBUG - Processing offset change (is_offset=True)
2026-05-09 20:34:51,185 - GT23.BorderPanel - DEBUG - _handle_ratio_locked_sync: ratio=9:16, is_offset=True
2026-05-09 20:34:51,185 - GT23.BorderPanel - DEBUG - Input margins: l=519, r=81, t=1091, b=3086
2026-05-09 20:34:51,185 - GT23.BorderPanel - DEBUG - Final margins (Offset-based): left=549, right=51, top=1091, bottom=3086
2026-05-09 20:34:51,185 - GT23.BorderPanel - DEBUG - After offset: left=549, right=51, top=1091, bottom=3086
2026-05-09 20:34:51,193 - GT23.BorderPanel - DEBUG - on_params_changed: is_offset=True, is_ratio_change=False
2026-05-09 20:34:51,193 - GT23.BorderPanel - DEBUG - v_offset: 0 -> 0, h_offset: 83 -> 93
2026-05-09 20:34:51,193 - GT23.BorderPanel - DEBUG - Processing offset change (is_offset=True)
2026-05-09 20:34:51,193 - GT23.BorderPanel - DEBUG - _handle_ratio_locked_sync: ratio=9:16, is_offset=True
2026-05-09 20:34:51,193 - GT23.BorderPanel - DEBUG - Input margins: l=549, r=51, t=1091, b=3086
2026-05-09 20:34:51,193 - GT23.BorderPanel - DEBUG - Final margins (Offset-based): left=579, right=21, top=1091, bottom=3086
2026-05-09 20:34:51,193 - GT23.BorderPanel - DEBUG - After offset: left=579, right=21, top=1091, bottom=3086
2026-05-09 20:34:51,201 - GT23.BorderPanel - DEBUG - on_params_changed: is_offset=True, is_ratio_change=False
2026-05-09 20:34:51,201 - GT23.BorderPanel - DEBUG - v_offset: 0 -> 0, h_offset: 93 -> 96
2026-05-09 20:34:51,201 - GT23.BorderPanel - DEBUG - Processing offset change (is_offset=True)
2026-05-09 20:34:51,201 - GT23.BorderPanel - DEBUG - _handle_ratio_locked_sync: ratio=9:16, is_offset=True
2026-05-09 20:34:51,201 - GT23.BorderPanel - DEBUG - Input margins: l=579, r=21, t=1091, b=3086
2026-05-09 20:34:51,201 - GT23.BorderPanel - DEBUG - Final margins (Offset-based): left=588, right=12, top=1091, bottom=3086
2026-05-09 20:34:51,201 - GT23.BorderPanel - DEBUG - After offset: left=588, right=12, top=1091, bottom=3086
2026-05-09 20:34:51,209 - GT23.BorderPanel - DEBUG - on_params_changed: is_offset=True, is_ratio_change=False
2026-05-09 20:34:51,209 - GT23.BorderPanel - DEBUG - v_offset: 0 -> 0, h_offset: 96 -> 100
2026-05-09 20:34:51,209 - GT23.BorderPanel - DEBUG - Processing offset change (is_offset=True)
2026-05-09 20:34:51,209 - GT23.BorderPanel - DEBUG - _handle_ratio_locked_sync: ratio=9:16, is_offset=True
2026-05-09 20:34:51,209 - GT23.BorderPanel - DEBUG - Input margins: l=588, r=12, t=1091, b=3086
2026-05-09 20:34:51,209 - GT23.BorderPanel - DEBUG - Final margins (Offset-based): left=600, right=0, top=1091, bottom=3086
2026-05-09 20:34:51,210 - GT23.BorderPanel - DEBUG - After offset: left=600, right=0, top=1091, bottom=3086
2026-05-09 20:34:51,217 - GT23.BorderPanel - DEBUG - on_params_changed: is_offset=False, is_ratio_change=False
2026-05-09 20:34:51,217 - GT23.BorderPanel - DEBUG - v_offset: 0 -> 0, h_offset: 100 -> 100
2026-05-09 20:34:51,225 - GT23.BorderPanel - DEBUG - on_params_changed: is_offset=False, is_ratio_change=False
2026-05-09 20:34:51,225 - GT23.BorderPanel - DEBUG - v_offset: 0 -> 0, h_offset: 100 -> 100
2026-05-09 20:34:51,233 - GT23.BorderPanel - DEBUG - on_params_changed: is_offset=False, is_ratio_change=False
2026-05-09 20:34:51,233 - GT23.BorderPanel - DEBUG - v_offset: 0 -> 0, h_offset: 100 -> 100
2026-05-09 20:34:51,241 - GT23.BorderPanel - DEBUG - on_params_changed: is_offset=False, is_ratio_change=False
2026-05-09 20:34:51,241 - GT23.BorderPanel - DEBUG - v_offset: 0 -> 0, h_offset: 100 -> 100
2026-05-09 20:34:51,249 - GT23.BorderPanel - DEBUG - on_params_changed: is_offset=False, is_ratio_change=False
2026-05-09 20:34:51,249 - GT23.BorderPanel - DEBUG - v_offset: 0 -> 0, h_offset: 100 -> 100
2026-05-09 20:34:51,257 - GT23.BorderPanel - DEBUG - on_params_changed: is_offset=False, is_ratio_change=False
2026-05-09 20:34:51,257 - GT23.BorderPanel - DEBUG - v_offset: 0 -> 0, h_offset: 100 -> 100
2026-05-09 20:34:51,266 - GT23.BorderPanel - DEBUG - on_params_changed: is_offset=False, is_ratio_change=False
2026-05-09 20:34:51,266 - GT23.BorderPanel - DEBUG - v_offset: 0 -> 0, h_offset: 100 -> 100
2026-05-09 20:34:51,273 - GT23.BorderPanel - DEBUG - on_params_changed: is_offset=False, is_ratio_change=False
2026-05-09 20:34:51,273 - GT23.BorderPanel - DEBUG - v_offset: 0 -> 0, h_offset: 100 -> 100
2026-05-09 20:34:51,281 - GT23.BorderPanel - DEBUG - on_params_changed: is_offset=False, is_ratio_change=False
2026-05-09 20:34:51,281 - GT23.BorderPanel - DEBUG - v_offset: 0 -> 0, h_offset: 100 -> 100
2026-05-09 20:34:51,289 - GT23.BorderPanel - DEBUG - on_params_changed: is_offset=False, is_ratio_change=False
2026-05-09 20:34:51,289 - GT23.BorderPanel - DEBUG - v_offset: 0 -> 0, h_offset: 100 -> 100
2026-05-09 20:34:51,297 - GT23.BorderPanel - DEBUG - on_params_changed: is_offset=False, is_ratio_change=False
2026-05-09 20:34:51,297 - GT23.BorderPanel - DEBUG - v_offset: 0 -> 0, h_offset: 100 -> 100
2026-05-09 20:34:51,305 - GT23.BorderPanel - DEBUG - on_params_changed: is_offset=False, is_ratio_change=False
2026-05-09 20:34:51,305 - GT23.BorderPanel - DEBUG - v_offset: 0 -> 0, h_offset: 100 -> 100
2026-05-09 20:34:51,313 - GT23.BorderPanel - DEBUG - on_params_changed: is_offset=False, is_ratio_change=False
2026-05-09 20:34:51,313 - GT23.BorderPanel - DEBUG - v_offset: 0 -> 0, h_offset: 100 -> 100
2026-05-09 20:34:51,321 - GT23.BorderPanel - DEBUG - on_params_changed: is_offset=False, is_ratio_change=False
2026-05-09 20:34:51,321 - GT23.BorderPanel - DEBUG - v_offset: 0 -> 0, h_offset: 100 -> 100
2026-05-09 20:34:51,329 - GT23.BorderPanel - DEBUG - on_params_changed: is_offset=False, is_ratio_change=False
2026-05-09 20:34:51,329 - GT23.BorderPanel - DEBUG - v_offset: 0 -> 0, h_offset: 100 -> 100
2026-05-09 20:34:51,362 - GT23.BorderPanel - DEBUG - on_params_changed: is_offset=False, is_ratio_change=False
2026-05-09 20:34:51,363 - GT23.BorderPanel - DEBUG - v_offset: 0 -> 0, h_offset: 100 -> 100
2026-05-09 20:34:53,469 - GT23.BorderPanel - DEBUG - on_params_changed: is_offset=False, is_ratio_change=False
2026-05-09 20:34:53,469 - GT23.BorderPanel - DEBUG - v_offset: 0 -> 0, h_offset: 100 -> 100
2026-05-09 20:34:53,475 - GT23.BorderPanel - DEBUG - on_params_changed: is_offset=False, is_ratio_change=False
2026-05-09 20:34:53,475 - GT23.BorderPanel - DEBUG - v_offset: 0 -> 0, h_offset: 100 -> 100
2026-05-09 20:34:53,483 - GT23.BorderPanel - DEBUG - on_params_changed: is_offset=True, is_ratio_change=False
2026-05-09 20:34:53,483 - GT23.BorderPanel - DEBUG - v_offset: 0 -> 0, h_offset: 100 -> 95
2026-05-09 20:34:53,483 - GT23.BorderPanel - DEBUG - Processing offset change (is_offset=True)
2026-05-09 20:34:53,483 - GT23.BorderPanel - DEBUG - _handle_ratio_locked_sync: ratio=9:16, is_offset=True
2026-05-09 20:34:53,483 - GT23.BorderPanel - DEBUG - Input margins: l=600, r=0, t=1091, b=3086
2026-05-09 20:34:53,483 - GT23.BorderPanel - DEBUG - Final margins (Offset-based): left=585, right=15, top=1091, bottom=3086
2026-05-09 20:34:53,484 - GT23.BorderPanel - DEBUG - After offset: left=585, right=15, top=1091, bottom=3086
2026-05-09 20:34:53,491 - GT23.BorderPanel - DEBUG - on_params_changed: is_offset=True, is_ratio_change=False
2026-05-09 20:34:53,491 - GT23.BorderPanel - DEBUG - v_offset: 0 -> 0, h_offset: 95 -> 92
2026-05-09 20:34:53,491 - GT23.BorderPanel - DEBUG - Processing offset change (is_offset=True)
2026-05-09 20:34:53,491 - GT23.BorderPanel - DEBUG - _handle_ratio_locked_sync: ratio=9:16, is_offset=True
2026-05-09 20:34:53,491 - GT23.BorderPanel - DEBUG - Input margins: l=585, r=15, t=1091, b=3086
2026-05-09 20:34:53,491 - GT23.BorderPanel - DEBUG - Final margins (Offset-based): left=576, right=24, top=1091, bottom=3086
2026-05-09 20:34:53,491 - GT23.BorderPanel - DEBUG - After offset: left=576, right=24, top=1091, bottom=3086
2026-05-09 20:34:53,499 - GT23.BorderPanel - DEBUG - on_params_changed: is_offset=True, is_ratio_change=False
2026-05-09 20:34:53,499 - GT23.BorderPanel - DEBUG - v_offset: 0 -> 0, h_offset: 92 -> 85
2026-05-09 20:34:53,499 - GT23.BorderPanel - DEBUG - Processing offset change (is_offset=True)
2026-05-09 20:34:53,499 - GT23.BorderPanel - DEBUG - _handle_ratio_locked_sync: ratio=9:16, is_offset=True
2026-05-09 20:34:53,499 - GT23.BorderPanel - DEBUG - Input margins: l=576, r=24, t=1091, b=3086
2026-05-09 20:34:53,499 - GT23.BorderPanel - DEBUG - Final margins (Offset-based): left=555, right=45, top=1091, bottom=3086
2026-05-09 20:34:53,499 - GT23.BorderPanel - DEBUG - After offset: left=555, right=45, top=1091, bottom=3086
2026-05-09 20:34:53,507 - GT23.BorderPanel - DEBUG - on_params_changed: is_offset=True, is_ratio_change=False
2026-05-09 20:34:53,507 - GT23.BorderPanel - DEBUG - v_offset: 0 -> 0, h_offset: 85 -> 75
2026-05-09 20:34:53,507 - GT23.BorderPanel - DEBUG - Processing offset change (is_offset=True)
2026-05-09 20:34:53,507 - GT23.BorderPanel - DEBUG - _handle_ratio_locked_sync: ratio=9:16, is_offset=True
2026-05-09 20:34:53,507 - GT23.BorderPanel - DEBUG - Input margins: l=555, r=45, t=1091, b=3086
2026-05-09 20:34:53,507 - GT23.BorderPanel - DEBUG - Final margins (Offset-based): left=525, right=75, top=1091, bottom=3086
2026-05-09 20:34:53,507 - GT23.BorderPanel - DEBUG - After offset: left=525, right=75, top=1091, bottom=3086
2026-05-09 20:34:53,515 - GT23.BorderPanel - DEBUG - on_params_changed: is_offset=True, is_ratio_change=False
2026-05-09 20:34:53,515 - GT23.BorderPanel - DEBUG - v_offset: 0 -> 0, h_offset: 75 -> 65
2026-05-09 20:34:53,515 - GT23.BorderPanel - DEBUG - Processing offset change (is_offset=True)
2026-05-09 20:34:53,515 - GT23.BorderPanel - DEBUG - _handle_ratio_locked_sync: ratio=9:16, is_offset=True
2026-05-09 20:34:53,515 - GT23.BorderPanel - DEBUG - Input margins: l=525, r=75, t=1091, b=3086
2026-05-09 20:34:53,515 - GT23.BorderPanel - DEBUG - Final margins (Offset-based): left=495, right=105, top=1091, bottom=3086
2026-05-09 20:34:53,515 - GT23.BorderPanel - DEBUG - After offset: left=495, right=105, top=1091, bottom=3086
2026-05-09 20:34:53,523 - GT23.BorderPanel - DEBUG - on_params_changed: is_offset=True, is_ratio_change=False
2026-05-09 20:34:53,523 - GT23.BorderPanel - DEBUG - v_offset: 0 -> 0, h_offset: 65 -> 55
2026-05-09 20:34:53,523 - GT23.BorderPanel - DEBUG - Processing offset change (is_offset=True)
2026-05-09 20:34:53,523 - GT23.BorderPanel - DEBUG - _handle_ratio_locked_sync: ratio=9:16, is_offset=True
2026-05-09 20:34:53,523 - GT23.BorderPanel - DEBUG - Input margins: l=495, r=105, t=1091, b=3086
2026-05-09 20:34:53,523 - GT23.BorderPanel - DEBUG - Final margins (Offset-based): left=465, right=135, top=1091, bottom=3086
2026-05-09 20:34:53,523 - GT23.BorderPanel - DEBUG - After offset: left=465, right=135, top=1091, bottom=3086
2026-05-09 20:34:53,531 - GT23.BorderPanel - DEBUG - on_params_changed: is_offset=True, is_ratio_change=False
2026-05-09 20:34:53,531 - GT23.BorderPanel - DEBUG - v_offset: 0 -> 0, h_offset: 55 -> 45
2026-05-09 20:34:53,531 - GT23.BorderPanel - DEBUG - Processing offset change (is_offset=True)
2026-05-09 20:34:53,531 - GT23.BorderPanel - DEBUG - _handle_ratio_locked_sync: ratio=9:16, is_offset=True
2026-05-09 20:34:53,531 - GT23.BorderPanel - DEBUG - Input margins: l=465, r=135, t=1091, b=3086
2026-05-09 20:34:53,531 - GT23.BorderPanel - DEBUG - Final margins (Offset-based): left=435, right=165, top=1091, bottom=3086
2026-05-09 20:34:53,531 - GT23.BorderPanel - DEBUG - After offset: left=435, right=165, top=1091, bottom=3086
2026-05-09 20:34:53,539 - GT23.BorderPanel - DEBUG - on_params_changed: is_offset=True, is_ratio_change=False
2026-05-09 20:34:53,539 - GT23.BorderPanel - DEBUG - v_offset: 0 -> 0, h_offset: 45 -> 37
2026-05-09 20:34:53,539 - GT23.BorderPanel - DEBUG - Processing offset change (is_offset=True)
2026-05-09 20:34:53,539 - GT23.BorderPanel - DEBUG - _handle_ratio_locked_sync: ratio=9:16, is_offset=True
2026-05-09 20:34:53,539 - GT23.BorderPanel - DEBUG - Input margins: l=435, r=165, t=1091, b=3086
2026-05-09 20:34:53,539 - GT23.BorderPanel - DEBUG - Final margins (Offset-based): left=411, right=189, top=1091, bottom=3086
2026-05-09 20:34:53,539 - GT23.BorderPanel - DEBUG - After offset: left=411, right=189, top=1091, bottom=3086
2026-05-09 20:34:53,547 - GT23.BorderPanel - DEBUG - on_params_changed: is_offset=True, is_ratio_change=False
2026-05-09 20:34:53,547 - GT23.BorderPanel - DEBUG - v_offset: 0 -> 0, h_offset: 37 -> 26
2026-05-09 20:34:53,547 - GT23.BorderPanel - DEBUG - Processing offset change (is_offset=True)
2026-05-09 20:34:53,547 - GT23.BorderPanel - DEBUG - _handle_ratio_locked_sync: ratio=9:16, is_offset=True
2026-05-09 20:34:53,547 - GT23.BorderPanel - DEBUG - Input margins: l=411, r=189, t=1091, b=3086
2026-05-09 20:34:53,547 - GT23.BorderPanel - DEBUG - Final margins (Offset-based): left=378, right=222, top=1091, bottom=3086
2026-05-09 20:34:53,547 - GT23.BorderPanel - DEBUG - After offset: left=378, right=222, top=1091, bottom=3086
2026-05-09 20:34:53,555 - GT23.BorderPanel - DEBUG - on_params_changed: is_offset=True, is_ratio_change=False
2026-05-09 20:34:53,555 - GT23.BorderPanel - DEBUG - v_offset: 0 -> 0, h_offset: 26 -> 18
2026-05-09 20:34:53,555 - GT23.BorderPanel - DEBUG - Processing offset change (is_offset=True)
2026-05-09 20:34:53,555 - GT23.BorderPanel - DEBUG - _handle_ratio_locked_sync: ratio=9:16, is_offset=True
2026-05-09 20:34:53,555 - GT23.BorderPanel - DEBUG - Input margins: l=378, r=222, t=1091, b=3086
2026-05-09 20:34:53,555 - GT23.BorderPanel - DEBUG - Final margins (Offset-based): left=354, right=246, top=1091, bottom=3086
2026-05-09 20:34:53,555 - GT23.BorderPanel - DEBUG - After offset: left=354, right=246, top=1091, bottom=3086
2026-05-09 20:34:53,563 - GT23.BorderPanel - DEBUG - on_params_changed: is_offset=True, is_ratio_change=False
2026-05-09 20:34:53,563 - GT23.BorderPanel - DEBUG - v_offset: 0 -> 0, h_offset: 18 -> 10
2026-05-09 20:34:53,563 - GT23.BorderPanel - DEBUG - Processing offset change (is_offset=True)
2026-05-09 20:34:53,563 - GT23.BorderPanel - DEBUG - _handle_ratio_locked_sync: ratio=9:16, is_offset=True
2026-05-09 20:34:53,563 - GT23.BorderPanel - DEBUG - Input margins: l=354, r=246, t=1091, b=3086
2026-05-09 20:34:53,563 - GT23.BorderPanel - DEBUG - Final margins (Offset-based): left=330, right=270, top=1091, bottom=3086
2026-05-09 20:34:53,563 - GT23.BorderPanel - DEBUG - After offset: left=330, right=270, top=1091, bottom=3086
2026-05-09 20:34:53,571 - GT23.BorderPanel - DEBUG - on_params_changed: is_offset=True, is_ratio_change=False
2026-05-09 20:34:53,571 - GT23.BorderPanel - DEBUG - v_offset: 0 -> 0, h_offset: 10 -> 3
2026-05-09 20:34:53,571 - GT23.BorderPanel - DEBUG - Processing offset change (is_offset=True)
2026-05-09 20:34:53,571 - GT23.BorderPanel - DEBUG - _handle_ratio_locked_sync: ratio=9:16, is_offset=True
2026-05-09 20:34:53,571 - GT23.BorderPanel - DEBUG - Input margins: l=330, r=270, t=1091, b=3086
2026-05-09 20:34:53,571 - GT23.BorderPanel - DEBUG - Final margins (Offset-based): left=309, right=291, top=1091, bottom=3086
2026-05-09 20:34:53,571 - GT23.BorderPanel - DEBUG - After offset: left=309, right=291, top=1091, bottom=3086
2026-05-09 20:34:53,579 - GT23.BorderPanel - DEBUG - on_params_changed: is_offset=True, is_ratio_change=False
2026-05-09 20:34:53,579 - GT23.BorderPanel - DEBUG - v_offset: 0 -> 0, h_offset: 3 -> -1
2026-05-09 20:34:53,579 - GT23.BorderPanel - DEBUG - Processing offset change (is_offset=True)
2026-05-09 20:34:53,579 - GT23.BorderPanel - DEBUG - _handle_ratio_locked_sync: ratio=9:16, is_offset=True
2026-05-09 20:34:53,579 - GT23.BorderPanel - DEBUG - Input margins: l=309, r=291, t=1091, b=3086
2026-05-09 20:34:53,579 - GT23.BorderPanel - DEBUG - Final margins (Offset-based): left=297, right=303, top=1091, bottom=3086
2026-05-09 20:34:53,579 - GT23.BorderPanel - DEBUG - After offset: left=297, right=303, top=1091, bottom=3086
2026-05-09 20:34:53,587 - GT23.BorderPanel - DEBUG - on_params_changed: is_offset=True, is_ratio_change=False
2026-05-09 20:34:53,587 - GT23.BorderPanel - DEBUG - v_offset: 0 -> 0, h_offset: -1 -> -3
2026-05-09 20:34:53,587 - GT23.BorderPanel - DEBUG - Processing offset change (is_offset=True)
2026-05-09 20:34:53,587 - GT23.BorderPanel - DEBUG - _handle_ratio_locked_sync: ratio=9:16, is_offset=True
2026-05-09 20:34:53,587 - GT23.BorderPanel - DEBUG - Input margins: l=297, r=303, t=1091, b=3086
2026-05-09 20:34:53,587 - GT23.BorderPanel - DEBUG - Final margins (Offset-based): left=291, right=309, top=1091, bottom=3086
2026-05-09 20:34:53,587 - GT23.BorderPanel - DEBUG - After offset: left=291, right=309, top=1091, bottom=3086
2026-05-09 20:34:53,595 - GT23.BorderPanel - DEBUG - on_params_changed: is_offset=True, is_ratio_change=False
2026-05-09 20:34:53,595 - GT23.BorderPanel - DEBUG - v_offset: 0 -> 0, h_offset: -3 -> -4
2026-05-09 20:34:53,595 - GT23.BorderPanel - DEBUG - Processing offset change (is_offset=True)
2026-05-09 20:34:53,595 - GT23.BorderPanel - DEBUG - _handle_ratio_locked_sync: ratio=9:16, is_offset=True
2026-05-09 20:34:53,595 - GT23.BorderPanel - DEBUG - Input margins: l=291, r=309, t=1091, b=3086
2026-05-09 20:34:53,595 - GT23.BorderPanel - DEBUG - Final margins (Offset-based): left=288, right=312, top=1091, bottom=3086
2026-05-09 20:34:53,595 - GT23.BorderPanel - DEBUG - After offset: left=288, right=312, top=1091, bottom=3086
2026-05-09 20:34:53,603 - GT23.BorderPanel - DEBUG - on_params_changed: is_offset=True, is_ratio_change=False
2026-05-09 20:34:53,603 - GT23.BorderPanel - DEBUG - v_offset: 0 -> 0, h_offset: -4 -> -6
2026-05-09 20:34:53,603 - GT23.BorderPanel - DEBUG - Processing offset change (is_offset=True)
2026-05-09 20:34:53,603 - GT23.BorderPanel - DEBUG - _handle_ratio_locked_sync: ratio=9:16, is_offset=True
2026-05-09 20:34:53,603 - GT23.BorderPanel - DEBUG - Input margins: l=288, r=312, t=1091, b=3086
2026-05-09 20:34:53,603 - GT23.BorderPanel - DEBUG - Final margins (Offset-based): left=282, right=318, top=1091, bottom=3086
2026-05-09 20:34:53,603 - GT23.BorderPanel - DEBUG - After offset: left=282, right=318, top=1091, bottom=3086
2026-05-09 20:34:53,619 - GT23.BorderPanel - DEBUG - on_params_changed: is_offset=False, is_ratio_change=False
2026-05-09 20:34:53,619 - GT23.BorderPanel - DEBUG - v_offset: 0 -> 0, h_offset: -6 -> -6
2026-05-09 20:34:53,627 - GT23.BorderPanel - DEBUG - on_params_changed: is_offset=True, is_ratio_change=False
2026-05-09 20:34:53,627 - GT23.BorderPanel - DEBUG - v_offset: 0 -> 0, h_offset: -6 -> -7
2026-05-09 20:34:53,627 - GT23.BorderPanel - DEBUG - Processing offset change (is_offset=True)
2026-05-09 20:34:53,627 - GT23.BorderPanel - DEBUG - _handle_ratio_locked_sync: ratio=9:16, is_offset=True
2026-05-09 20:34:53,627 - GT23.BorderPanel - DEBUG - Input margins: l=282, r=318, t=1091, b=3086
2026-05-09 20:34:53,628 - GT23.BorderPanel - DEBUG - Final margins (Offset-based): left=279, right=321, top=1091, bottom=3086
2026-05-09 20:34:53,628 - GT23.BorderPanel - DEBUG - After offset: left=279, right=321, top=1091, bottom=3086
2026-05-09 20:34:53,635 - GT23.BorderPanel - DEBUG - on_params_changed: is_offset=True, is_ratio_change=False
2026-05-09 20:34:53,635 - GT23.BorderPanel - DEBUG - v_offset: 0 -> 0, h_offset: -7 -> -8
2026-05-09 20:34:53,635 - GT23.BorderPanel - DEBUG - Processing offset change (is_offset=True)
2026-05-09 20:34:53,635 - GT23.BorderPanel - DEBUG - _handle_ratio_locked_sync: ratio=9:16, is_offset=True
2026-05-09 20:34:53,635 - GT23.BorderPanel - DEBUG - Input margins: l=279, r=321, t=1091, b=3086
2026-05-09 20:34:53,635 - GT23.BorderPanel - DEBUG - Final margins (Offset-based): left=276, right=324, top=1091, bottom=3086
2026-05-09 20:34:53,635 - GT23.BorderPanel - DEBUG - After offset: left=276, right=324, top=1091, bottom=3086
2026-05-09 20:34:53,668 - GT23.BorderPanel - DEBUG - on_params_changed: is_offset=False, is_ratio_change=False
2026-05-09 20:34:53,668 - GT23.BorderPanel - DEBUG - v_offset: 0 -> 0, h_offset: -8 -> -8
2026-05-09 20:34:54,692 - GT23.BorderPanel - DEBUG - on_params_changed: is_offset=True, is_ratio_change=False
2026-05-09 20:34:54,692 - GT23.BorderPanel - DEBUG - v_offset: 0 -> 0, h_offset: -8 -> -7
2026-05-09 20:34:54,692 - GT23.BorderPanel - DEBUG - Processing offset change (is_offset=True)
2026-05-09 20:34:54,692 - GT23.BorderPanel - DEBUG - _handle_ratio_locked_sync: ratio=9:16, is_offset=True
2026-05-09 20:34:54,692 - GT23.BorderPanel - DEBUG - Input margins: l=276, r=324, t=1091, b=3086
2026-05-09 20:34:54,692 - GT23.BorderPanel - DEBUG - Final margins (Offset-based): left=279, right=321, top=1091, bottom=3086
2026-05-09 20:34:54,692 - GT23.BorderPanel - DEBUG - After offset: left=279, right=321, top=1091, bottom=3086
2026-05-09 20:34:54,700 - GT23.BorderPanel - DEBUG - on_params_changed: is_offset=True, is_ratio_change=False
2026-05-09 20:34:54,700 - GT23.BorderPanel - DEBUG - v_offset: 0 -> 0, h_offset: -7 -> -4
2026-05-09 20:34:54,700 - GT23.BorderPanel - DEBUG - Processing offset change (is_offset=True)
2026-05-09 20:34:54,700 - GT23.BorderPanel - DEBUG - _handle_ratio_locked_sync: ratio=9:16, is_offset=True
2026-05-09 20:34:54,700 - GT23.BorderPanel - DEBUG - Input margins: l=279, r=321, t=1091, b=3086
2026-05-09 20:34:54,700 - GT23.BorderPanel - DEBUG - Final margins (Offset-based): left=288, right=312, top=1091, bottom=3086
2026-05-09 20:34:54,700 - GT23.BorderPanel - DEBUG - After offset: left=288, right=312, top=1091, bottom=3086
2026-05-09 20:34:54,708 - GT23.BorderPanel - DEBUG - on_params_changed: is_offset=True, is_ratio_change=False
2026-05-09 20:34:54,708 - GT23.BorderPanel - DEBUG - v_offset: 0 -> 0, h_offset: -4 -> -1
2026-05-09 20:34:54,708 - GT23.BorderPanel - DEBUG - Processing offset change (is_offset=True)
2026-05-09 20:34:54,708 - GT23.BorderPanel - DEBUG - _handle_ratio_locked_sync: ratio=9:16, is_offset=True
2026-05-09 20:34:54,708 - GT23.BorderPanel - DEBUG - Input margins: l=288, r=312, t=1091, b=3086
2026-05-09 20:34:54,708 - GT23.BorderPanel - DEBUG - Final margins (Offset-based): left=297, right=303, top=1091, bottom=3086
2026-05-09 20:34:54,708 - GT23.BorderPanel - DEBUG - After offset: left=297, right=303, top=1091, bottom=3086
2026-05-09 20:34:54,716 - GT23.BorderPanel - DEBUG - on_params_changed: is_offset=True, is_ratio_change=False
2026-05-09 20:34:54,716 - GT23.BorderPanel - DEBUG - v_offset: 0 -> 0, h_offset: -1 -> 4
2026-05-09 20:34:54,716 - GT23.BorderPanel - DEBUG - Processing offset change (is_offset=True)
2026-05-09 20:34:54,716 - GT23.BorderPanel - DEBUG - _handle_ratio_locked_sync: ratio=9:16, is_offset=True
2026-05-09 20:34:54,716 - GT23.BorderPanel - DEBUG - Input margins: l=297, r=303, t=1091, b=3086
2026-05-09 20:34:54,716 - GT23.BorderPanel - DEBUG - Final margins (Offset-based): left=312, right=288, top=1091, bottom=3086
2026-05-09 20:34:54,716 - GT23.BorderPanel - DEBUG - After offset: left=312, right=288, top=1091, bottom=3086
2026-05-09 20:34:54,724 - GT23.BorderPanel - DEBUG - on_params_changed: is_offset=True, is_ratio_change=False
2026-05-09 20:34:54,724 - GT23.BorderPanel - DEBUG - v_offset: 0 -> 0, h_offset: 4 -> 14
2026-05-09 20:34:54,724 - GT23.BorderPanel - DEBUG - Processing offset change (is_offset=True)
2026-05-09 20:34:54,724 - GT23.BorderPanel - DEBUG - _handle_ratio_locked_sync: ratio=9:16, is_offset=True
2026-05-09 20:34:54,724 - GT23.BorderPanel - DEBUG - Input margins: l=312, r=288, t=1091, b=3086
2026-05-09 20:34:54,724 - GT23.BorderPanel - DEBUG - Final margins (Offset-based): left=342, right=258, top=1091, bottom=3086
2026-05-09 20:34:54,724 - GT23.BorderPanel - DEBUG - After offset: left=342, right=258, top=1091, bottom=3086
2026-05-09 20:34:54,732 - GT23.BorderPanel - DEBUG - on_params_changed: is_offset=True, is_ratio_change=False
2026-05-09 20:34:54,732 - GT23.BorderPanel - DEBUG - v_offset: 0 -> 0, h_offset: 14 -> 27
2026-05-09 20:34:54,732 - GT23.BorderPanel - DEBUG - Processing offset change (is_offset=True)
2026-05-09 20:34:54,732 - GT23.BorderPanel - DEBUG - _handle_ratio_locked_sync: ratio=9:16, is_offset=True
2026-05-09 20:34:54,732 - GT23.BorderPanel - DEBUG - Input margins: l=342, r=258, t=1091, b=3086
2026-05-09 20:34:54,732 - GT23.BorderPanel - DEBUG - Final margins (Offset-based): left=381, right=219, top=1091, bottom=3086
2026-05-09 20:34:54,732 - GT23.BorderPanel - DEBUG - After offset: left=381, right=219, top=1091, bottom=3086
2026-05-09 20:34:54,740 - GT23.BorderPanel - DEBUG - on_params_changed: is_offset=True, is_ratio_change=False
2026-05-09 20:34:54,740 - GT23.BorderPanel - DEBUG - v_offset: 0 -> 0, h_offset: 27 -> 41
2026-05-09 20:34:54,740 - GT23.BorderPanel - DEBUG - Processing offset change (is_offset=True)
2026-05-09 20:34:54,740 - GT23.BorderPanel - DEBUG - _handle_ratio_locked_sync: ratio=9:16, is_offset=True
2026-05-09 20:34:54,740 - GT23.BorderPanel - DEBUG - Input margins: l=381, r=219, t=1091, b=3086
2026-05-09 20:34:54,740 - GT23.BorderPanel - DEBUG - Final margins (Offset-based): left=423, right=177, top=1091, bottom=3086
2026-05-09 20:34:54,740 - GT23.BorderPanel - DEBUG - After offset: left=423, right=177, top=1091, bottom=3086
2026-05-09 20:34:54,748 - GT23.BorderPanel - DEBUG - on_params_changed: is_offset=True, is_ratio_change=False
2026-05-09 20:34:54,748 - GT23.BorderPanel - DEBUG - v_offset: 0 -> 0, h_offset: 41 -> 55
2026-05-09 20:34:54,748 - GT23.BorderPanel - DEBUG - Processing offset change (is_offset=True)
2026-05-09 20:34:54,748 - GT23.BorderPanel - DEBUG - _handle_ratio_locked_sync: ratio=9:16, is_offset=True
2026-05-09 20:34:54,748 - GT23.BorderPanel - DEBUG - Input margins: l=423, r=177, t=1091, b=3086
2026-05-09 20:34:54,748 - GT23.BorderPanel - DEBUG - Final margins (Offset-based): left=465, right=135, top=1091, bottom=3086
2026-05-09 20:34:54,748 - GT23.BorderPanel - DEBUG - After offset: left=465, right=135, top=1091, bottom=3086
2026-05-09 20:34:54,756 - GT23.BorderPanel - DEBUG - on_params_changed: is_offset=True, is_ratio_change=False
2026-05-09 20:34:54,756 - GT23.BorderPanel - DEBUG - v_offset: 0 -> 0, h_offset: 55 -> 67
2026-05-09 20:34:54,756 - GT23.BorderPanel - DEBUG - Processing offset change (is_offset=True)
2026-05-09 20:34:54,756 - GT23.BorderPanel - DEBUG - _handle_ratio_locked_sync: ratio=9:16, is_offset=True
2026-05-09 20:34:54,756 - GT23.BorderPanel - DEBUG - Input margins: l=465, r=135, t=1091, b=3086
2026-05-09 20:34:54,756 - GT23.BorderPanel - DEBUG - Final margins (Offset-based): left=501, right=99, top=1091, bottom=3086
2026-05-09 20:34:54,756 - GT23.BorderPanel - DEBUG - After offset: left=501, right=99, top=1091, bottom=3086
2026-05-09 20:34:54,767 - GT23.BorderPanel - DEBUG - on_params_changed: is_offset=True, is_ratio_change=False
2026-05-09 20:34:54,767 - GT23.BorderPanel - DEBUG - v_offset: 0 -> 0, h_offset: 67 -> 78
2026-05-09 20:34:54,767 - GT23.BorderPanel - DEBUG - Processing offset change (is_offset=True)
2026-05-09 20:34:54,767 - GT23.BorderPanel - DEBUG - _handle_ratio_locked_sync: ratio=9:16, is_offset=True
2026-05-09 20:34:54,767 - GT23.BorderPanel - DEBUG - Input margins: l=501, r=99, t=1091, b=3086
2026-05-09 20:34:54,767 - GT23.BorderPanel - DEBUG - Final margins (Offset-based): left=534, right=66, top=1091, bottom=3086
2026-05-09 20:34:54,767 - GT23.BorderPanel - DEBUG - After offset: left=534, right=66, top=1091, bottom=3086
2026-05-09 20:34:54,772 - GT23.BorderPanel - DEBUG - on_params_changed: is_offset=True, is_ratio_change=False
2026-05-09 20:34:54,772 - GT23.BorderPanel - DEBUG - v_offset: 0 -> 0, h_offset: 78 -> 89
2026-05-09 20:34:54,772 - GT23.BorderPanel - DEBUG - Processing offset change (is_offset=True)
2026-05-09 20:34:54,772 - GT23.BorderPanel - DEBUG - _handle_ratio_locked_sync: ratio=9:16, is_offset=True
2026-05-09 20:34:54,772 - GT23.BorderPanel - DEBUG - Input margins: l=534, r=66, t=1091, b=3086
2026-05-09 20:34:54,772 - GT23.BorderPanel - DEBUG - Final margins (Offset-based): left=567, right=33, top=1091, bottom=3086
2026-05-09 20:34:54,772 - GT23.BorderPanel - DEBUG - After offset: left=567, right=33, top=1091, bottom=3086
2026-05-09 20:34:54,780 - GT23.BorderPanel - DEBUG - on_params_changed: is_offset=True, is_ratio_change=False
2026-05-09 20:34:54,780 - GT23.BorderPanel - DEBUG - v_offset: 0 -> 0, h_offset: 89 -> 95
2026-05-09 20:34:54,780 - GT23.BorderPanel - DEBUG - Processing offset change (is_offset=True)
2026-05-09 20:34:54,780 - GT23.BorderPanel - DEBUG - _handle_ratio_locked_sync: ratio=9:16, is_offset=True
2026-05-09 20:34:54,780 - GT23.BorderPanel - DEBUG - Input margins: l=567, r=33, t=1091, b=3086
2026-05-09 20:34:54,780 - GT23.BorderPanel - DEBUG - Final margins (Offset-based): left=585, right=15, top=1091, bottom=3086
2026-05-09 20:34:54,780 - GT23.BorderPanel - DEBUG - After offset: left=585, right=15, top=1091, bottom=3086
2026-05-09 20:34:54,788 - GT23.BorderPanel - DEBUG - on_params_changed: is_offset=True, is_ratio_change=False
2026-05-09 20:34:54,788 - GT23.BorderPanel - DEBUG - v_offset: 0 -> 0, h_offset: 95 -> 100
2026-05-09 20:34:54,788 - GT23.BorderPanel - DEBUG - Processing offset change (is_offset=True)
2026-05-09 20:34:54,788 - GT23.BorderPanel - DEBUG - _handle_ratio_locked_sync: ratio=9:16, is_offset=True
2026-05-09 20:34:54,788 - GT23.BorderPanel - DEBUG - Input margins: l=585, r=15, t=1091, b=3086
2026-05-09 20:34:54,788 - GT23.BorderPanel - DEBUG - Final margins (Offset-based): left=600, right=0, top=1091, bottom=3086
2026-05-09 20:34:54,788 - GT23.BorderPanel - DEBUG - After offset: left=600, right=0, top=1091, bottom=3086
2026-05-09 20:34:54,796 - GT23.BorderPanel - DEBUG - on_params_changed: is_offset=False, is_ratio_change=False
2026-05-09 20:34:54,796 - GT23.BorderPanel - DEBUG - v_offset: 0 -> 0, h_offset: 100 -> 100
2026-05-09 20:34:57,446 - GT23.BorderPanel - DEBUG - === _on_ratio_changed_aesthetic called ===
2026-05-09 20:34:57,446 - GT23.BorderPanel - DEBUG - Before: left=600, right=0, top=1091, bottom=3086
2026-05-09 20:34:57,446 - GT23.BorderPanel - DEBUG - v_offset=0, h_offset=100
2026-05-09 20:34:57,446 - GT23.BorderPanel - DEBUG - After reset/preset: left=500, right=500, top=500, bottom=1200
2026-05-09 20:34:57,446 - GT23.BorderPanel - DEBUG - on_params_changed: is_offset=False, is_ratio_change=True
2026-05-09 20:34:57,446 - GT23.BorderPanel - DEBUG - v_offset: 0 -> 0, h_offset: 100 -> 100
2026-05-09 20:34:57,446 - GT23.BorderPanel - DEBUG - Processing ratio change (is_offset=False)
2026-05-09 20:34:57,446 - GT23.BorderPanel - DEBUG - _handle_ratio_locked_sync: ratio=1:1, is_offset=False
2026-05-09 20:34:57,446 - GT23.BorderPanel - DEBUG - Input margins: l=500, r=500, t=500, b=1200
2026-05-09 20:34:57,447 - GT23.BorderPanel - DEBUG - Final margins (Proportional): left=850, right=850.0, top=500, bottom=1200
2026-05-09 20:34:57,447 - GT23.BorderPanel - DEBUG - After ratio: left=850, right=850, top=500, bottom=1200
2026-05-09 20:34:57,449 - GT23.BorderPanel - DEBUG - on_params_changed: is_offset=False, is_ratio_change=False
2026-05-09 20:34:57,449 - GT23.BorderPanel - DEBUG - v_offset: 0 -> 0, h_offset: 100 -> 100
2026-05-09 20:35:00,368 - GT23.BorderPanel - DEBUG - === _on_ratio_changed_aesthetic called ===
2026-05-09 20:35:00,368 - GT23.BorderPanel - DEBUG - Before: left=850, right=850, top=500, bottom=1200
2026-05-09 20:35:00,368 - GT23.BorderPanel - DEBUG - v_offset=0, h_offset=100
2026-05-09 20:35:00,368 - GT23.BorderPanel - DEBUG - After reset/preset: left=400, right=400, top=400, bottom=1300
2026-05-09 20:35:00,368 - GT23.BorderPanel - DEBUG - on_params_changed: is_offset=False, is_ratio_change=True
2026-05-09 20:35:00,368 - GT23.BorderPanel - DEBUG - v_offset: 0 -> 0, h_offset: 100 -> 100
2026-05-09 20:35:00,368 - GT23.BorderPanel - DEBUG - Processing ratio change (is_offset=False)
2026-05-09 20:35:00,368 - GT23.BorderPanel - DEBUG - _handle_ratio_locked_sync: ratio=3:4, is_offset=False
2026-05-09 20:35:00,368 - GT23.BorderPanel - DEBUG - Input margins: l=400, r=400, t=400, b=1300
2026-05-09 20:35:00,369 - GT23.BorderPanel - DEBUG - Final margins (Proportional): left=400, right=400, top=564, bottom=1836.0
2026-05-09 20:35:00,369 - GT23.BorderPanel - DEBUG - After ratio: left=400, right=400, top=564, bottom=1836
2026-05-09 20:35:00,370 - GT23.BorderPanel - DEBUG - on_params_changed: is_offset=False, is_ratio_change=False
2026-05-09 20:35:00,370 - GT23.BorderPanel - DEBUG - v_offset: 0 -> 0, h_offset: 100 -> 100
2026-05-09 20:37:03,528 - GT23.BorderPanel - DEBUG - === _on_ratio_changed_aesthetic called ===
2026-05-09 20:37:03,529 - GT23.BorderPanel - DEBUG - Before: left=180, right=180, top=180, bottom=585
2026-05-09 20:37:03,529 - GT23.BorderPanel - DEBUG - v_offset=0, h_offset=0
2026-05-09 20:37:03,529 - GT23.BorderPanel - DEBUG - Ratio is 'Original' or non-preset. Restoring default margins for this image's format.
2026-05-09 20:37:03,529 - GT23.BorderPanel - DEBUG - After reset/preset: left=180, right=180, top=180, bottom=585
2026-05-09 20:37:03,661 - GT23.BorderPanel - DEBUG - No specific layout detected. Using system defaults (180, 585).
2026-05-09 20:37:03,678 - GT23.BorderPanel - DEBUG - on_params_changed: is_offset=False, is_ratio_change=True
2026-05-09 20:37:03,678 - GT23.BorderPanel - DEBUG - v_offset: 0 -> 0, h_offset: 0 -> 0
2026-05-09 20:37:03,678 - GT23.BorderPanel - DEBUG - Processing ratio change (is_offset=False)
2026-05-09 20:37:03,678 - GT23.BorderPanel - DEBUG - _handle_ratio_locked_sync: ratio=原图, is_offset=False
2026-05-09 20:37:03,678 - GT23.BorderPanel - DEBUG - Input margins: l=180, r=180, t=180, b=585
2026-05-09 20:37:03,678 - GT23.BorderPanel - DEBUG - After ratio: left=180, right=180, top=180, bottom=585
2026-05-09 20:37:03,914 - GT23.BorderPanel - DEBUG - on_params_changed: is_offset=False, is_ratio_change=False
2026-05-09 20:37:03,915 - GT23.BorderPanel - DEBUG - v_offset: 0 -> 0, h_offset: 0 -> 0
2026-05-09 20:37:03,915 - GT23.BorderPanel - DEBUG - No specific layout detected. Using system defaults (180, 585).
2026-05-09 20:37:03,938 - GT23.BorderPanel - DEBUG - on_params_changed: is_offset=False, is_ratio_change=False
2026-05-09 20:37:03,938 - GT23.BorderPanel - DEBUG - v_offset: 0 -> 0, h_offset: 0 -> 0
2026-05-09 20:37:03,938 - GT23.BorderPanel - DEBUG - === _on_ratio_changed_aesthetic called ===
2026-05-09 20:37:03,938 - GT23.BorderPanel - DEBUG - Before: left=180, right=180, top=180, bottom=585
2026-05-09 20:37:03,938 - GT23.BorderPanel - DEBUG - v_offset=0, h_offset=0
2026-05-09 20:37:03,938 - GT23.BorderPanel - DEBUG - Ratio is 'Original' or non-preset. Restoring default margins for this image's format.
2026-05-09 20:37:03,940 - GT23.BorderPanel - DEBUG - Restored default margins for format: 6x6
2026-05-09 20:37:03,940 - GT23.BorderPanel - DEBUG - After reset/preset: left=270, right=270, top=270, bottom=810
2026-05-09 20:37:03,940 - GT23.BorderPanel - DEBUG - on_params_changed: is_offset=False, is_ratio_change=True
2026-05-09 20:37:03,940 - GT23.BorderPanel - DEBUG - v_offset: 0 -> 0, h_offset: 0 -> 0
2026-05-09 20:37:03,940 - GT23.BorderPanel - DEBUG - Processing ratio change (is_offset=False)
2026-05-09 20:37:03,940 - GT23.BorderPanel - DEBUG - _handle_ratio_locked_sync: ratio=原图, is_offset=False
2026-05-09 20:37:03,940 - GT23.BorderPanel - DEBUG - Input margins: l=270, r=270, t=270, b=810
2026-05-09 20:37:03,940 - GT23.BorderPanel - DEBUG - After ratio: left=270, right=270, top=270, bottom=810
2026-05-09 20:37:07,852 - GT23.BorderPanel - DEBUG - === _on_ratio_changed_aesthetic called ===
2026-05-09 20:37:07,853 - GT23.BorderPanel - DEBUG - Before: left=270, right=270, top=270, bottom=810
2026-05-09 20:37:07,853 - GT23.BorderPanel - DEBUG - v_offset=0, h_offset=0
2026-05-09 20:37:07,853 - GT23.BorderPanel - DEBUG - After reset/preset: left=350, right=350, top=350, bottom=850
2026-05-09 20:37:07,853 - GT23.BorderPanel - DEBUG - on_params_changed: is_offset=False, is_ratio_change=True
2026-05-09 20:37:07,853 - GT23.BorderPanel - DEBUG - v_offset: 0 -> 0, h_offset: 0 -> 0
2026-05-09 20:37:07,853 - GT23.BorderPanel - DEBUG - Processing ratio change (is_offset=False)
2026-05-09 20:37:07,853 - GT23.BorderPanel - DEBUG - _handle_ratio_locked_sync: ratio=3:2, is_offset=False
2026-05-09 20:37:07,853 - GT23.BorderPanel - DEBUG - Input margins: l=350, r=350, t=350, b=850
2026-05-09 20:37:07,853 - GT23.BorderPanel - DEBUG - Final margins (Proportional): left=1900, right=1900.0, top=350, bottom=850
2026-05-09 20:37:07,853 - GT23.BorderPanel - DEBUG - After ratio: left=1900, right=1900, top=350, bottom=850
2026-05-09 20:37:07,855 - GT23.BorderPanel - DEBUG - on_params_changed: is_offset=False, is_ratio_change=False
2026-05-09 20:37:07,855 - GT23.BorderPanel - DEBUG - v_offset: 0 -> 0, h_offset: 0 -> 0
2026-05-09 20:37:10,742 - GT23.BorderPanel - DEBUG - on_params_changed: is_offset=True, is_ratio_change=False
2026-05-09 20:37:10,742 - GT23.BorderPanel - DEBUG - v_offset: 0 -> 0, h_offset: 0 -> 2
2026-05-09 20:37:10,742 - GT23.BorderPanel - DEBUG - Processing offset change (is_offset=True)
2026-05-09 20:37:10,743 - GT23.BorderPanel - DEBUG - _handle_ratio_locked_sync: ratio=3:2, is_offset=True
2026-05-09 20:37:10,743 - GT23.BorderPanel - DEBUG - Input margins: l=1900, r=1900, t=350, b=850
2026-05-09 20:37:10,744 - GT23.BorderPanel - DEBUG - Final margins (Offset-based): left=1862, right=1862, top=198, bottom=1002
2026-05-09 20:37:10,744 - GT23.BorderPanel - DEBUG - After offset: left=1862, right=1862, top=198, bottom=1002
2026-05-09 20:37:10,744 - GT23.BorderPanel - DEBUG - sync_lr disabled due to horizontal offset
2026-05-09 20:37:10,757 - GT23.BorderPanel - DEBUG - on_params_changed: is_offset=False, is_ratio_change=False
2026-05-09 20:37:10,757 - GT23.BorderPanel - DEBUG - v_offset: 0 -> 0, h_offset: 2 -> 2
2026-05-09 20:37:10,765 - GT23.BorderPanel - DEBUG - on_params_changed: is_offset=True, is_ratio_change=False
2026-05-09 20:37:10,765 - GT23.BorderPanel - DEBUG - v_offset: 0 -> 0, h_offset: 2 -> 7
2026-05-09 20:37:10,765 - GT23.BorderPanel - DEBUG - Processing offset change (is_offset=True)
2026-05-09 20:37:10,765 - GT23.BorderPanel - DEBUG - _handle_ratio_locked_sync: ratio=3:2, is_offset=True
2026-05-09 20:37:10,765 - GT23.BorderPanel - DEBUG - Input margins: l=1862, r=1862, t=198, b=1002
2026-05-09 20:37:10,765 - GT23.BorderPanel - DEBUG - Final margins (Offset-based): left=2033, right=1767, top=198, bottom=1002
2026-05-09 20:37:10,765 - GT23.BorderPanel - DEBUG - After offset: left=2033, right=1767, top=198, bottom=1002
2026-05-09 20:37:10,772 - GT23.BorderPanel - DEBUG - on_params_changed: is_offset=True, is_ratio_change=False
2026-05-09 20:37:10,773 - GT23.BorderPanel - DEBUG - v_offset: 0 -> 0, h_offset: 7 -> 11
2026-05-09 20:37:10,773 - GT23.BorderPanel - DEBUG - Processing offset change (is_offset=True)
2026-05-09 20:37:10,773 - GT23.BorderPanel - DEBUG - _handle_ratio_locked_sync: ratio=3:2, is_offset=True
2026-05-09 20:37:10,773 - GT23.BorderPanel - DEBUG - Input margins: l=2033, r=1767, t=198, b=1002
2026-05-09 20:37:10,773 - GT23.BorderPanel - DEBUG - Final margins (Offset-based): left=2109, right=1691, top=198, bottom=1002
2026-05-09 20:37:10,773 - GT23.BorderPanel - DEBUG - After offset: left=2109, right=1691, top=198, bottom=1002
2026-05-09 20:37:10,780 - GT23.BorderPanel - DEBUG - on_params_changed: is_offset=True, is_ratio_change=False
2026-05-09 20:37:10,780 - GT23.BorderPanel - DEBUG - v_offset: 0 -> 0, h_offset: 11 -> 18
2026-05-09 20:37:10,780 - GT23.BorderPanel - DEBUG - Processing offset change (is_offset=True)
2026-05-09 20:37:10,780 - GT23.BorderPanel - DEBUG - _handle_ratio_locked_sync: ratio=3:2, is_offset=True
2026-05-09 20:37:10,780 - GT23.BorderPanel - DEBUG - Input margins: l=2109, r=1691, t=198, b=1002
2026-05-09 20:37:10,780 - GT23.BorderPanel - DEBUG - Final margins (Offset-based): left=2242, right=1558, top=198, bottom=1002
2026-05-09 20:37:10,780 - GT23.BorderPanel - DEBUG - After offset: left=2242, right=1558, top=198, bottom=1002
2026-05-09 20:37:10,789 - GT23.BorderPanel - DEBUG - on_params_changed: is_offset=True, is_ratio_change=False
2026-05-09 20:37:10,789 - GT23.BorderPanel - DEBUG - v_offset: 0 -> 0, h_offset: 18 -> 26
2026-05-09 20:37:10,789 - GT23.BorderPanel - DEBUG - Processing offset change (is_offset=True)
2026-05-09 20:37:10,789 - GT23.BorderPanel - DEBUG - _handle_ratio_locked_sync: ratio=3:2, is_offset=True
2026-05-09 20:37:10,789 - GT23.BorderPanel - DEBUG - Input margins: l=2242, r=1558, t=198, b=1002
2026-05-09 20:37:10,789 - GT23.BorderPanel - DEBUG - Final margins (Offset-based): left=2394, right=1406, top=198, bottom=1002
2026-05-09 20:37:10,789 - GT23.BorderPanel - DEBUG - After offset: left=2394, right=1406, top=198, bottom=1002
2026-05-09 20:37:10,796 - GT23.BorderPanel - DEBUG - on_params_changed: is_offset=True, is_ratio_change=False
2026-05-09 20:37:10,797 - GT23.BorderPanel - DEBUG - v_offset: 0 -> 0, h_offset: 26 -> 36
2026-05-09 20:37:10,797 - GT23.BorderPanel - DEBUG - Processing offset change (is_offset=True)
2026-05-09 20:37:10,797 - GT23.BorderPanel - DEBUG - _handle_ratio_locked_sync: ratio=3:2, is_offset=True
2026-05-09 20:37:10,797 - GT23.BorderPanel - DEBUG - Input margins: l=2394, r=1406, t=198, b=1002
2026-05-09 20:37:10,797 - GT23.BorderPanel - DEBUG - Final margins (Offset-based): left=2583, right=1217, top=198, bottom=1002
2026-05-09 20:37:10,797 - GT23.BorderPanel - DEBUG - After offset: left=2583, right=1217, top=198, bottom=1002
2026-05-09 20:37:10,804 - GT23.BorderPanel - DEBUG - on_params_changed: is_offset=True, is_ratio_change=False
2026-05-09 20:37:10,804 - GT23.BorderPanel - DEBUG - v_offset: 0 -> 0, h_offset: 36 -> 48
2026-05-09 20:37:10,804 - GT23.BorderPanel - DEBUG - Processing offset change (is_offset=True)
2026-05-09 20:37:10,804 - GT23.BorderPanel - DEBUG - _handle_ratio_locked_sync: ratio=3:2, is_offset=True
2026-05-09 20:37:10,804 - GT23.BorderPanel - DEBUG - Input margins: l=2583, r=1217, t=198, b=1002
2026-05-09 20:37:10,804 - GT23.BorderPanel - DEBUG - Final margins (Offset-based): left=2812, right=988, top=198, bottom=1002
2026-05-09 20:37:10,804 - GT23.BorderPanel - DEBUG - After offset: left=2812, right=988, top=198, bottom=1002
2026-05-09 20:37:10,814 - GT23.BorderPanel - DEBUG - on_params_changed: is_offset=True, is_ratio_change=False
2026-05-09 20:37:10,814 - GT23.BorderPanel - DEBUG - v_offset: 0 -> 0, h_offset: 48 -> 62
2026-05-09 20:37:10,814 - GT23.BorderPanel - DEBUG - Processing offset change (is_offset=True)
2026-05-09 20:37:10,814 - GT23.BorderPanel - DEBUG - _handle_ratio_locked_sync: ratio=3:2, is_offset=True
2026-05-09 20:37:10,814 - GT23.BorderPanel - DEBUG - Input margins: l=2812, r=988, t=198, b=1002
2026-05-09 20:37:10,814 - GT23.BorderPanel - DEBUG - Final margins (Offset-based): left=3078, right=722, top=198, bottom=1002
2026-05-09 20:37:10,814 - GT23.BorderPanel - DEBUG - After offset: left=3078, right=722, top=198, bottom=1002
2026-05-09 20:37:10,821 - GT23.BorderPanel - DEBUG - on_params_changed: is_offset=True, is_ratio_change=False
2026-05-09 20:37:10,821 - GT23.BorderPanel - DEBUG - v_offset: 0 -> 0, h_offset: 62 -> 77
2026-05-09 20:37:10,821 - GT23.BorderPanel - DEBUG - Processing offset change (is_offset=True)
2026-05-09 20:37:10,821 - GT23.BorderPanel - DEBUG - _handle_ratio_locked_sync: ratio=3:2, is_offset=True
2026-05-09 20:37:10,821 - GT23.BorderPanel - DEBUG - Input margins: l=3078, r=722, t=198, b=1002
2026-05-09 20:37:10,821 - GT23.BorderPanel - DEBUG - Final margins (Offset-based): left=3363, right=437, top=198, bottom=1002
2026-05-09 20:37:10,821 - GT23.BorderPanel - DEBUG - After offset: left=3363, right=437, top=198, bottom=1002
2026-05-09 20:37:10,828 - GT23.BorderPanel - DEBUG - on_params_changed: is_offset=True, is_ratio_change=False
2026-05-09 20:37:10,828 - GT23.BorderPanel - DEBUG - v_offset: 0 -> 0, h_offset: 77 -> 94
2026-05-09 20:37:10,828 - GT23.BorderPanel - DEBUG - Processing offset change (is_offset=True)
2026-05-09 20:37:10,828 - GT23.BorderPanel - DEBUG - _handle_ratio_locked_sync: ratio=3:2, is_offset=True
2026-05-09 20:37:10,828 - GT23.BorderPanel - DEBUG - Input margins: l=3363, r=437, t=198, b=1002
2026-05-09 20:37:10,828 - GT23.BorderPanel - DEBUG - Final margins (Offset-based): left=3686, right=114, top=198, bottom=1002
2026-05-09 20:37:10,828 - GT23.BorderPanel - DEBUG - After offset: left=3686, right=114, top=198, bottom=1002
2026-05-09 20:37:10,836 - GT23.BorderPanel - DEBUG - on_params_changed: is_offset=True, is_ratio_change=False
2026-05-09 20:37:10,836 - GT23.BorderPanel - DEBUG - v_offset: 0 -> 0, h_offset: 94 -> 100
2026-05-09 20:37:10,836 - GT23.BorderPanel - DEBUG - Processing offset change (is_offset=True)
2026-05-09 20:37:10,836 - GT23.BorderPanel - DEBUG - _handle_ratio_locked_sync: ratio=3:2, is_offset=True
2026-05-09 20:37:10,836 - GT23.BorderPanel - DEBUG - Input margins: l=3686, r=114, t=198, b=1002
2026-05-09 20:37:10,836 - GT23.BorderPanel - DEBUG - Final margins (Offset-based): left=3800, right=0, top=198, bottom=1002
2026-05-09 20:37:10,836 - GT23.BorderPanel - DEBUG - After offset: left=3800, right=0, top=198, bottom=1002
2026-05-09 20:37:10,844 - GT23.BorderPanel - DEBUG - on_params_changed: is_offset=False, is_ratio_change=False
2026-05-09 20:37:10,844 - GT23.BorderPanel - DEBUG - v_offset: 0 -> 0, h_offset: 100 -> 100
2026-05-09 20:37:10,852 - GT23.BorderPanel - DEBUG - on_params_changed: is_offset=False, is_ratio_change=False
2026-05-09 20:37:10,852 - GT23.BorderPanel - DEBUG - v_offset: 0 -> 0, h_offset: 100 -> 100
2026-05-09 20:37:10,861 - GT23.BorderPanel - DEBUG - on_params_changed: is_offset=False, is_ratio_change=False
2026-05-09 20:37:10,861 - GT23.BorderPanel - DEBUG - v_offset: 0 -> 0, h_offset: 100 -> 100
2026-05-09 20:37:10,869 - GT23.BorderPanel - DEBUG - on_params_changed: is_offset=False, is_ratio_change=False
2026-05-09 20:37:10,869 - GT23.BorderPanel - DEBUG - v_offset: 0 -> 0, h_offset: 100 -> 100
2026-05-09 20:37:10,877 - GT23.BorderPanel - DEBUG - on_params_changed: is_offset=False, is_ratio_change=False
2026-05-09 20:37:10,877 - GT23.BorderPanel - DEBUG - v_offset: 0 -> 0, h_offset: 100 -> 100
2026-05-09 20:37:10,884 - GT23.BorderPanel - DEBUG - on_params_changed: is_offset=False, is_ratio_change=False
2026-05-09 20:37:10,884 - GT23.BorderPanel - DEBUG - v_offset: 0 -> 0, h_offset: 100 -> 100
2026-05-09 20:37:10,892 - GT23.BorderPanel - DEBUG - on_params_changed: is_offset=False, is_ratio_change=False
2026-05-09 20:37:10,892 - GT23.BorderPanel - DEBUG - v_offset: 0 -> 0, h_offset: 100 -> 100
2026-05-09 20:37:10,901 - GT23.BorderPanel - DEBUG - on_params_changed: is_offset=False, is_ratio_change=False
2026-05-09 20:37:10,901 - GT23.BorderPanel - DEBUG - v_offset: 0 -> 0, h_offset: 100 -> 100
2026-05-09 20:37:10,909 - GT23.BorderPanel - DEBUG - on_params_changed: is_offset=False, is_ratio_change=False
2026-05-09 20:37:10,909 - GT23.BorderPanel - DEBUG - v_offset: 0 -> 0, h_offset: 100 -> 100
2026-05-09 20:37:10,917 - GT23.BorderPanel - DEBUG - on_params_changed: is_offset=False, is_ratio_change=False
2026-05-09 20:37:10,917 - GT23.BorderPanel - DEBUG - v_offset: 0 -> 0, h_offset: 100 -> 100
2026-05-09 20:37:10,925 - GT23.BorderPanel - DEBUG - on_params_changed: is_offset=False, is_ratio_change=False
2026-05-09 20:37:10,925 - GT23.BorderPanel - DEBUG - v_offset: 0 -> 0, h_offset: 100 -> 100
2026-05-09 20:37:10,933 - GT23.BorderPanel - DEBUG - on_params_changed: is_offset=False, is_ratio_change=False
2026-05-09 20:37:10,933 - GT23.BorderPanel - DEBUG - v_offset: 0 -> 0, h_offset: 100 -> 100
2026-05-09 20:37:14,394 - GT23.BorderPanel - DEBUG - === _on_ratio_changed_aesthetic called ===
2026-05-09 20:37:14,394 - GT23.BorderPanel - DEBUG - Before: left=3800, right=0, top=198, bottom=1002
2026-05-09 20:37:14,394 - GT23.BorderPanel - DEBUG - v_offset=0, h_offset=100
2026-05-09 20:37:14,394 - GT23.BorderPanel - DEBUG - After reset/preset: left=300, right=300, top=500, bottom=950
2026-05-09 20:37:14,394 - GT23.BorderPanel - DEBUG - on_params_changed: is_offset=False, is_ratio_change=True
2026-05-09 20:37:14,395 - GT23.BorderPanel - DEBUG - v_offset: 0 -> 0, h_offset: 0 -> 0
2026-05-09 20:37:14,395 - GT23.BorderPanel - DEBUG - Processing ratio change (is_offset=False)
2026-05-09 20:37:14,395 - GT23.BorderPanel - DEBUG - _handle_ratio_locked_sync: ratio=16:9, is_offset=False
2026-05-09 20:37:14,395 - GT23.BorderPanel - DEBUG - Input margins: l=300, r=300, t=500, b=950
2026-05-09 20:37:14,395 - GT23.BorderPanel - DEBUG - Final margins (Proportional): left=2844, right=2844.8888888888887, top=500, bottom=950
2026-05-09 20:37:14,395 - GT23.BorderPanel - DEBUG - After ratio: left=2844, right=2844, top=500, bottom=950
2026-05-09 20:37:14,396 - GT23.BorderPanel - DEBUG - on_params_changed: is_offset=False, is_ratio_change=False
2026-05-09 20:37:14,396 - GT23.BorderPanel - DEBUG - v_offset: 0 -> 0, h_offset: 0 -> 0
2026-05-09 20:37:16,901 - GT23.BorderPanel - DEBUG - on_params_changed: is_offset=True, is_ratio_change=False
2026-05-09 20:37:16,902 - GT23.BorderPanel - DEBUG - v_offset: 0 -> -1, h_offset: 0 -> 0
2026-05-09 20:37:16,902 - GT23.BorderPanel - DEBUG - Processing offset change (is_offset=True)
2026-05-09 20:37:16,902 - GT23.BorderPanel - DEBUG - _handle_ratio_locked_sync: ratio=16:9, is_offset=True
2026-05-09 20:37:16,902 - GT23.BorderPanel - DEBUG - Input margins: l=2844, r=2844, t=500, b=950
2026-05-09 20:37:16,904 - GT23.BorderPanel - DEBUG - Final margins (Offset-based): left=2844, right=2844, top=270, bottom=1180
2026-05-09 20:37:16,904 - GT23.BorderPanel - DEBUG - After offset: left=2844, right=2844, top=270, bottom=1180
2026-05-09 20:37:16,912 - GT23.BorderPanel - DEBUG - on_params_changed: is_offset=True, is_ratio_change=False
2026-05-09 20:37:16,912 - GT23.BorderPanel - DEBUG - v_offset: -1 -> 3, h_offset: 0 -> 0
2026-05-09 20:37:16,912 - GT23.BorderPanel - DEBUG - Processing offset change (is_offset=True)
2026-05-09 20:37:16,912 - GT23.BorderPanel - DEBUG - _handle_ratio_locked_sync: ratio=16:9, is_offset=True
2026-05-09 20:37:16,912 - GT23.BorderPanel - DEBUG - Input margins: l=2844, r=2844, t=270, b=1180
2026-05-09 20:37:16,913 - GT23.BorderPanel - DEBUG - Final margins (Offset-based): left=2844, right=2844, top=292, bottom=1158
2026-05-09 20:37:16,913 - GT23.BorderPanel - DEBUG - After offset: left=2844, right=2844, top=292, bottom=1158
2026-05-09 20:37:16,915 - GT23.BorderPanel - DEBUG - on_params_changed: is_offset=True, is_ratio_change=False
2026-05-09 20:37:16,915 - GT23.BorderPanel - DEBUG - v_offset: 3 -> 7, h_offset: 0 -> 0
2026-05-09 20:37:16,915 - GT23.BorderPanel - DEBUG - Processing offset change (is_offset=True)
2026-05-09 20:37:16,915 - GT23.BorderPanel - DEBUG - _handle_ratio_locked_sync: ratio=16:9, is_offset=True
2026-05-09 20:37:16,915 - GT23.BorderPanel - DEBUG - Input margins: l=2844, r=2844, t=292, b=1158
2026-05-09 20:37:16,915 - GT23.BorderPanel - DEBUG - Final margins (Offset-based): left=2844, right=2844, top=317, bottom=1133
2026-05-09 20:37:16,918 - GT23.BorderPanel - DEBUG - After offset: left=2844, right=2844, top=317, bottom=1133
2026-05-09 20:37:16,922 - GT23.BorderPanel - DEBUG - on_params_changed: is_offset=True, is_ratio_change=False
2026-05-09 20:37:16,922 - GT23.BorderPanel - DEBUG - v_offset: 7 -> 14, h_offset: 0 -> 0
2026-05-09 20:37:16,923 - GT23.BorderPanel - DEBUG - Processing offset change (is_offset=True)
2026-05-09 20:37:16,923 - GT23.BorderPanel - DEBUG - _handle_ratio_locked_sync: ratio=16:9, is_offset=True
2026-05-09 20:37:16,923 - GT23.BorderPanel - DEBUG - Input margins: l=2844, r=2844, t=317, b=1133
2026-05-09 20:37:16,923 - GT23.BorderPanel - DEBUG - Final margins (Offset-based): left=2844, right=2844, top=362, bottom=1088
2026-05-09 20:37:16,923 - GT23.BorderPanel - DEBUG - After offset: left=2844, right=2844, top=362, bottom=1088
2026-05-09 20:37:16,931 - GT23.BorderPanel - DEBUG - on_params_changed: is_offset=True, is_ratio_change=False
2026-05-09 20:37:16,931 - GT23.BorderPanel - DEBUG - v_offset: 14 -> 24, h_offset: 0 -> 0
2026-05-09 20:37:16,931 - GT23.BorderPanel - DEBUG - Processing offset change (is_offset=True)
2026-05-09 20:37:16,931 - GT23.BorderPanel - DEBUG - _handle_ratio_locked_sync: ratio=16:9, is_offset=True
2026-05-09 20:37:16,931 - GT23.BorderPanel - DEBUG - Input margins: l=2844, r=2844, t=362, b=1088
2026-05-09 20:37:16,931 - GT23.BorderPanel - DEBUG - Final margins (Offset-based): left=2844, right=2844, top=425, bottom=1025
2026-05-09 20:37:16,931 - GT23.BorderPanel - DEBUG - After offset: left=2844, right=2844, top=425, bottom=1025
2026-05-09 20:37:16,938 - GT23.BorderPanel - DEBUG - on_params_changed: is_offset=True, is_ratio_change=False
2026-05-09 20:37:16,939 - GT23.BorderPanel - DEBUG - v_offset: 24 -> 39, h_offset: 0 -> 0
2026-05-09 20:37:16,939 - GT23.BorderPanel - DEBUG - Processing offset change (is_offset=True)
2026-05-09 20:37:16,939 - GT23.BorderPanel - DEBUG - _handle_ratio_locked_sync: ratio=16:9, is_offset=True
2026-05-09 20:37:16,939 - GT23.BorderPanel - DEBUG - Input margins: l=2844, r=2844, t=425, b=1025
2026-05-09 20:37:16,939 - GT23.BorderPanel - DEBUG - Final margins (Offset-based): left=2844, right=2844, top=521, bottom=929
2026-05-09 20:37:16,939 - GT23.BorderPanel - DEBUG - After offset: left=2844, right=2844, top=521, bottom=929
2026-05-09 20:37:16,946 - GT23.BorderPanel - DEBUG - on_params_changed: is_offset=True, is_ratio_change=False
2026-05-09 20:37:16,947 - GT23.BorderPanel - DEBUG - v_offset: 39 -> 56, h_offset: 0 -> 0
2026-05-09 20:37:16,947 - GT23.BorderPanel - DEBUG - Processing offset change (is_offset=True)
2026-05-09 20:37:16,947 - GT23.BorderPanel - DEBUG - _handle_ratio_locked_sync: ratio=16:9, is_offset=True
2026-05-09 20:37:16,947 - GT23.BorderPanel - DEBUG - Input margins: l=2844, r=2844, t=521, b=929
2026-05-09 20:37:16,947 - GT23.BorderPanel - DEBUG - Final margins (Offset-based): left=2844, right=2844, top=629, bottom=821
2026-05-09 20:37:16,947 - GT23.BorderPanel - DEBUG - After offset: left=2844, right=2844, top=629, bottom=821
2026-05-09 20:37:16,955 - GT23.BorderPanel - DEBUG - on_params_changed: is_offset=True, is_ratio_change=False
2026-05-09 20:37:16,955 - GT23.BorderPanel - DEBUG - v_offset: 56 -> 73, h_offset: 0 -> 0
2026-05-09 20:37:16,955 - GT23.BorderPanel - DEBUG - Processing offset change (is_offset=True)
2026-05-09 20:37:16,955 - GT23.BorderPanel - DEBUG - _handle_ratio_locked_sync: ratio=16:9, is_offset=True
2026-05-09 20:37:16,955 - GT23.BorderPanel - DEBUG - Input margins: l=2844, r=2844, t=629, b=821
2026-05-09 20:37:16,956 - GT23.BorderPanel - DEBUG - Final margins (Offset-based): left=2844, right=2844, top=738, bottom=712
2026-05-09 20:37:16,956 - GT23.BorderPanel - DEBUG - After offset: left=2844, right=2844, top=738, bottom=712
2026-05-09 20:37:16,962 - GT23.BorderPanel - DEBUG - on_params_changed: is_offset=True, is_ratio_change=False
2026-05-09 20:37:16,963 - GT23.BorderPanel - DEBUG - v_offset: 73 -> 94, h_offset: 0 -> 0
2026-05-09 20:37:16,963 - GT23.BorderPanel - DEBUG - Processing offset change (is_offset=True)
2026-05-09 20:37:16,963 - GT23.BorderPanel - DEBUG - _handle_ratio_locked_sync: ratio=16:9, is_offset=True
2026-05-09 20:37:16,963 - GT23.BorderPanel - DEBUG - Input margins: l=2844, r=2844, t=738, b=712
2026-05-09 20:37:16,963 - GT23.BorderPanel - DEBUG - Final margins (Offset-based): left=2844, right=2844, top=871, bottom=579
2026-05-09 20:37:16,963 - GT23.BorderPanel - DEBUG - After offset: left=2844, right=2844, top=871, bottom=579
2026-05-09 20:37:16,971 - GT23.BorderPanel - DEBUG - on_params_changed: is_offset=True, is_ratio_change=False
2026-05-09 20:37:16,971 - GT23.BorderPanel - DEBUG - v_offset: 94 -> 100, h_offset: 0 -> 0
2026-05-09 20:37:16,971 - GT23.BorderPanel - DEBUG - Processing offset change (is_offset=True)
2026-05-09 20:37:16,971 - GT23.BorderPanel - DEBUG - _handle_ratio_locked_sync: ratio=16:9, is_offset=True
2026-05-09 20:37:16,971 - GT23.BorderPanel - DEBUG - Input margins: l=2844, r=2844, t=871, b=579
2026-05-09 20:37:16,971 - GT23.BorderPanel - DEBUG - Final margins (Offset-based): left=2844, right=2844, top=910, bottom=540
2026-05-09 20:37:16,971 - GT23.BorderPanel - DEBUG - After offset: left=2844, right=2844, top=910, bottom=540
2026-05-09 20:37:16,978 - GT23.BorderPanel - DEBUG - on_params_changed: is_offset=False, is_ratio_change=False
2026-05-09 20:37:16,979 - GT23.BorderPanel - DEBUG - v_offset: 100 -> 100, h_offset: 0 -> 0
2026-05-09 20:37:16,987 - GT23.BorderPanel - DEBUG - on_params_changed: is_offset=False, is_ratio_change=False
2026-05-09 20:37:16,987 - GT23.BorderPanel - DEBUG - v_offset: 100 -> 100, h_offset: 0 -> 0
2026-05-09 20:37:16,994 - GT23.BorderPanel - DEBUG - on_params_changed: is_offset=False, is_ratio_change=False
2026-05-09 20:37:16,995 - GT23.BorderPanel - DEBUG - v_offset: 100 -> 100, h_offset: 0 -> 0
2026-05-09 20:37:17,003 - GT23.BorderPanel - DEBUG - on_params_changed: is_offset=False, is_ratio_change=False
2026-05-09 20:37:17,004 - GT23.BorderPanel - DEBUG - v_offset: 100 -> 100, h_offset: 0 -> 0
2026-05-09 20:37:17,011 - GT23.BorderPanel - DEBUG - on_params_changed: is_offset=False, is_ratio_change=False
2026-05-09 20:37:17,011 - GT23.BorderPanel - DEBUG - v_offset: 100 -> 100, h_offset: 0 -> 0
2026-05-09 20:37:17,019 - GT23.BorderPanel - DEBUG - on_params_changed: is_offset=False, is_ratio_change=False
2026-05-09 20:37:17,019 - GT23.BorderPanel - DEBUG - v_offset: 100 -> 100, h_offset: 0 -> 0
2026-05-09 20:37:17,027 - GT23.BorderPanel - DEBUG - on_params_changed: is_offset=False, is_ratio_change=False
2026-05-09 20:37:17,027 - GT23.BorderPanel - DEBUG - v_offset: 100 -> 100, h_offset: 0 -> 0
2026-05-09 20:37:17,036 - GT23.BorderPanel - DEBUG - on_params_changed: is_offset=False, is_ratio_change=False
2026-05-09 20:37:17,036 - GT23.BorderPanel - DEBUG - v_offset: 100 -> 100, h_offset: 0 -> 0
2026-05-09 20:37:17,043 - GT23.BorderPanel - DEBUG - on_params_changed: is_offset=False, is_ratio_change=False
2026-05-09 20:37:17,043 - GT23.BorderPanel - DEBUG - v_offset: 100 -> 100, h_offset: 0 -> 0
2026-05-09 20:37:20,053 - GT23.BorderPanel - DEBUG - === _on_ratio_changed_aesthetic called ===
2026-05-09 20:37:20,053 - GT23.BorderPanel - DEBUG - Before: left=2844, right=2844, top=910, bottom=540
2026-05-09 20:37:20,054 - GT23.BorderPanel - DEBUG - v_offset=100, h_offset=0
2026-05-09 20:37:20,054 - GT23.BorderPanel - DEBUG - After reset/preset: left=400, right=400, top=400, bottom=1200
2026-05-09 20:37:20,054 - GT23.BorderPanel - DEBUG - on_params_changed: is_offset=False, is_ratio_change=True
2026-05-09 20:37:20,054 - GT23.BorderPanel - DEBUG - v_offset: 0 -> 0, h_offset: 0 -> 0
2026-05-09 20:37:20,054 - GT23.BorderPanel - DEBUG - Processing ratio change (is_offset=False)
2026-05-09 20:37:20,054 - GT23.BorderPanel - DEBUG - _handle_ratio_locked_sync: ratio=4:5, is_offset=False
2026-05-09 20:37:20,054 - GT23.BorderPanel - DEBUG - Input margins: l=400, r=400, t=400, b=1200
2026-05-09 20:37:20,054 - GT23.BorderPanel - DEBUG - Final margins (Proportional): left=400, right=400, top=500, bottom=1500.0
2026-05-09 20:37:20,054 - GT23.BorderPanel - DEBUG - After ratio: left=400, right=400, top=500, bottom=1500
2026-05-09 20:37:20,056 - GT23.BorderPanel - DEBUG - on_params_changed: is_offset=False, is_ratio_change=False
2026-05-09 20:37:20,056 - GT23.BorderPanel - DEBUG - v_offset: 0 -> 0, h_offset: 0 -> 0
2026-05-09 20:37:33,021 - GT23.BorderPanel - DEBUG - on_params_changed: is_offset=False, is_ratio_change=False
2026-05-09 20:37:33,022 - GT23.BorderPanel - DEBUG - v_offset: 0 -> 0, h_offset: 0 -> 0
2026-05-09 20:37:35,025 - GT23.BorderPanel - DEBUG - on_params_changed: is_offset=False, is_ratio_change=False
2026-05-09 20:37:35,025 - GT23.BorderPanel - DEBUG - v_offset: 0 -> 0, h_offset: 0 -> 0
2026-05-09 20:37:41,033 - GT23.BorderPanel - DEBUG - on_params_changed: is_offset=False, is_ratio_change=False
2026-05-09 20:37:41,033 - GT23.BorderPanel - DEBUG - v_offset: 0 -> 0, h_offset: 0 -> 0
2026-05-09 20:37:42,379 - GT23.BorderPanel - DEBUG - on_params_changed: is_offset=False, is_ratio_change=False
2026-05-09 20:37:42,379 - GT23.BorderPanel - DEBUG - v_offset: 0 -> 0, h_offset: 0 -> 0
2026-05-09 20:38:04,878 - GT23.BorderPanel - DEBUG - on_params_changed: is_offset=False, is_ratio_change=False
2026-05-09 20:38:04,878 - GT23.BorderPanel - DEBUG - v_offset: 0 -> 0, h_offset: 0 -> 0
2026-05-09 20:38:09,032 - GT23.BorderPanel - DEBUG - on_params_changed: is_offset=False, is_ratio_change=False
2026-05-09 20:38:09,032 - GT23.BorderPanel - DEBUG - v_offset: 0 -> 0, h_offset: 0 -> 0
2026-05-09 20:38:20,716 - GT23.BorderPanel - DEBUG - on_params_changed: is_offset=False, is_ratio_change=False
2026-05-09 20:38:20,716 - GT23.BorderPanel - DEBUG - v_offset: 0 -> 0, h_offset: 0 -> 0
2026-05-09 20:38:29,130 - GT23.BorderPanel - DEBUG - on_params_changed: is_offset=False, is_ratio_change=False
2026-05-09 20:38:29,131 - GT23.BorderPanel - DEBUG - v_offset: 0 -> 0, h_offset: 0 -> 0
2026-05-09 20:38:38,403 - GT23.BorderPanel - DEBUG - on_params_changed: is_offset=False, is_ratio_change=False
2026-05-09 20:38:38,404 - GT23.BorderPanel - DEBUG - v_offset: 0 -> 0, h_offset: 0 -> 0
2026-05-09 20:38:59,317 - GT23.BorderPanel - DEBUG - on_params_changed: is_offset=False, is_ratio_change=False
2026-05-09 20:38:59,317 - GT23.BorderPanel - DEBUG - v_offset: 0 -> 0, h_offset: 0 -> 0
2026-05-09 20:39:03,152 - GT23.BorderPanel - DEBUG - on_params_changed: is_offset=False, is_ratio_change=False
2026-05-09 20:39:03,152 - GT23.BorderPanel - DEBUG - v_offset: 0 -> 0, h_offset: 0 -> 0
2026-05-09 20:39:10,419 - GT23.BorderPanel - DEBUG - on_params_changed: is_offset=False, is_ratio_change=False
2026-05-09 20:39:10,419 - GT23.BorderPanel - DEBUG - v_offset: 0 -> 0, h_offset: 0 -> 0
2026-05-09 20:39:13,823 - GT23.BorderPanel - DEBUG - on_params_changed: is_offset=False, is_ratio_change=False
2026-05-09 20:39:13,823 - GT23.BorderPanel - DEBUG - v_offset: 0 -> 0, h_offset: 0 -> 0
2026-05-09 20:39:15,983 - GT23.BorderPanel - DEBUG - on_params_changed: is_offset=False, is_ratio_change=False
2026-05-09 20:39:15,984 - GT23.BorderPanel - DEBUG - v_offset: 0 -> 0, h_offset: 0 -> 0
2026-05-09 20:39:18,118 - GT23.BorderPanel - DEBUG - on_params_changed: is_offset=False, is_ratio_change=False
2026-05-09 20:39:18,118 - GT23.BorderPanel - DEBUG - v_offset: 0 -> 0, h_offset: 0 -> 0
2026-05-09 20:39:25,103 - GT23.BorderPanel - DEBUG - on_params_changed: is_offset=False, is_ratio_change=False
2026-05-09 20:39:25,103 - GT23.BorderPanel - DEBUG - v_offset: 0 -> 0, h_offset: 0 -> 0
2026-05-09 20:39:29,711 - GT23.BorderPanel - DEBUG - on_params_changed: is_offset=False, is_ratio_change=False
2026-05-09 20:39:29,711 - GT23.BorderPanel - DEBUG - v_offset: 0 -> 0, h_offset: 0 -> 0
2026-05-09 20:39:30,489 - GT23.BorderPanel - DEBUG - on_params_changed: is_offset=False, is_ratio_change=False
2026-05-09 20:39:30,489 - GT23.BorderPanel - DEBUG - v_offset: 0 -> 0, h_offset: 0 -> 0
2026-05-09 20:39:34,788 - GT23.BorderPanel - DEBUG - on_params_changed: is_offset=False, is_ratio_change=False
2026-05-09 20:39:34,788 - GT23.BorderPanel - DEBUG - v_offset: 0 -> 0, h_offset: 0 -> 0
2026-05-09 20:39:38,443 - GT23.BorderPanel - DEBUG - on_params_changed: is_offset=False, is_ratio_change=False
2026-05-09 20:39:38,443 - GT23.BorderPanel - DEBUG - v_offset: 0 -> 0, h_offset: 0 -> 0
2026-05-09 20:39:42,223 - GT23.BorderPanel - DEBUG - on_params_changed: is_offset=False, is_ratio_change=False
2026-05-09 20:39:42,224 - GT23.BorderPanel - DEBUG - v_offset: 0 -> 0, h_offset: 0 -> 0
2026-05-09 20:39:43,496 - GT23.BorderPanel - DEBUG - on_params_changed: is_offset=False, is_ratio_change=False
2026-05-09 20:39:43,496 - GT23.BorderPanel - DEBUG - v_offset: 0 -> 0, h_offset: 0 -> 0
2026-05-09 20:39:46,188 - GT23.BorderPanel - DEBUG - on_params_changed: is_offset=False, is_ratio_change=False
2026-05-09 20:39:46,188 - GT23.BorderPanel - DEBUG - v_offset: 0 -> 0, h_offset: 0 -> 0
2026-05-09 20:39:50,119 - GT23.BorderPanel - DEBUG - on_params_changed: is_offset=False, is_ratio_change=False
2026-05-09 20:39:50,119 - GT23.BorderPanel - DEBUG - v_offset: 0 -> 0, h_offset: 0 -> 0
2026-05-09 20:39:53,587 - GT23.BorderPanel - DEBUG - on_params_changed: is_offset=False, is_ratio_change=False
2026-05-09 20:39:53,587 - GT23.BorderPanel - DEBUG - v_offset: 0 -> 0, h_offset: 0 -> 0
2026-05-09 20:39:54,599 - GT23.BorderPanel - DEBUG - on_params_changed: is_offset=False, is_ratio_change=False
2026-05-09 20:39:54,599 - GT23.BorderPanel - DEBUG - v_offset: 0 -> 0, h_offset: 0 -> 0
2026-05-09 20:39:58,182 - GT23.BorderPanel - DEBUG - on_params_changed: is_offset=False, is_ratio_change=False
2026-05-09 20:39:58,182 - GT23.BorderPanel - DEBUG - v_offset: 0 -> 0, h_offset: 0 -> 0
2026-05-09 20:40:00,000 - GT23.BorderPanel - DEBUG - on_params_changed: is_offset=False, is_ratio_change=False
2026-05-09 20:40:00,000 - GT23.BorderPanel - DEBUG - v_offset: 0 -> 0, h_offset: 0 -> 0
2026-05-09 20:40:05,221 - GT23.BorderPanel - DEBUG - on_params_changed: is_offset=False, is_ratio_change=False
2026-05-09 20:40:05,221 - GT23.BorderPanel - DEBUG - v_offset: 0 -> 0, h_offset: 0 -> 0
2026-05-09 20:40:08,152 - GT23.BorderPanel - DEBUG - on_params_changed: is_offset=False, is_ratio_change=False
2026-05-09 20:40:08,152 - GT23.BorderPanel - DEBUG - v_offset: 0 -> 0, h_offset: 0 -> 0
2026-05-09 20:40:10,335 - GT23.BorderPanel - DEBUG - on_params_changed: is_offset=False, is_ratio_change=False
2026-05-09 20:40:10,336 - GT23.BorderPanel - DEBUG - v_offset: 0 -> 0, h_offset: 0 -> 0
2026-05-09 20:40:11,490 - GT23.BorderPanel - DEBUG - on_params_changed: is_offset=False, is_ratio_change=False
2026-05-09 20:40:11,491 - GT23.BorderPanel - DEBUG - v_offset: 0 -> 0, h_offset: 0 -> 0
2026-05-09 20:40:15,237 - GT23.BorderPanel - DEBUG - on_params_changed: is_offset=False, is_ratio_change=False
2026-05-09 20:40:15,237 - GT23.BorderPanel - DEBUG - v_offset: 0 -> 0, h_offset: 0 -> 0
2026-05-09 20:40:19,396 - GT23.BorderPanel - DEBUG - on_params_changed: is_offset=False, is_ratio_change=False
2026-05-09 20:40:19,396 - GT23.BorderPanel - DEBUG - v_offset: 0 -> 0, h_offset: 0 -> 0
2026-05-09 20:40:20,315 - GT23.BorderPanel - DEBUG - === _on_ratio_changed_aesthetic called ===
2026-05-09 20:40:20,315 - GT23.BorderPanel - DEBUG - Before: left=400, right=400, top=500, bottom=1500
2026-05-09 20:40:20,315 - GT23.BorderPanel - DEBUG - v_offset=0, h_offset=0
2026-05-09 20:40:20,316 - GT23.BorderPanel - DEBUG - After reset/preset: left=300, right=300, top=500, bottom=950
2026-05-09 20:40:20,316 - GT23.BorderPanel - DEBUG - on_params_changed: is_offset=False, is_ratio_change=True
2026-05-09 20:40:20,316 - GT23.BorderPanel - DEBUG - v_offset: 0 -> 0, h_offset: 0 -> 0
2026-05-09 20:40:20,316 - GT23.BorderPanel - DEBUG - Processing ratio change (is_offset=False)
2026-05-09 20:40:20,316 - GT23.BorderPanel - DEBUG - _handle_ratio_locked_sync: ratio=16:9, is_offset=False
2026-05-09 20:40:20,316 - GT23.BorderPanel - DEBUG - Input margins: l=300, r=300, t=500, b=950
2026-05-09 20:40:20,316 - GT23.BorderPanel - DEBUG - Final margins (Proportional): left=2844, right=2844.8888888888887, top=500, bottom=950
2026-05-09 20:40:20,316 - GT23.BorderPanel - DEBUG - After ratio: left=2844, right=2844, top=500, bottom=950
2026-05-09 20:40:20,318 - GT23.BorderPanel - DEBUG - on_params_changed: is_offset=False, is_ratio_change=False
2026-05-09 20:40:20,318 - GT23.BorderPanel - DEBUG - v_offset: 0 -> 0, h_offset: 0 -> 0
2026-05-09 20:40:30,784 - GT23.BorderPanel - DEBUG - on_params_changed: is_offset=False, is_ratio_change=False
2026-05-09 20:40:30,784 - GT23.BorderPanel - DEBUG - v_offset: 0 -> 0, h_offset: 0 -> 0
2026-05-09 20:40:34,871 - GT23.BorderPanel - DEBUG - on_params_changed: is_offset=False, is_ratio_change=False
2026-05-09 20:40:34,871 - GT23.BorderPanel - DEBUG - v_offset: 0 -> 0, h_offset: 0 -> 0
2026-05-09 20:40:35,692 - GT23.BorderPanel - DEBUG - on_params_changed: is_offset=False, is_ratio_change=False
2026-05-09 20:40:35,692 - GT23.BorderPanel - DEBUG - v_offset: 0 -> 0, h_offset: 0 -> 0
2026-05-09 20:40:36,937 - GT23.BorderPanel - DEBUG - on_params_changed: is_offset=False, is_ratio_change=False
2026-05-09 20:40:36,937 - GT23.BorderPanel - DEBUG - v_offset: 0 -> 0, h_offset: 0 -> 0
2026-05-09 20:40:41,517 - GT23.BorderPanel - DEBUG - on_params_changed: is_offset=False, is_ratio_change=False
2026-05-09 20:40:41,517 - GT23.BorderPanel - DEBUG - v_offset: 0 -> 0, h_offset: 0 -> 0
2026-05-09 20:40:47,048 - GT23.BorderPanel - DEBUG - on_params_changed: is_offset=False, is_ratio_change=False
2026-05-09 20:40:47,048 - GT23.BorderPanel - DEBUG - v_offset: 0 -> 0, h_offset: 0 -> 0
2026-05-09 20:41:15,195 - GT23.BorderPanel - DEBUG - on_params_changed: is_offset=False, is_ratio_change=False
2026-05-09 20:41:15,195 - GT23.BorderPanel - DEBUG - v_offset: 0 -> 0, h_offset: 0 -> 0
2026-05-09 20:41:19,024 - GT23.BorderPanel - DEBUG - on_params_changed: is_offset=False, is_ratio_change=False
2026-05-09 20:41:19,024 - GT23.BorderPanel - DEBUG - v_offset: 0 -> 0, h_offset: 0 -> 0
2026-05-09 20:41:46,180 - GT23.BorderPanel - DEBUG - on_params_changed: is_offset=False, is_ratio_change=False
2026-05-09 20:41:46,180 - GT23.BorderPanel - DEBUG - v_offset: 0 -> 0, h_offset: 0 -> 0
2026-05-09 20:42:03,863 - GT23.BorderPanel - DEBUG - on_params_changed: is_offset=False, is_ratio_change=False
2026-05-09 20:42:03,863 - GT23.BorderPanel - DEBUG - v_offset: 0 -> 0, h_offset: 0 -> 0
2026-05-09 20:47:29,675 - GT23.BorderPanel - DEBUG - on_params_changed: is_offset=False, is_ratio_change=False
2026-05-09 20:47:29,675 - GT23.BorderPanel - DEBUG - v_offset: 0 -> 0, h_offset: 0 -> 0
2026-05-09 20:51:48,863 - GT23.BorderPanel - DEBUG - on_params_changed: is_offset=False, is_ratio_change=False
2026-05-09 20:51:48,864 - GT23.BorderPanel - DEBUG - v_offset: 0 -> 0, h_offset: 0 -> 0
2026-05-09 20:53:08,973 - GT23.BorderPanel - DEBUG - on_params_changed: is_offset=False, is_ratio_change=False
2026-05-09 20:53:08,973 - GT23.BorderPanel - DEBUG - v_offset: 0 -> 0, h_offset: 0 -> 0
2026-05-09 20:53:16,785 - GT23.BorderPanel - DEBUG - on_params_changed: is_offset=False, is_ratio_change=False
2026-05-09 20:53:16,785 - GT23.BorderPanel - DEBUG - v_offset: 0 -> 0, h_offset: 0 -> 0
2026-05-09 20:53:19,069 - GT23.BorderPanel - DEBUG - on_params_changed: is_offset=False, is_ratio_change=False
2026-05-09 20:53:19,070 - GT23.BorderPanel - DEBUG - v_offset: 0 -> 0, h_offset: 0 -> 0
2026-05-09 20:53:24,002 - GT23.BorderPanel - DEBUG - on_params_changed: is_offset=False, is_ratio_change=False
2026-05-09 20:53:24,002 - GT23.BorderPanel - DEBUG - v_offset: 0 -> 0, h_offset: 0 -> 0
2026-05-09 20:53:25,104 - GT23.BorderPanel - DEBUG - on_params_changed: is_offset=False, is_ratio_change=False
2026-05-09 20:53:25,104 - GT23.BorderPanel - DEBUG - v_offset: 0 -> 0, h_offset: 0 -> 0
2026-05-09 20:53:41,601 - GT23.BorderPanel - DEBUG - on_params_changed: is_offset=False, is_ratio_change=False
2026-05-09 20:53:41,601 - GT23.BorderPanel - DEBUG - v_offset: 0 -> 0, h_offset: 0 -> 0
2026-05-09 20:53:44,426 - GT23.BorderPanel - DEBUG - on_params_changed: is_offset=False, is_ratio_change=False
2026-05-09 20:53:44,426 - GT23.BorderPanel - DEBUG - v_offset: 0 -> 0, h_offset: 0 -> 0
2026-05-09 20:53:45,843 - GT23.BorderPanel - DEBUG - on_params_changed: is_offset=False, is_ratio_change=False
2026-05-09 20:53:45,843 - GT23.BorderPanel - DEBUG - v_offset: 0 -> 0, h_offset: 0 -> 0
2026-05-09 20:53:50,550 - GT23.BorderPanel - DEBUG - on_params_changed: is_offset=False, is_ratio_change=False
2026-05-09 20:53:50,550 - GT23.BorderPanel - DEBUG - v_offset: 0 -> 0, h_offset: 0 -> 0
2026-05-09 20:53:52,665 - GT23.BorderPanel - DEBUG - on_params_changed: is_offset=False, is_ratio_change=False
2026-05-09 20:53:52,665 - GT23.BorderPanel - DEBUG - v_offset: 0 -> 0, h_offset: 0 -> 0
2026-05-09 20:53:54,508 - GT23.BorderPanel - DEBUG - on_params_changed: is_offset=False, is_ratio_change=False
2026-05-09 20:53:54,508 - GT23.BorderPanel - DEBUG - v_offset: 0 -> 0, h_offset: 0 -> 0
2026-05-09 20:54:17,066 - GT23.BorderPanel - DEBUG - on_params_changed: is_offset=False, is_ratio_change=False
2026-05-09 20:54:17,066 - GT23.BorderPanel - DEBUG - v_offset: 0 -> 0, h_offset: 0 -> 0
2026-05-09 20:54:17,902 - GT23.BorderPanel - DEBUG - on_params_changed: is_offset=False, is_ratio_change=False
2026-05-09 20:54:17,902 - GT23.BorderPanel - DEBUG - v_offset: 0 -> 0, h_offset: 0 -> 0
2026-05-09 20:54:20,433 - GT23.BorderPanel - DEBUG - on_params_changed: is_offset=False, is_ratio_change=False
2026-05-09 20:54:20,434 - GT23.BorderPanel - DEBUG - v_offset: 0 -> 0, h_offset: 0 -> 0
2026-05-09 20:54:23,832 - GT23.BorderPanel - DEBUG - on_params_changed: is_offset=False, is_ratio_change=False
2026-05-09 20:54:23,832 - GT23.BorderPanel - DEBUG - v_offset: 0 -> 0, h_offset: 0 -> 0
2026-05-09 20:54:27,585 - GT23.BorderPanel - DEBUG - on_params_changed: is_offset=False, is_ratio_change=False
2026-05-09 20:54:27,585 - GT23.BorderPanel - DEBUG - v_offset: 0 -> 0, h_offset: 0 -> 0
2026-05-09 20:54:31,231 - GT23.BorderPanel - DEBUG - on_params_changed: is_offset=False, is_ratio_change=False
2026-05-09 20:54:31,231 - GT23.BorderPanel - DEBUG - v_offset: 0 -> 0, h_offset: 0 -> 0
2026-05-09 20:54:35,048 - GT23.BorderPanel - DEBUG - on_params_changed: is_offset=False, is_ratio_change=False
2026-05-09 20:54:35,048 - GT23.BorderPanel - DEBUG - v_offset: 0 -> 0, h_offset: 0 -> 0
2026-05-09 20:54:39,926 - GT23.BorderPanel - DEBUG - on_params_changed: is_offset=False, is_ratio_change=False
2026-05-09 20:54:39,926 - GT23.BorderPanel - DEBUG - v_offset: 0 -> 0, h_offset: 0 -> 0
2026-05-09 20:54:43,466 - GT23.BorderPanel - DEBUG - on_params_changed: is_offset=False, is_ratio_change=False
2026-05-09 20:54:43,466 - GT23.BorderPanel - DEBUG - v_offset: 0 -> 0, h_offset: 0 -> 0
2026-05-09 20:54:52,862 - GT23.BorderPanel - DEBUG - on_params_changed: is_offset=False, is_ratio_change=False
2026-05-09 20:54:52,862 - GT23.BorderPanel - DEBUG - v_offset: 0 -> 0, h_offset: 0 -> 0
2026-05-09 20:56:05,898 - GT23.BorderPanel - DEBUG - on_params_changed: is_offset=False, is_ratio_change=False
2026-05-09 20:56:05,899 - GT23.BorderPanel - DEBUG - v_offset: 0 -> 0, h_offset: 0 -> 0
2026-05-09 20:56:30,726 - GT23.BorderPanel - DEBUG - === _on_ratio_changed_aesthetic called ===
2026-05-09 20:56:30,726 - GT23.BorderPanel - DEBUG - Before: left=180, right=180, top=180, bottom=585
2026-05-09 20:56:30,726 - GT23.BorderPanel - DEBUG - v_offset=0, h_offset=0
2026-05-09 20:56:30,726 - GT23.BorderPanel - DEBUG - Ratio is 'Original' or non-preset. Restoring default margins for this image's format.
2026-05-09 20:56:30,726 - GT23.BorderPanel - DEBUG - After reset/preset: left=180, right=180, top=180, bottom=585
2026-05-09 20:56:30,867 - GT23.BorderPanel - DEBUG - No specific layout detected. Using system defaults (180, 585).
2026-05-09 20:56:30,883 - GT23.BorderPanel - DEBUG - on_params_changed: is_offset=False, is_ratio_change=True
2026-05-09 20:56:30,883 - GT23.BorderPanel - DEBUG - v_offset: 0 -> 0, h_offset: 0 -> 0
2026-05-09 20:56:30,883 - GT23.BorderPanel - DEBUG - Processing ratio change (is_offset=False)
2026-05-09 20:56:30,883 - GT23.BorderPanel - DEBUG - _handle_ratio_locked_sync: ratio=原图, is_offset=False
2026-05-09 20:56:30,883 - GT23.BorderPanel - DEBUG - Input margins: l=180, r=180, t=180, b=585
2026-05-09 20:56:30,883 - GT23.BorderPanel - DEBUG - After ratio: left=180, right=180, top=180, bottom=585
2026-05-09 20:56:31,125 - GT23.BorderPanel - DEBUG - on_params_changed: is_offset=False, is_ratio_change=False
2026-05-09 20:56:31,125 - GT23.BorderPanel - DEBUG - v_offset: 0 -> 0, h_offset: 0 -> 0
2026-05-09 20:56:31,125 - GT23.BorderPanel - DEBUG - No specific layout detected. Using system defaults (180, 585).
2026-05-09 20:56:31,149 - GT23.BorderPanel - DEBUG - on_params_changed: is_offset=False, is_ratio_change=False
2026-05-09 20:56:31,149 - GT23.BorderPanel - DEBUG - v_offset: 0 -> 0, h_offset: 0 -> 0
2026-05-09 20:56:31,149 - GT23.BorderPanel - DEBUG - === _on_ratio_changed_aesthetic called ===
2026-05-09 20:56:31,149 - GT23.BorderPanel - DEBUG - Before: left=180, right=180, top=180, bottom=585
2026-05-09 20:56:31,149 - GT23.BorderPanel - DEBUG - v_offset=0, h_offset=0
2026-05-09 20:56:31,149 - GT23.BorderPanel - DEBUG - Ratio is 'Original' or non-preset. Restoring default margins for this image's format.
2026-05-09 20:56:31,150 - GT23.BorderPanel - DEBUG - Restored default margins for format: 6x6
2026-05-09 20:56:31,150 - GT23.BorderPanel - DEBUG - After reset/preset: left=270, right=270, top=270, bottom=810
2026-05-09 20:56:31,150 - GT23.BorderPanel - DEBUG - on_params_changed: is_offset=False, is_ratio_change=True
2026-05-09 20:56:31,151 - GT23.BorderPanel - DEBUG - v_offset: 0 -> 0, h_offset: 0 -> 0
2026-05-09 20:56:31,151 - GT23.BorderPanel - DEBUG - Processing ratio change (is_offset=False)
2026-05-09 20:56:31,151 - GT23.BorderPanel - DEBUG - _handle_ratio_locked_sync: ratio=原图, is_offset=False
2026-05-09 20:56:31,151 - GT23.BorderPanel - DEBUG - Input margins: l=270, r=270, t=270, b=810
2026-05-09 20:56:31,151 - GT23.BorderPanel - DEBUG - After ratio: left=270, right=270, top=270, bottom=810
2026-05-09 20:56:35,159 - GT23.BorderPanel - DEBUG - on_params_changed: is_offset=False, is_ratio_change=False
2026-05-09 20:56:35,159 - GT23.BorderPanel - DEBUG - v_offset: 0 -> 0, h_offset: 0 -> 0
2026-05-09 20:56:48,718 - GT23.BorderPanel - DEBUG - on_params_changed: is_offset=False, is_ratio_change=False
2026-05-09 20:56:48,718 - GT23.BorderPanel - DEBUG - v_offset: 0 -> 0, h_offset: 0 -> 0
2026-05-09 20:56:52,196 - GT23.BorderPanel - DEBUG - on_params_changed: is_offset=False, is_ratio_change=False
2026-05-09 20:56:52,196 - GT23.BorderPanel - DEBUG - v_offset: 0 -> 0, h_offset: 0 -> 0
2026-05-09 20:56:53,281 - GT23.BorderPanel - DEBUG - on_params_changed: is_offset=False, is_ratio_change=False
2026-05-09 20:56:53,281 - GT23.BorderPanel - DEBUG - v_offset: 0 -> 0, h_offset: 0 -> 0
2026-05-09 20:56:56,094 - GT23.BorderPanel - DEBUG - on_params_changed: is_offset=False, is_ratio_change=False
2026-05-09 20:56:56,094 - GT23.BorderPanel - DEBUG - v_offset: 0 -> 0, h_offset: 0 -> 0
2026-05-09 20:56:57,187 - GT23.BorderPanel - DEBUG - on_params_changed: is_offset=False, is_ratio_change=False
2026-05-09 20:56:57,187 - GT23.BorderPanel - DEBUG - v_offset: 0 -> 0, h_offset: 0 -> 0
2026-05-09 20:57:06,111 - GT23.BorderPanel - DEBUG - on_params_changed: is_offset=False, is_ratio_change=False
2026-05-09 20:57:06,111 - GT23.BorderPanel - DEBUG - v_offset: 0 -> 0, h_offset: 0 -> 0
2026-05-09 20:57:07,416 - GT23.BorderPanel - DEBUG - on_params_changed: is_offset=False, is_ratio_change=False
2026-05-09 20:57:07,416 - GT23.BorderPanel - DEBUG - v_offset: 0 -> 0, h_offset: 0 -> 0
2026-05-09 20:57:49,421 - GT23.BorderPanel - DEBUG - on_params_changed: is_offset=False, is_ratio_change=False
2026-05-09 20:57:49,421 - GT23.BorderPanel - DEBUG - v_offset: 0 -> 0, h_offset: 0 -> 0
2026-05-09 20:57:53,658 - GT23.BorderPanel - DEBUG - === _on_ratio_changed_aesthetic called ===
2026-05-09 20:57:53,658 - GT23.BorderPanel - DEBUG - Before: left=180, right=180, top=180, bottom=585
2026-05-09 20:57:53,658 - GT23.BorderPanel - DEBUG - v_offset=0, h_offset=0
2026-05-09 20:57:53,659 - GT23.BorderPanel - DEBUG - Ratio is 'Original' or non-preset. Restoring default margins for this image's format.
2026-05-09 20:57:53,659 - GT23.BorderPanel - DEBUG - After reset/preset: left=180, right=180, top=180, bottom=585
2026-05-09 20:57:53,765 - GT23.BorderPanel - DEBUG - No specific layout detected. Using system defaults (180, 585).
2026-05-09 20:57:53,780 - GT23.BorderPanel - DEBUG - on_params_changed: is_offset=False, is_ratio_change=True
2026-05-09 20:57:53,780 - GT23.BorderPanel - DEBUG - v_offset: 0 -> 0, h_offset: 0 -> 0
2026-05-09 20:57:53,780 - GT23.BorderPanel - DEBUG - Processing ratio change (is_offset=False)
2026-05-09 20:57:53,780 - GT23.BorderPanel - DEBUG - _handle_ratio_locked_sync: ratio=原图, is_offset=False
2026-05-09 20:57:53,780 - GT23.BorderPanel - DEBUG - Input margins: l=180, r=180, t=180, b=585
2026-05-09 20:57:53,780 - GT23.BorderPanel - DEBUG - After ratio: left=180, right=180, top=180, bottom=585
2026-05-09 20:57:54,006 - GT23.BorderPanel - DEBUG - on_params_changed: is_offset=False, is_ratio_change=False
2026-05-09 20:57:54,006 - GT23.BorderPanel - DEBUG - v_offset: 0 -> 0, h_offset: 0 -> 0
2026-05-09 20:57:54,006 - GT23.BorderPanel - DEBUG - No specific layout detected. Using system defaults (180, 585).
2026-05-09 20:57:54,034 - GT23.BorderPanel - DEBUG - on_params_changed: is_offset=False, is_ratio_change=False
2026-05-09 20:57:54,034 - GT23.BorderPanel - DEBUG - v_offset: 0 -> 0, h_offset: 0 -> 0
2026-05-09 20:57:54,034 - GT23.BorderPanel - DEBUG - === _on_ratio_changed_aesthetic called ===
2026-05-09 20:57:54,034 - GT23.BorderPanel - DEBUG - Before: left=180, right=180, top=180, bottom=585
2026-05-09 20:57:54,034 - GT23.BorderPanel - DEBUG - v_offset=0, h_offset=0
2026-05-09 20:57:54,034 - GT23.BorderPanel - DEBUG - Ratio is 'Original' or non-preset. Restoring default margins for this image's format.
2026-05-09 20:57:54,036 - GT23.BorderPanel - DEBUG - Restored default margins for format: 6x6
2026-05-09 20:57:54,036 - GT23.BorderPanel - DEBUG - After reset/preset: left=270, right=270, top=270, bottom=810
2026-05-09 20:57:54,036 - GT23.BorderPanel - DEBUG - on_params_changed: is_offset=False, is_ratio_change=True
2026-05-09 20:57:54,036 - GT23.BorderPanel - DEBUG - v_offset: 0 -> 0, h_offset: 0 -> 0
2026-05-09 20:57:54,036 - GT23.BorderPanel - DEBUG - Processing ratio change (is_offset=False)
2026-05-09 20:57:54,036 - GT23.BorderPanel - DEBUG - _handle_ratio_locked_sync: ratio=原图, is_offset=False
2026-05-09 20:57:54,036 - GT23.BorderPanel - DEBUG - Input margins: l=270, r=270, t=270, b=810
2026-05-09 20:57:54,036 - GT23.BorderPanel - DEBUG - After ratio: left=270, right=270, top=270, bottom=810
2026-05-09 20:58:06,986 - GT23.BorderPanel - DEBUG - on_params_changed: is_offset=False, is_ratio_change=False
2026-05-09 20:58:06,986 - GT23.BorderPanel - DEBUG - v_offset: 0 -> 0, h_offset: 0 -> 0
2026-05-09 20:58:08,163 - GT23.BorderPanel - DEBUG - on_params_changed: is_offset=False, is_ratio_change=False
2026-05-09 20:58:08,163 - GT23.BorderPanel - DEBUG - v_offset: 0 -> 0, h_offset: 0 -> 0
2026-05-09 20:58:30,367 - GT23.BorderPanel - DEBUG - on_params_changed: is_offset=False, is_ratio_change=False
2026-05-09 20:58:30,367 - GT23.BorderPanel - DEBUG - v_offset: 0 -> 0, h_offset: 0 -> 0
2026-05-09 20:58:34,398 - GT23.BorderPanel - DEBUG - on_params_changed: is_offset=False, is_ratio_change=False
2026-05-09 20:58:34,398 - GT23.BorderPanel - DEBUG - v_offset: 0 -> 0, h_offset: 0 -> 0
2026-05-09 20:58:38,531 - GT23.BorderPanel - DEBUG - on_params_changed: is_offset=False, is_ratio_change=False
2026-05-09 20:58:38,531 - GT23.BorderPanel - DEBUG - v_offset: 0 -> 0, h_offset: 0 -> 0
2026-05-09 20:58:41,050 - GT23.BorderPanel - DEBUG - on_params_changed: is_offset=False, is_ratio_change=False
2026-05-09 20:58:41,051 - GT23.BorderPanel - DEBUG - v_offset: 0 -> 0, h_offset: 0 -> 0
2026-05-09 20:58:52,812 - GT23.BorderPanel - DEBUG - on_params_changed: is_offset=False, is_ratio_change=False
2026-05-09 20:58:52,812 - GT23.BorderPanel - DEBUG - v_offset: 0 -> 0, h_offset: 0 -> 0
2026-05-09 20:58:54,186 - GT23.BorderPanel - DEBUG - on_params_changed: is_offset=False, is_ratio_change=False
2026-05-09 20:58:54,186 - GT23.BorderPanel - DEBUG - v_offset: 0 -> 0, h_offset: 0 -> 0
2026-05-09 20:59:49,033 - GT23.BorderPanel - DEBUG - on_params_changed: is_offset=False, is_ratio_change=False
2026-05-09 20:59:49,033 - GT23.BorderPanel - DEBUG - v_offset: 0 -> 0, h_offset: 0 -> 0
2026-05-09 21:00:33,257 - GT23.BorderPanel - DEBUG - on_params_changed: is_offset=False, is_ratio_change=False
2026-05-09 21:00:33,257 - GT23.BorderPanel - DEBUG - v_offset: 0 -> 0, h_offset: 0 -> 0
2026-05-09 21:01:03,273 - GT23.BorderPanel - DEBUG - on_params_changed: is_offset=False, is_ratio_change=False
2026-05-09 21:01:03,273 - GT23.BorderPanel - DEBUG - v_offset: 0 -> 0, h_offset: 0 -> 0
2026-05-09 21:01:04,526 - GT23.BorderPanel - DEBUG - on_params_changed: is_offset=False, is_ratio_change=False
2026-05-09 21:01:04,526 - GT23.BorderPanel - DEBUG - v_offset: 0 -> 0, h_offset: 0 -> 0
2026-05-09 21:01:05,618 - GT23.BorderPanel - DEBUG - on_params_changed: is_offset=False, is_ratio_change=False
2026-05-09 21:01:05,618 - GT23.BorderPanel - DEBUG - v_offset: 0 -> 0, h_offset: 0 -> 0
2026-05-09 21:01:09,383 - GT23.BorderPanel - DEBUG - on_params_changed: is_offset=False, is_ratio_change=False
2026-05-09 21:01:09,383 - GT23.BorderPanel - DEBUG - v_offset: 0 -> 0, h_offset: 0 -> 0
2026-05-09 21:01:10,636 - GT23.BorderPanel - DEBUG - on_params_changed: is_offset=False, is_ratio_change=False
2026-05-09 21:01:10,636 - GT23.BorderPanel - DEBUG - v_offset: 0 -> 0, h_offset: 0 -> 0
2026-05-09 21:01:12,035 - GT23.BorderPanel - DEBUG - on_params_changed: is_offset=False, is_ratio_change=False
2026-05-09 21:01:12,035 - GT23.BorderPanel - DEBUG - v_offset: 0 -> 0, h_offset: 0 -> 0
2026-05-09 21:05:39,871 - GT23.BorderPanel - DEBUG - === _on_ratio_changed_aesthetic called ===
2026-05-09 21:05:39,871 - GT23.BorderPanel - DEBUG - Before: left=180, right=180, top=180, bottom=585
2026-05-09 21:05:39,871 - GT23.BorderPanel - DEBUG - v_offset=0, h_offset=0
2026-05-09 21:05:39,871 - GT23.BorderPanel - DEBUG - Ratio is 'Original' or non-preset. Restoring default margins for this image's format.
2026-05-09 21:05:39,871 - GT23.BorderPanel - DEBUG - After reset/preset: left=180, right=180, top=180, bottom=585
2026-05-09 21:05:39,974 - GT23.BorderPanel - DEBUG - No specific layout detected. Using system defaults (180, 585).
2026-05-09 21:05:39,993 - GT23.BorderPanel - DEBUG - on_params_changed: is_offset=False, is_ratio_change=True
2026-05-09 21:05:39,993 - GT23.BorderPanel - DEBUG - v_offset: 0 -> 0, h_offset: 0 -> 0
2026-05-09 21:05:39,993 - GT23.BorderPanel - DEBUG - Processing ratio change (is_offset=False)
2026-05-09 21:05:39,993 - GT23.BorderPanel - DEBUG - _handle_ratio_locked_sync: ratio=原图, is_offset=False
2026-05-09 21:05:39,993 - GT23.BorderPanel - DEBUG - Input margins: l=180, r=180, t=180, b=585
2026-05-09 21:05:39,993 - GT23.BorderPanel - DEBUG - After ratio: left=180, right=180, top=180, bottom=585
2026-05-09 21:05:40,235 - GT23.BorderPanel - DEBUG - on_params_changed: is_offset=False, is_ratio_change=False
2026-05-09 21:05:40,235 - GT23.BorderPanel - DEBUG - v_offset: 0 -> 0, h_offset: 0 -> 0
2026-05-09 21:05:40,235 - GT23.BorderPanel - DEBUG - No specific layout detected. Using system defaults (180, 585).
2026-05-09 21:05:40,260 - GT23.BorderPanel - DEBUG - on_params_changed: is_offset=False, is_ratio_change=False
2026-05-09 21:05:40,260 - GT23.BorderPanel - DEBUG - v_offset: 0 -> 0, h_offset: 0 -> 0
2026-05-09 21:05:40,261 - GT23.BorderPanel - DEBUG - === _on_ratio_changed_aesthetic called ===
2026-05-09 21:05:40,261 - GT23.BorderPanel - DEBUG - Before: left=180, right=180, top=180, bottom=585
2026-05-09 21:05:40,261 - GT23.BorderPanel - DEBUG - v_offset=0, h_offset=0
2026-05-09 21:05:40,261 - GT23.BorderPanel - DEBUG - Ratio is 'Original' or non-preset. Restoring default margins for this image's format.
2026-05-09 21:05:40,262 - GT23.BorderPanel - DEBUG - Restored default margins for format: 6x6
2026-05-09 21:05:40,262 - GT23.BorderPanel - DEBUG - After reset/preset: left=270, right=270, top=270, bottom=810
2026-05-09 21:05:40,262 - GT23.BorderPanel - DEBUG - on_params_changed: is_offset=False, is_ratio_change=True
2026-05-09 21:05:40,262 - GT23.BorderPanel - DEBUG - v_offset: 0 -> 0, h_offset: 0 -> 0
2026-05-09 21:05:40,262 - GT23.BorderPanel - DEBUG - Processing ratio change (is_offset=False)
2026-05-09 21:05:40,262 - GT23.BorderPanel - DEBUG - _handle_ratio_locked_sync: ratio=原图, is_offset=False
2026-05-09 21:05:40,262 - GT23.BorderPanel - DEBUG - Input margins: l=270, r=270, t=270, b=810
2026-05-09 21:05:40,262 - GT23.BorderPanel - DEBUG - After ratio: left=270, right=270, top=270, bottom=810
2026-05-09 21:05:46,539 - GT23.BorderPanel - DEBUG - on_params_changed: is_offset=False, is_ratio_change=False
2026-05-09 21:05:46,539 - GT23.BorderPanel - DEBUG - v_offset: 0 -> 0, h_offset: 0 -> 0
2026-05-09 21:05:51,415 - GT23.BorderPanel - DEBUG - on_params_changed: is_offset=False, is_ratio_change=False
2026-05-09 21:05:51,415 - GT23.BorderPanel - DEBUG - v_offset: 0 -> 0, h_offset: 0 -> 0
2026-05-09 21:05:56,920 - GT23.BorderPanel - DEBUG - on_params_changed: is_offset=False, is_ratio_change=False
2026-05-09 21:05:56,921 - GT23.BorderPanel - DEBUG - v_offset: 0 -> 0, h_offset: 0 -> 0
2026-05-09 21:05:58,339 - GT23.BorderPanel - DEBUG - on_params_changed: is_offset=False, is_ratio_change=False
2026-05-09 21:05:58,340 - GT23.BorderPanel - DEBUG - v_offset: 0 -> 0, h_offset: 0 -> 0
2026-05-09 21:06:05,125 - GT23.BorderPanel - DEBUG - on_params_changed: is_offset=False, is_ratio_change=False
2026-05-09 21:06:05,125 - GT23.BorderPanel - DEBUG - v_offset: 0 -> 0, h_offset: 0 -> 0
2026-05-09 21:06:54,764 - GT23.BorderPanel - DEBUG - on_params_changed: is_offset=False, is_ratio_change=False
2026-05-09 21:06:54,764 - GT23.BorderPanel - DEBUG - v_offset: 0 -> 0, h_offset: 0 -> 0
2026-05-09 21:08:01,064 - GT23.BorderPanel - DEBUG - on_params_changed: is_offset=False, is_ratio_change=False
2026-05-09 21:08:01,064 - GT23.BorderPanel - DEBUG - v_offset: 0 -> 0, h_offset: 0 -> 0
2026-05-09 21:08:04,166 - GT23.BorderPanel - DEBUG - on_params_changed: is_offset=False, is_ratio_change=False
2026-05-09 21:08:04,167 - GT23.BorderPanel - DEBUG - v_offset: 0 -> 0, h_offset: 0 -> 0
2026-05-09 21:08:11,479 - GT23.BorderPanel - DEBUG - on_params_changed: is_offset=False, is_ratio_change=False
2026-05-09 21:08:11,479 - GT23.BorderPanel - DEBUG - v_offset: 0 -> 0, h_offset: 0 -> 0
2026-05-09 21:08:24,076 - GT23.BorderPanel - DEBUG - on_params_changed: is_offset=False, is_ratio_change=False
2026-05-09 21:08:24,076 - GT23.BorderPanel - DEBUG - v_offset: 0 -> 0, h_offset: 0 -> 0
2026-05-09 21:08:29,271 - GT23.BorderPanel - DEBUG - on_params_changed: is_offset=False, is_ratio_change=False
2026-05-09 21:08:29,271 - GT23.BorderPanel - DEBUG - v_offset: 0 -> 0, h_offset: 0 -> 0
2026-05-09 21:08:36,505 - GT23.BorderPanel - DEBUG - on_params_changed: is_offset=False, is_ratio_change=False
2026-05-09 21:08:36,505 - GT23.BorderPanel - DEBUG - v_offset: 0 -> 0, h_offset: 0 -> 0
2026-05-09 21:08:41,901 - GT23.BorderPanel - DEBUG - on_params_changed: is_offset=False, is_ratio_change=False
2026-05-09 21:08:41,902 - GT23.BorderPanel - DEBUG - v_offset: 0 -> 0, h_offset: 0 -> 0
2026-05-09 21:08:45,516 - GT23.BorderPanel - DEBUG - on_params_changed: is_offset=False, is_ratio_change=False
2026-05-09 21:08:45,516 - GT23.BorderPanel - DEBUG - v_offset: 0 -> 0, h_offset: 0 -> 0
2026-05-09 21:08:49,543 - GT23.BorderPanel - DEBUG - on_params_changed: is_offset=False, is_ratio_change=False
2026-05-09 21:08:49,543 - GT23.BorderPanel - DEBUG - v_offset: 0 -> 0, h_offset: 0 -> 0
2026-05-09 21:08:53,409 - GT23.BorderPanel - DEBUG - on_params_changed: is_offset=False, is_ratio_change=False
2026-05-09 21:08:53,409 - GT23.BorderPanel - DEBUG - v_offset: 0 -> 0, h_offset: 0 -> 0
2026-05-09 21:09:00,171 - GT23.BorderPanel - DEBUG - on_params_changed: is_offset=False, is_ratio_change=False
2026-05-09 21:09:00,171 - GT23.BorderPanel - DEBUG - v_offset: 0 -> 0, h_offset: 0 -> 0
2026-05-09 21:09:01,260 - GT23.BorderPanel - DEBUG - on_params_changed: is_offset=False, is_ratio_change=False
2026-05-09 21:09:01,260 - GT23.BorderPanel - DEBUG - v_offset: 0 -> 0, h_offset: 0 -> 0
2026-05-09 21:09:06,774 - GT23.BorderPanel - DEBUG - on_params_changed: is_offset=False, is_ratio_change=False
2026-05-09 21:09:06,774 - GT23.BorderPanel - DEBUG - v_offset: 0 -> 0, h_offset: 0 -> 0
2026-05-09 21:09:18,817 - GT23.BorderPanel - DEBUG - on_params_changed: is_offset=False, is_ratio_change=False
2026-05-09 21:09:18,818 - GT23.BorderPanel - DEBUG - v_offset: 0 -> 0, h_offset: 0 -> 0
2026-05-09 21:09:19,703 - GT23.BorderPanel - DEBUG - on_params_changed: is_offset=False, is_ratio_change=False
2026-05-09 21:09:19,703 - GT23.BorderPanel - DEBUG - v_offset: 0 -> 0, h_offset: 0 -> 0
2026-05-09 21:09:27,184 - GT23.BorderPanel - DEBUG - on_params_changed: is_offset=False, is_ratio_change=False
2026-05-09 21:09:27,185 - GT23.BorderPanel - DEBUG - v_offset: 0 -> 0, h_offset: 0 -> 0
2026-05-09 21:09:28,147 - GT23.BorderPanel - DEBUG - on_params_changed: is_offset=False, is_ratio_change=False
2026-05-09 21:09:28,147 - GT23.BorderPanel - DEBUG - v_offset: 0 -> 0, h_offset: 0 -> 0
2026-05-09 21:17:25,363 - GT23.BorderPanel - DEBUG - on_params_changed: is_offset=False, is_ratio_change=False
2026-05-09 21:17:25,364 - GT23.BorderPanel - DEBUG - v_offset: 0 -> 0, h_offset: 0 -> 0
2026-05-09 21:17:26,434 - GT23.BorderPanel - DEBUG - on_params_changed: is_offset=False, is_ratio_change=False
2026-05-09 21:17:26,434 - GT23.BorderPanel - DEBUG - v_offset: 0 -> 0, h_offset: 0 -> 0
2026-05-09 21:17:28,914 - GT23.BorderPanel - DEBUG - on_params_changed: is_offset=False, is_ratio_change=False
2026-05-09 21:17:28,914 - GT23.BorderPanel - DEBUG - v_offset: 0 -> 0, h_offset: 0 -> 0
2026-05-09 21:17:31,807 - GT23.BorderPanel - DEBUG - on_params_changed: is_offset=False, is_ratio_change=False
2026-05-09 21:17:31,807 - GT23.BorderPanel - DEBUG - v_offset: 0 -> 0, h_offset: 0 -> 0
2026-05-09 21:17:34,139 - GT23.BorderPanel - DEBUG - on_params_changed: is_offset=False, is_ratio_change=False
2026-05-09 21:17:34,139 - GT23.BorderPanel - DEBUG - v_offset: 0 -> 0, h_offset: 0 -> 0
2026-05-09 21:34:09,333 - GT23.BorderPanel - DEBUG - on_params_changed: is_offset=False, is_ratio_change=False
2026-05-09 21:34:09,333 - GT23.BorderPanel - DEBUG - v_offset: 0 -> 0, h_offset: 0 -> 0
2026-05-09 21:36:57,529 - GT23.BorderPanel - DEBUG - === _on_ratio_changed_aesthetic called ===
2026-05-09 21:36:57,529 - GT23.BorderPanel - DEBUG - Before: left=180, right=180, top=180, bottom=585
2026-05-09 21:36:57,529 - GT23.BorderPanel - DEBUG - v_offset=0, h_offset=0
2026-05-09 21:36:57,529 - GT23.BorderPanel - DEBUG - Ratio is 'Original' or non-preset. Restoring default margins for this image's format.
2026-05-09 21:36:57,529 - GT23.BorderPanel - DEBUG - After reset/preset: left=180, right=180, top=180, bottom=585
2026-05-09 21:36:57,698 - GT23.BorderPanel - DEBUG - No specific layout detected. Using system defaults (180, 585).
2026-05-09 21:36:57,711 - GT23.BorderPanel - DEBUG - on_params_changed: is_offset=False, is_ratio_change=True
2026-05-09 21:36:57,711 - GT23.BorderPanel - DEBUG - v_offset: 0 -> 0, h_offset: 0 -> 0
2026-05-09 21:36:57,711 - GT23.BorderPanel - DEBUG - Processing ratio change (is_offset=False)
2026-05-09 21:36:57,711 - GT23.BorderPanel - DEBUG - _handle_ratio_locked_sync: ratio=原图, is_offset=False
2026-05-09 21:36:57,711 - GT23.BorderPanel - DEBUG - Input margins: l=180, r=180, t=180, b=585
2026-05-09 21:36:57,711 - GT23.BorderPanel - DEBUG - After ratio: left=180, right=180, top=180, bottom=585
2026-05-09 21:36:57,935 - GT23.BorderPanel - DEBUG - on_params_changed: is_offset=False, is_ratio_change=False
2026-05-09 21:36:57,935 - GT23.BorderPanel - DEBUG - v_offset: 0 -> 0, h_offset: 0 -> 0
2026-05-09 21:36:57,935 - GT23.BorderPanel - DEBUG - No specific layout detected. Using system defaults (180, 585).
2026-05-09 21:36:57,960 - GT23.BorderPanel - DEBUG - on_params_changed: is_offset=False, is_ratio_change=False
2026-05-09 21:36:57,960 - GT23.BorderPanel - DEBUG - v_offset: 0 -> 0, h_offset: 0 -> 0
2026-05-09 21:36:57,960 - GT23.BorderPanel - DEBUG - === _on_ratio_changed_aesthetic called ===
2026-05-09 21:36:57,960 - GT23.BorderPanel - DEBUG - Before: left=180, right=180, top=180, bottom=585
2026-05-09 21:36:57,960 - GT23.BorderPanel - DEBUG - v_offset=0, h_offset=0
2026-05-09 21:36:57,960 - GT23.BorderPanel - DEBUG - Ratio is 'Original' or non-preset. Restoring default margins for this image's format.
2026-05-09 21:36:57,962 - GT23.BorderPanel - DEBUG - Restored default margins for format: 6x6
2026-05-09 21:36:57,962 - GT23.BorderPanel - DEBUG - After reset/preset: left=270, right=270, top=270, bottom=810
2026-05-09 21:36:57,963 - GT23.BorderPanel - DEBUG - on_params_changed: is_offset=False, is_ratio_change=True
2026-05-09 21:36:57,963 - GT23.BorderPanel - DEBUG - v_offset: 0 -> 0, h_offset: 0 -> 0
2026-05-09 21:36:57,963 - GT23.BorderPanel - DEBUG - Processing ratio change (is_offset=False)
2026-05-09 21:36:57,963 - GT23.BorderPanel - DEBUG - _handle_ratio_locked_sync: ratio=原图, is_offset=False
2026-05-09 21:36:57,963 - GT23.BorderPanel - DEBUG - Input margins: l=270, r=270, t=270, b=810
2026-05-09 21:36:57,963 - GT23.BorderPanel - DEBUG - After ratio: left=270, right=270, top=270, bottom=810
2026-05-09 21:37:04,321 - GT23.BorderPanel - DEBUG - on_params_changed: is_offset=False, is_ratio_change=False
2026-05-09 21:37:04,321 - GT23.BorderPanel - DEBUG - v_offset: 0 -> 0, h_offset: 0 -> 0
2026-05-09 21:37:08,760 - GT23.BorderPanel - DEBUG - on_params_changed: is_offset=False, is_ratio_change=False
2026-05-09 21:37:08,760 - GT23.BorderPanel - DEBUG - v_offset: 0 -> 0, h_offset: 0 -> 0
2026-05-09 21:37:09,781 - GT23.BorderPanel - DEBUG - on_params_changed: is_offset=False, is_ratio_change=False
2026-05-09 21:37:09,781 - GT23.BorderPanel - DEBUG - v_offset: 0 -> 0, h_offset: 0 -> 0
2026-05-09 21:37:15,387 - GT23.BorderPanel - DEBUG - on_params_changed: is_offset=False, is_ratio_change=False
2026-05-09 21:37:15,387 - GT23.BorderPanel - DEBUG - v_offset: 0 -> 0, h_offset: 0 -> 0
2026-05-09 21:37:20,726 - GT23.BorderPanel - DEBUG - on_params_changed: is_offset=False, is_ratio_change=False
2026-05-09 21:37:20,726 - GT23.BorderPanel - DEBUG - v_offset: 0 -> 0, h_offset: 0 -> 0
2026-05-09 21:37:23,190 - GT23.BorderPanel - DEBUG - on_params_changed: is_offset=False, is_ratio_change=False
2026-05-09 21:37:23,190 - GT23.BorderPanel - DEBUG - v_offset: 0 -> 0, h_offset: 0 -> 0
2026-05-09 21:37:27,217 - GT23.BorderPanel - DEBUG - on_params_changed: is_offset=False, is_ratio_change=False
2026-05-09 21:37:27,217 - GT23.BorderPanel - DEBUG - v_offset: 0 -> 0, h_offset: 0 -> 0
2026-05-09 21:37:32,577 - GT23.BorderPanel - DEBUG - on_params_changed: is_offset=False, is_ratio_change=False
2026-05-09 21:37:32,577 - GT23.BorderPanel - DEBUG - v_offset: 0 -> 0, h_offset: 0 -> 0
2026-05-09 21:37:33,333 - GT23.BorderPanel - DEBUG - on_params_changed: is_offset=False, is_ratio_change=False
2026-05-09 21:37:33,333 - GT23.BorderPanel - DEBUG - v_offset: 0 -> 0, h_offset: 0 -> 0
2026-05-09 21:37:38,986 - GT23.BorderPanel - DEBUG - on_params_changed: is_offset=False, is_ratio_change=False
2026-05-09 21:37:38,986 - GT23.BorderPanel - DEBUG - v_offset: 0 -> 0, h_offset: 0 -> 0
2026-05-09 21:37:42,144 - GT23.BorderPanel - DEBUG - on_params_changed: is_offset=False, is_ratio_change=False
2026-05-09 21:37:42,144 - GT23.BorderPanel - DEBUG - v_offset: 0 -> 0, h_offset: 0 -> 0
2026-05-09 21:37:49,135 - GT23.BorderPanel - DEBUG - on_params_changed: is_offset=False, is_ratio_change=False
2026-05-09 21:37:49,135 - GT23.BorderPanel - DEBUG - v_offset: 0 -> 0, h_offset: 0 -> 0
2026-05-09 21:38:23,706 - GT23.BorderPanel - DEBUG - on_params_changed: is_offset=False, is_ratio_change=False
2026-05-09 21:38:23,706 - GT23.BorderPanel - DEBUG - v_offset: 0 -> 0, h_offset: 0 -> 0
2026-05-09 21:38:31,043 - GT23.BorderPanel - DEBUG - on_params_changed: is_offset=False, is_ratio_change=False
2026-05-09 21:38:31,043 - GT23.BorderPanel - DEBUG - v_offset: 0 -> 0, h_offset: 0 -> 0
2026-05-09 21:38:32,100 - GT23.BorderPanel - DEBUG - === _on_ratio_changed_aesthetic called ===
2026-05-09 21:38:32,100 - GT23.BorderPanel - DEBUG - Before: left=2000, right=2000, top=270, bottom=810
2026-05-09 21:38:32,100 - GT23.BorderPanel - DEBUG - v_offset=0, h_offset=0
2026-05-09 21:38:32,100 - GT23.BorderPanel - DEBUG - After reset/preset: left=500, right=500, top=500, bottom=1200
2026-05-09 21:38:32,101 - GT23.BorderPanel - DEBUG - on_params_changed: is_offset=False, is_ratio_change=True
2026-05-09 21:38:32,101 - GT23.BorderPanel - DEBUG - v_offset: 0 -> 0, h_offset: 0 -> 0
2026-05-09 21:38:32,101 - GT23.BorderPanel - DEBUG - Processing ratio change (is_offset=False)
2026-05-09 21:38:32,101 - GT23.BorderPanel - DEBUG - _handle_ratio_locked_sync: ratio=1:1, is_offset=False
2026-05-09 21:38:32,101 - GT23.BorderPanel - DEBUG - Input margins: l=500, r=500, t=500, b=1200
2026-05-09 21:38:32,101 - GT23.BorderPanel - DEBUG - Final margins (Proportional): left=850, right=850.0, top=500, bottom=1200
2026-05-09 21:38:32,101 - GT23.BorderPanel - DEBUG - After ratio: left=850, right=850, top=500, bottom=1200
2026-05-09 21:38:32,102 - GT23.BorderPanel - DEBUG - on_params_changed: is_offset=False, is_ratio_change=False
2026-05-09 21:38:32,103 - GT23.BorderPanel - DEBUG - v_offset: 0 -> 0, h_offset: 0 -> 0
2026-05-09 21:38:37,705 - GT23.BorderPanel - DEBUG - on_params_changed: is_offset=False, is_ratio_change=False
2026-05-09 21:38:37,705 - GT23.BorderPanel - DEBUG - v_offset: 0 -> 0, h_offset: 0 -> 0
2026-05-09 21:38:40,011 - GT23.BorderPanel - DEBUG - on_params_changed: is_offset=False, is_ratio_change=False
2026-05-09 21:38:40,011 - GT23.BorderPanel - DEBUG - v_offset: 0 -> 0, h_offset: 0 -> 0
2026-05-09 21:38:49,542 - GT23.BorderPanel - DEBUG - on_params_changed: is_offset=False, is_ratio_change=False
2026-05-09 21:38:49,542 - GT23.BorderPanel - DEBUG - v_offset: 0 -> 0, h_offset: 0 -> 0
2026-05-09 21:39:07,396 - GT23.BorderPanel - DEBUG - on_params_changed: is_offset=False, is_ratio_change=False
2026-05-09 21:39:07,396 - GT23.BorderPanel - DEBUG - v_offset: 0 -> 0, h_offset: 0 -> 0
2026-05-09 21:39:11,662 - GT23.BorderPanel - DEBUG - on_params_changed: is_offset=False, is_ratio_change=False
2026-05-09 21:39:11,662 - GT23.BorderPanel - DEBUG - v_offset: 0 -> 0, h_offset: 0 -> 0
2026-05-09 21:39:12,789 - GT23.BorderPanel - DEBUG - on_params_changed: is_offset=False, is_ratio_change=False
2026-05-09 21:39:12,789 - GT23.BorderPanel - DEBUG - v_offset: 0 -> 0, h_offset: 0 -> 0
2026-05-09 21:39:17,332 - GT23.BorderPanel - DEBUG - on_params_changed: is_offset=False, is_ratio_change=False
2026-05-09 21:39:17,332 - GT23.BorderPanel - DEBUG - v_offset: 0 -> 0, h_offset: 0 -> 0
2026-05-09 21:39:20,558 - GT23.BorderPanel - DEBUG - on_params_changed: is_offset=False, is_ratio_change=False
2026-05-09 21:39:20,558 - GT23.BorderPanel - DEBUG - v_offset: 0 -> 0, h_offset: 0 -> 0
2026-05-09 21:39:21,296 - GT23.BorderPanel - DEBUG - on_params_changed: is_offset=False, is_ratio_change=False
2026-05-09 21:39:21,296 - GT23.BorderPanel - DEBUG - v_offset: 0 -> 0, h_offset: 0 -> 0
2026-05-09 21:39:25,246 - GT23.BorderPanel - DEBUG - on_params_changed: is_offset=False, is_ratio_change=False
2026-05-09 21:39:25,246 - GT23.BorderPanel - DEBUG - v_offset: 0 -> 0, h_offset: 0 -> 0
2026-05-09 21:39:28,858 - GT23.BorderPanel - DEBUG - on_params_changed: is_offset=False, is_ratio_change=False
2026-05-09 21:39:28,859 - GT23.BorderPanel - DEBUG - v_offset: 0 -> 0, h_offset: 0 -> 0
2026-05-09 21:39:30,799 - GT23.BorderPanel - DEBUG - on_params_changed: is_offset=False, is_ratio_change=False
2026-05-09 21:39:30,799 - GT23.BorderPanel - DEBUG - v_offset: 0 -> 0, h_offset: 0 -> 0
2026-05-09 21:39:33,649 - GT23.BorderPanel - DEBUG - on_params_changed: is_offset=False, is_ratio_change=False
2026-05-09 21:39:33,649 - GT23.BorderPanel - DEBUG - v_offset: 0 -> 0, h_offset: 0 -> 0
2026-05-09 21:39:36,399 - GT23.BorderPanel - DEBUG - on_params_changed: is_offset=False, is_ratio_change=False
2026-05-09 21:39:36,399 - GT23.BorderPanel - DEBUG - v_offset: 0 -> 0, h_offset: 0 -> 0
2026-05-09 21:39:44,652 - GT23.BorderPanel - DEBUG - on_params_changed: is_offset=False, is_ratio_change=False
2026-05-09 21:39:44,652 - GT23.BorderPanel - DEBUG - v_offset: 0 -> 0, h_offset: 0 -> 0
2026-05-09 21:39:52,492 - GT23.BorderPanel - DEBUG - on_params_changed: is_offset=False, is_ratio_change=False
2026-05-09 21:39:52,492 - GT23.BorderPanel - DEBUG - v_offset: 0 -> 0, h_offset: 0 -> 0
2026-05-09 21:39:55,600 - GT23.BorderPanel - DEBUG - on_params_changed: is_offset=False, is_ratio_change=False
2026-05-09 21:39:55,600 - GT23.BorderPanel - DEBUG - v_offset: 0 -> 0, h_offset: 0 -> 0
2026-05-09 21:40:59,115 - GT23.BorderPanel - DEBUG - on_params_changed: is_offset=False, is_ratio_change=False
2026-05-09 21:40:59,115 - GT23.BorderPanel - DEBUG - v_offset: 0 -> 0, h_offset: 0 -> 0
2026-05-09 21:41:01,955 - GT23.BorderPanel - DEBUG - === _on_ratio_changed_aesthetic called ===
2026-05-09 21:41:01,955 - GT23.BorderPanel - DEBUG - Before: left=180, right=180, top=180, bottom=585
2026-05-09 21:41:01,955 - GT23.BorderPanel - DEBUG - v_offset=0, h_offset=0
2026-05-09 21:41:01,955 - GT23.BorderPanel - DEBUG - Ratio is 'Original' or non-preset. Restoring default margins for this image's format.
2026-05-09 21:41:01,955 - GT23.BorderPanel - DEBUG - After reset/preset: left=180, right=180, top=180, bottom=585
2026-05-09 21:41:02,118 - GT23.BorderPanel - DEBUG - No specific layout detected. Using system defaults (180, 585).
2026-05-09 21:41:02,135 - GT23.BorderPanel - DEBUG - on_params_changed: is_offset=False, is_ratio_change=True
2026-05-09 21:41:02,135 - GT23.BorderPanel - DEBUG - v_offset: 0 -> 0, h_offset: 0 -> 0
2026-05-09 21:41:02,135 - GT23.BorderPanel - DEBUG - Processing ratio change (is_offset=False)
2026-05-09 21:41:02,135 - GT23.BorderPanel - DEBUG - _handle_ratio_locked_sync: ratio=原图, is_offset=False
2026-05-09 21:41:02,135 - GT23.BorderPanel - DEBUG - Input margins: l=180, r=180, t=180, b=585
2026-05-09 21:41:02,135 - GT23.BorderPanel - DEBUG - After ratio: left=180, right=180, top=180, bottom=585
2026-05-09 21:41:02,358 - GT23.BorderPanel - DEBUG - on_params_changed: is_offset=False, is_ratio_change=False
2026-05-09 21:41:02,359 - GT23.BorderPanel - DEBUG - v_offset: 0 -> 0, h_offset: 0 -> 0
2026-05-09 21:41:02,359 - GT23.BorderPanel - DEBUG - No specific layout detected. Using system defaults (180, 585).
2026-05-09 21:41:02,387 - GT23.BorderPanel - DEBUG - on_params_changed: is_offset=False, is_ratio_change=False
2026-05-09 21:41:02,387 - GT23.BorderPanel - DEBUG - v_offset: 0 -> 0, h_offset: 0 -> 0
2026-05-09 21:41:02,387 - GT23.BorderPanel - DEBUG - === _on_ratio_changed_aesthetic called ===
2026-05-09 21:41:02,387 - GT23.BorderPanel - DEBUG - Before: left=180, right=180, top=180, bottom=585
2026-05-09 21:41:02,387 - GT23.BorderPanel - DEBUG - v_offset=0, h_offset=0
2026-05-09 21:41:02,387 - GT23.BorderPanel - DEBUG - Ratio is 'Original' or non-preset. Restoring default margins for this image's format.
2026-05-09 21:41:02,388 - GT23.BorderPanel - DEBUG - Restored default margins for format: 6x6
2026-05-09 21:41:02,389 - GT23.BorderPanel - DEBUG - After reset/preset: left=270, right=270, top=270, bottom=810
2026-05-09 21:41:02,389 - GT23.BorderPanel - DEBUG - on_params_changed: is_offset=False, is_ratio_change=True
2026-05-09 21:41:02,389 - GT23.BorderPanel - DEBUG - v_offset: 0 -> 0, h_offset: 0 -> 0
2026-05-09 21:41:02,389 - GT23.BorderPanel - DEBUG - Processing ratio change (is_offset=False)
2026-05-09 21:41:02,389 - GT23.BorderPanel - DEBUG - _handle_ratio_locked_sync: ratio=原图, is_offset=False
2026-05-09 21:41:02,389 - GT23.BorderPanel - DEBUG - Input margins: l=270, r=270, t=270, b=810
2026-05-09 21:41:02,389 - GT23.BorderPanel - DEBUG - After ratio: left=270, right=270, top=270, bottom=810
2026-05-09 21:41:06,906 - GT23.BorderPanel - DEBUG - on_params_changed: is_offset=False, is_ratio_change=False
2026-05-09 21:41:06,906 - GT23.BorderPanel - DEBUG - v_offset: 0 -> 0, h_offset: 0 -> 0
2026-05-09 21:41:13,010 - GT23.BorderPanel - DEBUG - on_params_changed: is_offset=False, is_ratio_change=False
2026-05-09 21:41:13,010 - GT23.BorderPanel - DEBUG - v_offset: 0 -> 0, h_offset: 0 -> 0
2026-05-09 21:41:16,300 - GT23.BorderPanel - DEBUG - on_params_changed: is_offset=False, is_ratio_change=False
2026-05-09 21:41:16,300 - GT23.BorderPanel - DEBUG - v_offset: 0 -> 0, h_offset: 0 -> 0
2026-05-09 21:41:21,767 - GT23.BorderPanel - DEBUG - on_params_changed: is_offset=False, is_ratio_change=False
2026-05-09 21:41:21,767 - GT23.BorderPanel - DEBUG - v_offset: 0 -> 0, h_offset: 0 -> 0
2026-05-09 21:41:30,850 - GT23.BorderPanel - DEBUG - on_params_changed: is_offset=False, is_ratio_change=False
2026-05-09 21:41:30,851 - GT23.BorderPanel - DEBUG - v_offset: 0 -> 0, h_offset: 0 -> 0
2026-05-09 21:42:08,053 - GT23.BorderPanel - DEBUG - === _on_ratio_changed_aesthetic called ===
2026-05-09 21:42:08,053 - GT23.BorderPanel - DEBUG - Before: left=180, right=180, top=180, bottom=585
2026-05-09 21:42:08,053 - GT23.BorderPanel - DEBUG - v_offset=0, h_offset=0
2026-05-09 21:42:08,053 - GT23.BorderPanel - DEBUG - Ratio is 'Original' or non-preset. Restoring default margins for this image's format.
2026-05-09 21:42:08,053 - GT23.BorderPanel - DEBUG - After reset/preset: left=180, right=180, top=180, bottom=585
2026-05-09 21:42:08,148 - GT23.BorderPanel - DEBUG - No specific layout detected. Using system defaults (180, 585).
2026-05-09 21:42:08,166 - GT23.BorderPanel - DEBUG - on_params_changed: is_offset=False, is_ratio_change=True
2026-05-09 21:42:08,166 - GT23.BorderPanel - DEBUG - v_offset: 0 -> 0, h_offset: 0 -> 0
2026-05-09 21:42:08,166 - GT23.BorderPanel - DEBUG - Processing ratio change (is_offset=False)
2026-05-09 21:42:08,166 - GT23.BorderPanel - DEBUG - _handle_ratio_locked_sync: ratio=原图, is_offset=False
2026-05-09 21:42:08,166 - GT23.BorderPanel - DEBUG - Input margins: l=180, r=180, t=180, b=585
2026-05-09 21:42:08,166 - GT23.BorderPanel - DEBUG - After ratio: left=180, right=180, top=180, bottom=585
2026-05-09 21:42:08,383 - GT23.BorderPanel - DEBUG - on_params_changed: is_offset=False, is_ratio_change=False
2026-05-09 21:42:08,383 - GT23.BorderPanel - DEBUG - v_offset: 0 -> 0, h_offset: 0 -> 0
2026-05-09 21:42:08,383 - GT23.BorderPanel - DEBUG - No specific layout detected. Using system defaults (180, 585).
2026-05-09 21:42:08,411 - GT23.BorderPanel - DEBUG - on_params_changed: is_offset=False, is_ratio_change=False
2026-05-09 21:42:08,412 - GT23.BorderPanel - DEBUG - v_offset: 0 -> 0, h_offset: 0 -> 0
2026-05-09 21:42:08,412 - GT23.BorderPanel - DEBUG - === _on_ratio_changed_aesthetic called ===
2026-05-09 21:42:08,412 - GT23.BorderPanel - DEBUG - Before: left=180, right=180, top=180, bottom=585
2026-05-09 21:42:08,412 - GT23.BorderPanel - DEBUG - v_offset=0, h_offset=0
2026-05-09 21:42:08,412 - GT23.BorderPanel - DEBUG - Ratio is 'Original' or non-preset. Restoring default margins for this image's format.
2026-05-09 21:42:08,413 - GT23.BorderPanel - DEBUG - Restored default margins for format: 6x6
2026-05-09 21:42:08,413 - GT23.BorderPanel - DEBUG - After reset/preset: left=270, right=270, top=270, bottom=810
2026-05-09 21:42:08,413 - GT23.BorderPanel - DEBUG - on_params_changed: is_offset=False, is_ratio_change=True
2026-05-09 21:42:08,413 - GT23.BorderPanel - DEBUG - v_offset: 0 -> 0, h_offset: 0 -> 0
2026-05-09 21:42:08,413 - GT23.BorderPanel - DEBUG - Processing ratio change (is_offset=False)
2026-05-09 21:42:08,413 - GT23.BorderPanel - DEBUG - _handle_ratio_locked_sync: ratio=原图, is_offset=False
2026-05-09 21:42:08,413 - GT23.BorderPanel - DEBUG - Input margins: l=270, r=270, t=270, b=810
2026-05-09 21:42:08,413 - GT23.BorderPanel - DEBUG - After ratio: left=270, right=270, top=270, bottom=810
2026-05-09 21:42:12,241 - GT23.BorderPanel - DEBUG - on_params_changed: is_offset=False, is_ratio_change=False
2026-05-09 21:42:12,241 - GT23.BorderPanel - DEBUG - v_offset: 0 -> 0, h_offset: 0 -> 0
2026-05-09 21:42:15,662 - GT23.BorderPanel - DEBUG - on_params_changed: is_offset=False, is_ratio_change=False
2026-05-09 21:42:15,662 - GT23.BorderPanel - DEBUG - v_offset: 0 -> 0, h_offset: 0 -> 0
2026-05-09 21:42:24,951 - GT23.BorderPanel - DEBUG - on_params_changed: is_offset=False, is_ratio_change=False
2026-05-09 21:42:24,951 - GT23.BorderPanel - DEBUG - v_offset: 0 -> 0, h_offset: 0 -> 0
2026-05-09 21:42:48,760 - GT23.BorderPanel - DEBUG - on_params_changed: is_offset=False, is_ratio_change=False
2026-05-09 21:42:48,760 - GT23.BorderPanel - DEBUG - v_offset: 0 -> 0, h_offset: 0 -> 0
2026-05-09 21:42:50,500 - GT23.BorderPanel - DEBUG - on_params_changed: is_offset=False, is_ratio_change=False
2026-05-09 21:42:50,500 - GT23.BorderPanel - DEBUG - v_offset: 0 -> 0, h_offset: 0 -> 0
2026-05-09 21:42:55,197 - GT23.BorderPanel - DEBUG - on_params_changed: is_offset=False, is_ratio_change=False
2026-05-09 21:42:55,197 - GT23.BorderPanel - DEBUG - v_offset: 0 -> 0, h_offset: 0 -> 0
2026-05-09 21:43:07,621 - GT23.BorderPanel - DEBUG - on_params_changed: is_offset=False, is_ratio_change=False
2026-05-09 21:43:07,621 - GT23.BorderPanel - DEBUG - v_offset: 0 -> 0, h_offset: 0 -> 0
2026-05-09 21:44:03,324 - GT23.BorderPanel - DEBUG - === _on_ratio_changed_aesthetic called ===
2026-05-09 21:44:03,324 - GT23.BorderPanel - DEBUG - Before: left=180, right=180, top=180, bottom=585
2026-05-09 21:44:03,324 - GT23.BorderPanel - DEBUG - v_offset=0, h_offset=0
2026-05-09 21:44:03,324 - GT23.BorderPanel - DEBUG - Ratio is 'Original' or non-preset. Restoring default margins for this image's format.
2026-05-09 21:44:03,324 - GT23.BorderPanel - DEBUG - After reset/preset: left=180, right=180, top=180, bottom=585
